case_id	candidate	family	semantic_depth	mode	rep	i_refs	tree_steps	root_selections	bits_consumed	generator_apps	registry_lookups	residue_lookups	cache_hits	cache_misses	allocations	allocated_bytes	object_bytes	wire_bits	compiler_phase	machine_insts	code_bytes	loads	stores	branches	calls	spills	corpus_sha	binary_sha	git_sha	guix_channels_sha	cpu	valgrind_version	mutation_class	expectation	canonical_drift	detail
base/rename-helper+alpha-rename/1	canonical-definitional	base	0	canonical-invariance	1		9				2																d4f5a689e76f19bd						rename-helper+alpha-rename	preserve	0	invariant
base/rename-helper+alpha-rename+inline-helper/2	canonical-definitional	base	0	canonical-invariance	2		9				2																d4f5a689e76f19bd						rename-helper+alpha-rename+inline-helper	preserve	0	invariant
base/rename-helper/3	canonical-definitional	base	0	canonical-invariance	3		9				2																d4f5a689e76f19bd						rename-helper	preserve	0	invariant
base/rename-helper+alpha-rename/4	canonical-definitional	base	0	canonical-invariance	4		9				2																d4f5a689e76f19bd						rename-helper+alpha-rename	preserve	0	invariant
base/rename-helper+alpha-rename+inline-helper/5	canonical-definitional	base	0	canonical-invariance	5		9				2																d4f5a689e76f19bd						rename-helper+alpha-rename+inline-helper	preserve	0	invariant
base/rename-helper/6	canonical-definitional	base	0	canonical-invariance	6		9				2																d4f5a689e76f19bd						rename-helper	preserve	0	invariant
base/rename-helper+alpha-rename/7	canonical-definitional	base	0	canonical-invariance	7		9				2																d4f5a689e76f19bd						rename-helper+alpha-rename	preserve	0	invariant
base/rename-helper+alpha-rename+inline-helper/8	canonical-definitional	base	0	canonical-invariance	8		9				2																d4f5a689e76f19bd						rename-helper+alpha-rename+inline-helper	preserve	0	invariant
base/rename-helper/9	canonical-definitional	base	0	canonical-invariance	9		9				2																d4f5a689e76f19bd						rename-helper	preserve	0	invariant
base/rename-helper+alpha-rename/10	canonical-definitional	base	0	canonical-invariance	10		9				2																d4f5a689e76f19bd						rename-helper+alpha-rename	preserve	0	invariant
base/rename-helper+alpha-rename+inline-helper/11	canonical-definitional	base	0	canonical-invariance	11		9				2																d4f5a689e76f19bd						rename-helper+alpha-rename+inline-helper	preserve	0	invariant
base/rename-helper/12	canonical-definitional	base	0	canonical-invariance	12		9				2																d4f5a689e76f19bd						rename-helper	preserve	0	invariant
base/rename-helper+alpha-rename/13	canonical-definitional	base	0	canonical-invariance	13		9				2																d4f5a689e76f19bd						rename-helper+alpha-rename	preserve	0	invariant
base/rename-helper+alpha-rename+inline-helper/14	canonical-definitional	base	0	canonical-invariance	14		9				2																d4f5a689e76f19bd						rename-helper+alpha-rename+inline-helper	preserve	0	invariant
base/rename-helper/15	canonical-definitional	base	0	canonical-invariance	15		9				2																d4f5a689e76f19bd						rename-helper	preserve	0	invariant
base/rename-helper+alpha-rename/16	canonical-definitional	base	0	canonical-invariance	16		9				2																d4f5a689e76f19bd						rename-helper+alpha-rename	preserve	0	invariant
base/rename-helper+alpha-rename+inline-helper/17	canonical-definitional	base	0	canonical-invariance	17		9				2																d4f5a689e76f19bd						rename-helper+alpha-rename+inline-helper	preserve	0	invariant
base/rename-helper/18	canonical-definitional	base	0	canonical-invariance	18		9				2																d4f5a689e76f19bd						rename-helper	preserve	0	invariant
base/rename-helper+alpha-rename/19	canonical-definitional	base	0	canonical-invariance	19		9				2																d4f5a689e76f19bd						rename-helper+alpha-rename	preserve	0	invariant
base/rename-helper+alpha-rename+inline-helper/20	canonical-definitional	base	0	canonical-invariance	20		9				2																d4f5a689e76f19bd						rename-helper+alpha-rename+inline-helper	preserve	0	invariant
base/rename-helper/21	canonical-definitional	base	0	canonical-invariance	21		9				2																d4f5a689e76f19bd						rename-helper	preserve	0	invariant
base/rename-helper+alpha-rename/22	canonical-definitional	base	0	canonical-invariance	22		9				2																d4f5a689e76f19bd						rename-helper+alpha-rename	preserve	0	invariant
base/rename-helper+alpha-rename+inline-helper/23	canonical-definitional	base	0	canonical-invariance	23		9				2																d4f5a689e76f19bd						rename-helper+alpha-rename+inline-helper	preserve	0	invariant
base/rename-helper/24	canonical-definitional	base	0	canonical-invariance	24		9				2																d4f5a689e76f19bd						rename-helper	preserve	0	invariant
base/rename-helper+alpha-rename/25	canonical-definitional	base	0	canonical-invariance	25		9				2																d4f5a689e76f19bd						rename-helper+alpha-rename	preserve	0	invariant
base/rename-helper+alpha-rename+inline-helper/26	canonical-definitional	base	0	canonical-invariance	26		9				2																d4f5a689e76f19bd						rename-helper+alpha-rename+inline-helper	preserve	0	invariant
base/rename-helper/27	canonical-definitional	base	0	canonical-invariance	27		9				2																d4f5a689e76f19bd						rename-helper	preserve	0	invariant
base/rename-helper+alpha-rename/28	canonical-definitional	base	0	canonical-invariance	28		9				2																d4f5a689e76f19bd						rename-helper+alpha-rename	preserve	0	invariant
base/rename-helper+alpha-rename+inline-helper/29	canonical-definitional	base	0	canonical-invariance	29		9				2																d4f5a689e76f19bd						rename-helper+alpha-rename+inline-helper	preserve	0	invariant
base/rename-helper/30	canonical-definitional	base	0	canonical-invariance	30		9				2																d4f5a689e76f19bd						rename-helper	preserve	0	invariant
base/rename-helper+alpha-rename/31	canonical-definitional	base	0	canonical-invariance	31		9				2																d4f5a689e76f19bd						rename-helper+alpha-rename	preserve	0	invariant
base/rename-helper+alpha-rename+inline-helper/32	canonical-definitional	base	0	canonical-invariance	32		9				2																d4f5a689e76f19bd						rename-helper+alpha-rename+inline-helper	preserve	0	invariant
base/rename-helper/33	canonical-definitional	base	0	canonical-invariance	33		9				2																d4f5a689e76f19bd						rename-helper	preserve	0	invariant
base/rename-helper+alpha-rename/34	canonical-definitional	base	0	canonical-invariance	34		9				2																d4f5a689e76f19bd						rename-helper+alpha-rename	preserve	0	invariant
base/rename-helper+alpha-rename+inline-helper/35	canonical-definitional	base	0	canonical-invariance	35		9				2																d4f5a689e76f19bd						rename-helper+alpha-rename+inline-helper	preserve	0	invariant
base/rename-helper/36	canonical-definitional	base	0	canonical-invariance	36		9				2																d4f5a689e76f19bd						rename-helper	preserve	0	invariant
base/rename-helper+alpha-rename/37	canonical-definitional	base	0	canonical-invariance	37		9				2																d4f5a689e76f19bd						rename-helper+alpha-rename	preserve	0	invariant
base/rename-helper+alpha-rename+inline-helper/38	canonical-definitional	base	0	canonical-invariance	38		9				2																d4f5a689e76f19bd						rename-helper+alpha-rename+inline-helper	preserve	0	invariant
base/rename-helper/39	canonical-definitional	base	0	canonical-invariance	39		9				2																d4f5a689e76f19bd						rename-helper	preserve	0	invariant
base/rename-helper+alpha-rename/40	canonical-definitional	base	0	canonical-invariance	40		9				2																d4f5a689e76f19bd						rename-helper+alpha-rename	preserve	0	invariant
base/rename-helper+alpha-rename+inline-helper/41	canonical-definitional	base	0	canonical-invariance	41		9				2																d4f5a689e76f19bd						rename-helper+alpha-rename+inline-helper	preserve	0	invariant
base/rename-helper/42	canonical-definitional	base	0	canonical-invariance	42		9				2																d4f5a689e76f19bd						rename-helper	preserve	0	invariant
base/rename-helper+alpha-rename/43	canonical-definitional	base	0	canonical-invariance	43		9				2																d4f5a689e76f19bd						rename-helper+alpha-rename	preserve	0	invariant
base/rename-helper+alpha-rename+inline-helper/44	canonical-definitional	base	0	canonical-invariance	44		9				2																d4f5a689e76f19bd						rename-helper+alpha-rename+inline-helper	preserve	0	invariant
base/rename-helper/45	canonical-definitional	base	0	canonical-invariance	45		9				2																d4f5a689e76f19bd						rename-helper	preserve	0	invariant
base/rename-helper+alpha-rename/46	canonical-definitional	base	0	canonical-invariance	46		9				2																d4f5a689e76f19bd						rename-helper+alpha-rename	preserve	0	invariant
base/rename-helper+alpha-rename+inline-helper/47	canonical-definitional	base	0	canonical-invariance	47		9				2																d4f5a689e76f19bd						rename-helper+alpha-rename+inline-helper	preserve	0	invariant
base/rename-helper/48	canonical-definitional	base	0	canonical-invariance	48		9				2																d4f5a689e76f19bd						rename-helper	preserve	0	invariant
base/rename-helper+alpha-rename/49	canonical-definitional	base	0	canonical-invariance	49		9				2																d4f5a689e76f19bd						rename-helper+alpha-rename	preserve	0	invariant
base/rename-helper+alpha-rename+inline-helper/50	canonical-definitional	base	0	canonical-invariance	50		9				2																d4f5a689e76f19bd						rename-helper+alpha-rename+inline-helper	preserve	0	invariant
base/rename-helper/51	canonical-definitional	base	0	canonical-invariance	51		9				2																d4f5a689e76f19bd						rename-helper	preserve	0	invariant
base/rename-helper+alpha-rename/52	canonical-definitional	base	0	canonical-invariance	52		9				2																d4f5a689e76f19bd						rename-helper+alpha-rename	preserve	0	invariant
base/rename-helper+alpha-rename+inline-helper/53	canonical-definitional	base	0	canonical-invariance	53		9				2																d4f5a689e76f19bd						rename-helper+alpha-rename+inline-helper	preserve	0	invariant
base/rename-helper/54	canonical-definitional	base	0	canonical-invariance	54		9				2																d4f5a689e76f19bd						rename-helper	preserve	0	invariant
base/rename-helper+alpha-rename/55	canonical-definitional	base	0	canonical-invariance	55		9				2																d4f5a689e76f19bd						rename-helper+alpha-rename	preserve	0	invariant
base/rename-helper+alpha-rename+inline-helper/56	canonical-definitional	base	0	canonical-invariance	56		9				2																d4f5a689e76f19bd						rename-helper+alpha-rename+inline-helper	preserve	0	invariant
base/rename-helper/57	canonical-definitional	base	0	canonical-invariance	57		9				2																d4f5a689e76f19bd						rename-helper	preserve	0	invariant
base/rename-helper+alpha-rename/58	canonical-definitional	base	0	canonical-invariance	58		9				2																d4f5a689e76f19bd						rename-helper+alpha-rename	preserve	0	invariant
base/rename-helper+alpha-rename+inline-helper/59	canonical-definitional	base	0	canonical-invariance	59		9				2																d4f5a689e76f19bd						rename-helper+alpha-rename+inline-helper	preserve	0	invariant
base/rename-helper/60	canonical-definitional	base	0	canonical-invariance	60		9				2																d4f5a689e76f19bd						rename-helper	preserve	0	invariant
base/rename-helper+alpha-rename/61	canonical-definitional	base	0	canonical-invariance	61		9				2																d4f5a689e76f19bd						rename-helper+alpha-rename	preserve	0	invariant
base/rename-helper+alpha-rename+inline-helper/62	canonical-definitional	base	0	canonical-invariance	62		9				2																d4f5a689e76f19bd						rename-helper+alpha-rename+inline-helper	preserve	0	invariant
base/rename-helper/63	canonical-definitional	base	0	canonical-invariance	63		9				2																d4f5a689e76f19bd						rename-helper	preserve	0	invariant
base/rename-helper+alpha-rename/64	canonical-definitional	base	0	canonical-invariance	64		9				2																d4f5a689e76f19bd						rename-helper+alpha-rename	preserve	0	invariant
base/rename-helper+alpha-rename+inline-helper/65	canonical-definitional	base	0	canonical-invariance	65		9				2																d4f5a689e76f19bd						rename-helper+alpha-rename+inline-helper	preserve	0	invariant
base/rename-helper/66	canonical-definitional	base	0	canonical-invariance	66		9				2																d4f5a689e76f19bd						rename-helper	preserve	0	invariant
base/rename-helper+alpha-rename/67	canonical-definitional	base	0	canonical-invariance	67		9				2																d4f5a689e76f19bd						rename-helper+alpha-rename	preserve	0	invariant
base/rename-helper+alpha-rename+inline-helper/68	canonical-definitional	base	0	canonical-invariance	68		9				2																d4f5a689e76f19bd						rename-helper+alpha-rename+inline-helper	preserve	0	invariant
base/rename-helper/69	canonical-definitional	base	0	canonical-invariance	69		9				2																d4f5a689e76f19bd						rename-helper	preserve	0	invariant
base/rename-helper+alpha-rename/70	canonical-definitional	base	0	canonical-invariance	70		9				2																d4f5a689e76f19bd						rename-helper+alpha-rename	preserve	0	invariant
base/rename-helper+alpha-rename+inline-helper/71	canonical-definitional	base	0	canonical-invariance	71		9				2																d4f5a689e76f19bd						rename-helper+alpha-rename+inline-helper	preserve	0	invariant
base/rename-helper/72	canonical-definitional	base	0	canonical-invariance	72		9				2																d4f5a689e76f19bd						rename-helper	preserve	0	invariant
base/rename-helper+alpha-rename/73	canonical-definitional	base	0	canonical-invariance	73		9				2																d4f5a689e76f19bd						rename-helper+alpha-rename	preserve	0	invariant
base/rename-helper+alpha-rename+inline-helper/74	canonical-definitional	base	0	canonical-invariance	74		9				2																d4f5a689e76f19bd						rename-helper+alpha-rename+inline-helper	preserve	0	invariant
base/rename-helper/75	canonical-definitional	base	0	canonical-invariance	75		9				2																d4f5a689e76f19bd						rename-helper	preserve	0	invariant
base/rename-helper+alpha-rename/76	canonical-definitional	base	0	canonical-invariance	76		9				2																d4f5a689e76f19bd						rename-helper+alpha-rename	preserve	0	invariant
base/rename-helper+alpha-rename+inline-helper/77	canonical-definitional	base	0	canonical-invariance	77		9				2																d4f5a689e76f19bd						rename-helper+alpha-rename+inline-helper	preserve	0	invariant
base/rename-helper/78	canonical-definitional	base	0	canonical-invariance	78		9				2																d4f5a689e76f19bd						rename-helper	preserve	0	invariant
base/rename-helper+alpha-rename/79	canonical-definitional	base	0	canonical-invariance	79		9				2																d4f5a689e76f19bd						rename-helper+alpha-rename	preserve	0	invariant
base/rename-helper+alpha-rename+inline-helper/80	canonical-definitional	base	0	canonical-invariance	80		9				2																d4f5a689e76f19bd						rename-helper+alpha-rename+inline-helper	preserve	0	invariant
base/rename-helper/81	canonical-definitional	base	0	canonical-invariance	81		9				2																d4f5a689e76f19bd						rename-helper	preserve	0	invariant
base/rename-helper+alpha-rename/82	canonical-definitional	base	0	canonical-invariance	82		9				2																d4f5a689e76f19bd						rename-helper+alpha-rename	preserve	0	invariant
base/rename-helper+alpha-rename+inline-helper/83	canonical-definitional	base	0	canonical-invariance	83		9				2																d4f5a689e76f19bd						rename-helper+alpha-rename+inline-helper	preserve	0	invariant
base/rename-helper/84	canonical-definitional	base	0	canonical-invariance	84		9				2																d4f5a689e76f19bd						rename-helper	preserve	0	invariant
base/rename-helper+alpha-rename/85	canonical-definitional	base	0	canonical-invariance	85		9				2																d4f5a689e76f19bd						rename-helper+alpha-rename	preserve	0	invariant
base/rename-helper+alpha-rename+inline-helper/86	canonical-definitional	base	0	canonical-invariance	86		9				2																d4f5a689e76f19bd						rename-helper+alpha-rename+inline-helper	preserve	0	invariant
base/rename-helper/87	canonical-definitional	base	0	canonical-invariance	87		9				2																d4f5a689e76f19bd						rename-helper	preserve	0	invariant
base/rename-helper+alpha-rename/88	canonical-definitional	base	0	canonical-invariance	88		9				2																d4f5a689e76f19bd						rename-helper+alpha-rename	preserve	0	invariant
base/rename-helper+alpha-rename+inline-helper/89	canonical-definitional	base	0	canonical-invariance	89		9				2																d4f5a689e76f19bd						rename-helper+alpha-rename+inline-helper	preserve	0	invariant
base/rename-helper/90	canonical-definitional	base	0	canonical-invariance	90		9				2																d4f5a689e76f19bd						rename-helper	preserve	0	invariant
base/rename-helper+alpha-rename/91	canonical-definitional	base	0	canonical-invariance	91		9				2																d4f5a689e76f19bd						rename-helper+alpha-rename	preserve	0	invariant
base/rename-helper+alpha-rename+inline-helper/92	canonical-definitional	base	0	canonical-invariance	92		9				2																d4f5a689e76f19bd						rename-helper+alpha-rename+inline-helper	preserve	0	invariant
base/rename-helper/93	canonical-definitional	base	0	canonical-invariance	93		9				2																d4f5a689e76f19bd						rename-helper	preserve	0	invariant
base/rename-helper+alpha-rename/94	canonical-definitional	base	0	canonical-invariance	94		9				2																d4f5a689e76f19bd						rename-helper+alpha-rename	preserve	0	invariant
base/rename-helper+alpha-rename+inline-helper/95	canonical-definitional	base	0	canonical-invariance	95		9				2																d4f5a689e76f19bd						rename-helper+alpha-rename+inline-helper	preserve	0	invariant
base/rename-helper/96	canonical-definitional	base	0	canonical-invariance	96		9				2																d4f5a689e76f19bd						rename-helper	preserve	0	invariant
base/rename-helper+alpha-rename/97	canonical-definitional	base	0	canonical-invariance	97		9				2																d4f5a689e76f19bd						rename-helper+alpha-rename	preserve	0	invariant
base/rename-helper+alpha-rename+inline-helper/98	canonical-definitional	base	0	canonical-invariance	98		9				2																d4f5a689e76f19bd						rename-helper+alpha-rename+inline-helper	preserve	0	invariant
base/rename-helper/99	canonical-definitional	base	0	canonical-invariance	99		9				2																d4f5a689e76f19bd						rename-helper	preserve	0	invariant
base/rename-helper+alpha-rename/100	canonical-definitional	base	0	canonical-invariance	100		9				2																d4f5a689e76f19bd						rename-helper+alpha-rename	preserve	0	invariant
base/rename-helper+alpha-rename+inline-helper/101	canonical-definitional	base	0	canonical-invariance	101		9				2																d4f5a689e76f19bd						rename-helper+alpha-rename+inline-helper	preserve	0	invariant
base/rename-helper/102	canonical-definitional	base	0	canonical-invariance	102		9				2																d4f5a689e76f19bd						rename-helper	preserve	0	invariant
base/rename-helper+alpha-rename/103	canonical-definitional	base	0	canonical-invariance	103		9				2																d4f5a689e76f19bd						rename-helper+alpha-rename	preserve	0	invariant
base/rename-helper+alpha-rename+inline-helper/104	canonical-definitional	base	0	canonical-invariance	104		9				2																d4f5a689e76f19bd						rename-helper+alpha-rename+inline-helper	preserve	0	invariant
base/rename-helper/105	canonical-definitional	base	0	canonical-invariance	105		9				2																d4f5a689e76f19bd						rename-helper	preserve	0	invariant
base/rename-helper+alpha-rename/106	canonical-definitional	base	0	canonical-invariance	106		9				2																d4f5a689e76f19bd						rename-helper+alpha-rename	preserve	0	invariant
base/rename-helper+alpha-rename+inline-helper/107	canonical-definitional	base	0	canonical-invariance	107		9				2																d4f5a689e76f19bd						rename-helper+alpha-rename+inline-helper	preserve	0	invariant
base/rename-helper/108	canonical-definitional	base	0	canonical-invariance	108		9				2																d4f5a689e76f19bd						rename-helper	preserve	0	invariant
base/rename-helper+alpha-rename/109	canonical-definitional	base	0	canonical-invariance	109		9				2																d4f5a689e76f19bd						rename-helper+alpha-rename	preserve	0	invariant
base/rename-helper+alpha-rename+inline-helper/110	canonical-definitional	base	0	canonical-invariance	110		9				2																d4f5a689e76f19bd						rename-helper+alpha-rename+inline-helper	preserve	0	invariant
base/rename-helper/111	canonical-definitional	base	0	canonical-invariance	111		9				2																d4f5a689e76f19bd						rename-helper	preserve	0	invariant
base/rename-helper+alpha-rename/112	canonical-definitional	base	0	canonical-invariance	112		9				2																d4f5a689e76f19bd						rename-helper+alpha-rename	preserve	0	invariant
base/rename-helper+alpha-rename+inline-helper/113	canonical-definitional	base	0	canonical-invariance	113		9				2																d4f5a689e76f19bd						rename-helper+alpha-rename+inline-helper	preserve	0	invariant
base/rename-helper/114	canonical-definitional	base	0	canonical-invariance	114		9				2																d4f5a689e76f19bd						rename-helper	preserve	0	invariant
base/rename-helper+alpha-rename/115	canonical-definitional	base	0	canonical-invariance	115		9				2																d4f5a689e76f19bd						rename-helper+alpha-rename	preserve	0	invariant
base/rename-helper+alpha-rename+inline-helper/116	canonical-definitional	base	0	canonical-invariance	116		9				2																d4f5a689e76f19bd						rename-helper+alpha-rename+inline-helper	preserve	0	invariant
base/rename-helper/117	canonical-definitional	base	0	canonical-invariance	117		9				2																d4f5a689e76f19bd						rename-helper	preserve	0	invariant
base/rename-helper+alpha-rename/118	canonical-definitional	base	0	canonical-invariance	118		9				2																d4f5a689e76f19bd						rename-helper+alpha-rename	preserve	0	invariant
base/rename-helper+alpha-rename+inline-helper/119	canonical-definitional	base	0	canonical-invariance	119		9				2																d4f5a689e76f19bd						rename-helper+alpha-rename+inline-helper	preserve	0	invariant
base/rename-helper/120	canonical-definitional	base	0	canonical-invariance	120		9				2																d4f5a689e76f19bd						rename-helper	preserve	0	invariant
base/rename-helper+alpha-rename/121	canonical-definitional	base	0	canonical-invariance	121		9				2																d4f5a689e76f19bd						rename-helper+alpha-rename	preserve	0	invariant
base/rename-helper+alpha-rename+inline-helper/122	canonical-definitional	base	0	canonical-invariance	122		9				2																d4f5a689e76f19bd						rename-helper+alpha-rename+inline-helper	preserve	0	invariant
base/rename-helper/123	canonical-definitional	base	0	canonical-invariance	123		9				2																d4f5a689e76f19bd						rename-helper	preserve	0	invariant
base/rename-helper+alpha-rename/124	canonical-definitional	base	0	canonical-invariance	124		9				2																d4f5a689e76f19bd						rename-helper+alpha-rename	preserve	0	invariant
base/rename-helper+alpha-rename+inline-helper/125	canonical-definitional	base	0	canonical-invariance	125		9				2																d4f5a689e76f19bd						rename-helper+alpha-rename+inline-helper	preserve	0	invariant
base/rename-helper/126	canonical-definitional	base	0	canonical-invariance	126		9				2																d4f5a689e76f19bd						rename-helper	preserve	0	invariant
base/rename-helper+alpha-rename/127	canonical-definitional	base	0	canonical-invariance	127		9				2																d4f5a689e76f19bd						rename-helper+alpha-rename	preserve	0	invariant
base/rename-helper+alpha-rename+inline-helper/128	canonical-definitional	base	0	canonical-invariance	128		9				2																d4f5a689e76f19bd						rename-helper+alpha-rename+inline-helper	preserve	0	invariant
base/rename-helper/129	canonical-definitional	base	0	canonical-invariance	129		9				2																d4f5a689e76f19bd						rename-helper	preserve	0	invariant
base/rename-helper+alpha-rename/130	canonical-definitional	base	0	canonical-invariance	130		9				2																d4f5a689e76f19bd						rename-helper+alpha-rename	preserve	0	invariant
base/rename-helper+alpha-rename+inline-helper/131	canonical-definitional	base	0	canonical-invariance	131		9				2																d4f5a689e76f19bd						rename-helper+alpha-rename+inline-helper	preserve	0	invariant
base/rename-helper/132	canonical-definitional	base	0	canonical-invariance	132		9				2																d4f5a689e76f19bd						rename-helper	preserve	0	invariant
base/rename-helper+alpha-rename/133	canonical-definitional	base	0	canonical-invariance	133		9				2																d4f5a689e76f19bd						rename-helper+alpha-rename	preserve	0	invariant
base/rename-helper+alpha-rename+inline-helper/134	canonical-definitional	base	0	canonical-invariance	134		9				2																d4f5a689e76f19bd						rename-helper+alpha-rename+inline-helper	preserve	0	invariant
base/rename-helper/135	canonical-definitional	base	0	canonical-invariance	135		9				2																d4f5a689e76f19bd						rename-helper	preserve	0	invariant
base/rename-helper+alpha-rename/136	canonical-definitional	base	0	canonical-invariance	136		9				2																d4f5a689e76f19bd						rename-helper+alpha-rename	preserve	0	invariant
base/rename-helper+alpha-rename+inline-helper/137	canonical-definitional	base	0	canonical-invariance	137		9				2																d4f5a689e76f19bd						rename-helper+alpha-rename+inline-helper	preserve	0	invariant
base/rename-helper/138	canonical-definitional	base	0	canonical-invariance	138		9				2																d4f5a689e76f19bd						rename-helper	preserve	0	invariant
base/rename-helper+alpha-rename/139	canonical-definitional	base	0	canonical-invariance	139		9				2																d4f5a689e76f19bd						rename-helper+alpha-rename	preserve	0	invariant
base/rename-helper+alpha-rename+inline-helper/140	canonical-definitional	base	0	canonical-invariance	140		9				2																d4f5a689e76f19bd						rename-helper+alpha-rename+inline-helper	preserve	0	invariant
base/rename-helper/141	canonical-definitional	base	0	canonical-invariance	141		9				2																d4f5a689e76f19bd						rename-helper	preserve	0	invariant
base/rename-helper+alpha-rename/142	canonical-definitional	base	0	canonical-invariance	142		9				2																d4f5a689e76f19bd						rename-helper+alpha-rename	preserve	0	invariant
base/rename-helper+alpha-rename+inline-helper/143	canonical-definitional	base	0	canonical-invariance	143		9				2																d4f5a689e76f19bd						rename-helper+alpha-rename+inline-helper	preserve	0	invariant
base/rename-helper/144	canonical-definitional	base	0	canonical-invariance	144		9				2																d4f5a689e76f19bd						rename-helper	preserve	0	invariant
base/rename-helper+alpha-rename/145	canonical-definitional	base	0	canonical-invariance	145		9				2																d4f5a689e76f19bd						rename-helper+alpha-rename	preserve	0	invariant
base/rename-helper+alpha-rename+inline-helper/146	canonical-definitional	base	0	canonical-invariance	146		9				2																d4f5a689e76f19bd						rename-helper+alpha-rename+inline-helper	preserve	0	invariant
base/rename-helper/147	canonical-definitional	base	0	canonical-invariance	147		9				2																d4f5a689e76f19bd						rename-helper	preserve	0	invariant
base/rename-helper+alpha-rename/148	canonical-definitional	base	0	canonical-invariance	148		9				2																d4f5a689e76f19bd						rename-helper+alpha-rename	preserve	0	invariant
base/rename-helper+alpha-rename+inline-helper/149	canonical-definitional	base	0	canonical-invariance	149		9				2																d4f5a689e76f19bd						rename-helper+alpha-rename+inline-helper	preserve	0	invariant
base/rename-helper/150	canonical-definitional	base	0	canonical-invariance	150		9				2																d4f5a689e76f19bd						rename-helper	preserve	0	invariant
base/rename-helper+alpha-rename/151	canonical-definitional	base	0	canonical-invariance	151		9				2																d4f5a689e76f19bd						rename-helper+alpha-rename	preserve	0	invariant
base/rename-helper+alpha-rename+inline-helper/152	canonical-definitional	base	0	canonical-invariance	152		9				2																d4f5a689e76f19bd						rename-helper+alpha-rename+inline-helper	preserve	0	invariant
base/rename-helper/153	canonical-definitional	base	0	canonical-invariance	153		9				2																d4f5a689e76f19bd						rename-helper	preserve	0	invariant
base/rename-helper+alpha-rename/154	canonical-definitional	base	0	canonical-invariance	154		9				2																d4f5a689e76f19bd						rename-helper+alpha-rename	preserve	0	invariant
base/rename-helper+alpha-rename+inline-helper/155	canonical-definitional	base	0	canonical-invariance	155		9				2																d4f5a689e76f19bd						rename-helper+alpha-rename+inline-helper	preserve	0	invariant
base/rename-helper/156	canonical-definitional	base	0	canonical-invariance	156		9				2																d4f5a689e76f19bd						rename-helper	preserve	0	invariant
base/rename-helper+alpha-rename/157	canonical-definitional	base	0	canonical-invariance	157		9				2																d4f5a689e76f19bd						rename-helper+alpha-rename	preserve	0	invariant
base/rename-helper+alpha-rename+inline-helper/158	canonical-definitional	base	0	canonical-invariance	158		9				2																d4f5a689e76f19bd						rename-helper+alpha-rename+inline-helper	preserve	0	invariant
base/rename-helper/159	canonical-definitional	base	0	canonical-invariance	159		9				2																d4f5a689e76f19bd						rename-helper	preserve	0	invariant
base/rename-helper+alpha-rename/160	canonical-definitional	base	0	canonical-invariance	160		9				2																d4f5a689e76f19bd						rename-helper+alpha-rename	preserve	0	invariant
base/rename-helper+alpha-rename+inline-helper/161	canonical-definitional	base	0	canonical-invariance	161		9				2																d4f5a689e76f19bd						rename-helper+alpha-rename+inline-helper	preserve	0	invariant
base/rename-helper/162	canonical-definitional	base	0	canonical-invariance	162		9				2																d4f5a689e76f19bd						rename-helper	preserve	0	invariant
base/rename-helper+alpha-rename/163	canonical-definitional	base	0	canonical-invariance	163		9				2																d4f5a689e76f19bd						rename-helper+alpha-rename	preserve	0	invariant
base/rename-helper+alpha-rename+inline-helper/164	canonical-definitional	base	0	canonical-invariance	164		9				2																d4f5a689e76f19bd						rename-helper+alpha-rename+inline-helper	preserve	0	invariant
base/rename-helper/165	canonical-definitional	base	0	canonical-invariance	165		9				2																d4f5a689e76f19bd						rename-helper	preserve	0	invariant
base/rename-helper+alpha-rename/166	canonical-definitional	base	0	canonical-invariance	166		9				2																d4f5a689e76f19bd						rename-helper+alpha-rename	preserve	0	invariant
base/rename-helper+alpha-rename+inline-helper/167	canonical-definitional	base	0	canonical-invariance	167		9				2																d4f5a689e76f19bd						rename-helper+alpha-rename+inline-helper	preserve	0	invariant
base/rename-helper/168	canonical-definitional	base	0	canonical-invariance	168		9				2																d4f5a689e76f19bd						rename-helper	preserve	0	invariant
base/rename-helper+alpha-rename/169	canonical-definitional	base	0	canonical-invariance	169		9				2																d4f5a689e76f19bd						rename-helper+alpha-rename	preserve	0	invariant
base/rename-helper+alpha-rename+inline-helper/170	canonical-definitional	base	0	canonical-invariance	170		9				2																d4f5a689e76f19bd						rename-helper+alpha-rename+inline-helper	preserve	0	invariant
base/rename-helper/171	canonical-definitional	base	0	canonical-invariance	171		9				2																d4f5a689e76f19bd						rename-helper	preserve	0	invariant
base/rename-helper+alpha-rename/172	canonical-definitional	base	0	canonical-invariance	172		9				2																d4f5a689e76f19bd						rename-helper+alpha-rename	preserve	0	invariant
base/rename-helper+alpha-rename+inline-helper/173	canonical-definitional	base	0	canonical-invariance	173		9				2																d4f5a689e76f19bd						rename-helper+alpha-rename+inline-helper	preserve	0	invariant
base/rename-helper/174	canonical-definitional	base	0	canonical-invariance	174		9				2																d4f5a689e76f19bd						rename-helper	preserve	0	invariant
base/rename-helper+alpha-rename/175	canonical-definitional	base	0	canonical-invariance	175		9				2																d4f5a689e76f19bd						rename-helper+alpha-rename	preserve	0	invariant
base/rename-helper+alpha-rename+inline-helper/176	canonical-definitional	base	0	canonical-invariance	176		9				2																d4f5a689e76f19bd						rename-helper+alpha-rename+inline-helper	preserve	0	invariant
base/rename-helper/177	canonical-definitional	base	0	canonical-invariance	177		9				2																d4f5a689e76f19bd						rename-helper	preserve	0	invariant
base/rename-helper+alpha-rename/178	canonical-definitional	base	0	canonical-invariance	178		9				2																d4f5a689e76f19bd						rename-helper+alpha-rename	preserve	0	invariant
base/rename-helper+alpha-rename+inline-helper/179	canonical-definitional	base	0	canonical-invariance	179		9				2																d4f5a689e76f19bd						rename-helper+alpha-rename+inline-helper	preserve	0	invariant
base/rename-helper/180	canonical-definitional	base	0	canonical-invariance	180		9				2																d4f5a689e76f19bd						rename-helper	preserve	0	invariant
base/rename-helper+alpha-rename/181	canonical-definitional	base	0	canonical-invariance	181		9				2																d4f5a689e76f19bd						rename-helper+alpha-rename	preserve	0	invariant
base/rename-helper+alpha-rename+inline-helper/182	canonical-definitional	base	0	canonical-invariance	182		9				2																d4f5a689e76f19bd						rename-helper+alpha-rename+inline-helper	preserve	0	invariant
base/rename-helper/183	canonical-definitional	base	0	canonical-invariance	183		9				2																d4f5a689e76f19bd						rename-helper	preserve	0	invariant
base/rename-helper+alpha-rename/184	canonical-definitional	base	0	canonical-invariance	184		9				2																d4f5a689e76f19bd						rename-helper+alpha-rename	preserve	0	invariant
base/rename-helper+alpha-rename+inline-helper/185	canonical-definitional	base	0	canonical-invariance	185		9				2																d4f5a689e76f19bd						rename-helper+alpha-rename+inline-helper	preserve	0	invariant
base/rename-helper/186	canonical-definitional	base	0	canonical-invariance	186		9				2																d4f5a689e76f19bd						rename-helper	preserve	0	invariant
base/rename-helper+alpha-rename/187	canonical-definitional	base	0	canonical-invariance	187		9				2																d4f5a689e76f19bd						rename-helper+alpha-rename	preserve	0	invariant
base/rename-helper+alpha-rename+inline-helper/188	canonical-definitional	base	0	canonical-invariance	188		9				2																d4f5a689e76f19bd						rename-helper+alpha-rename+inline-helper	preserve	0	invariant
base/rename-helper/189	canonical-definitional	base	0	canonical-invariance	189		9				2																d4f5a689e76f19bd						rename-helper	preserve	0	invariant
base/rename-helper+alpha-rename/190	canonical-definitional	base	0	canonical-invariance	190		9				2																d4f5a689e76f19bd						rename-helper+alpha-rename	preserve	0	invariant
base/rename-helper+alpha-rename+inline-helper/191	canonical-definitional	base	0	canonical-invariance	191		9				2																d4f5a689e76f19bd						rename-helper+alpha-rename+inline-helper	preserve	0	invariant
base/rename-helper/192	canonical-definitional	base	0	canonical-invariance	192		9				2																d4f5a689e76f19bd						rename-helper	preserve	0	invariant
base/rename-helper+alpha-rename/193	canonical-definitional	base	0	canonical-invariance	193		9				2																d4f5a689e76f19bd						rename-helper+alpha-rename	preserve	0	invariant
base/rename-helper+alpha-rename+inline-helper/194	canonical-definitional	base	0	canonical-invariance	194		9				2																d4f5a689e76f19bd						rename-helper+alpha-rename+inline-helper	preserve	0	invariant
base/rename-helper/195	canonical-definitional	base	0	canonical-invariance	195		9				2																d4f5a689e76f19bd						rename-helper	preserve	0	invariant
base/rename-helper+alpha-rename/196	canonical-definitional	base	0	canonical-invariance	196		9				2																d4f5a689e76f19bd						rename-helper+alpha-rename	preserve	0	invariant
base/rename-helper+alpha-rename+inline-helper/197	canonical-definitional	base	0	canonical-invariance	197		9				2																d4f5a689e76f19bd						rename-helper+alpha-rename+inline-helper	preserve	0	invariant
base/rename-helper/198	canonical-definitional	base	0	canonical-invariance	198		9				2																d4f5a689e76f19bd						rename-helper	preserve	0	invariant
base/rename-helper+alpha-rename/199	canonical-definitional	base	0	canonical-invariance	199		9				2																d4f5a689e76f19bd						rename-helper+alpha-rename	preserve	0	invariant
base/rename-helper+alpha-rename+inline-helper/200	canonical-definitional	base	0	canonical-invariance	200		9				2																d4f5a689e76f19bd						rename-helper+alpha-rename+inline-helper	preserve	0	invariant
base/rename-helper/201	canonical-definitional	base	0	canonical-invariance	201		9				2																d4f5a689e76f19bd						rename-helper	preserve	0	invariant
base/rename-helper+alpha-rename/202	canonical-definitional	base	0	canonical-invariance	202		9				2																d4f5a689e76f19bd						rename-helper+alpha-rename	preserve	0	invariant
base/rename-helper+alpha-rename+inline-helper/203	canonical-definitional	base	0	canonical-invariance	203		9				2																d4f5a689e76f19bd						rename-helper+alpha-rename+inline-helper	preserve	0	invariant
base/rename-helper/204	canonical-definitional	base	0	canonical-invariance	204		9				2																d4f5a689e76f19bd						rename-helper	preserve	0	invariant
base/rename-helper+alpha-rename/205	canonical-definitional	base	0	canonical-invariance	205		9				2																d4f5a689e76f19bd						rename-helper+alpha-rename	preserve	0	invariant
base/rename-helper+alpha-rename+inline-helper/206	canonical-definitional	base	0	canonical-invariance	206		9				2																d4f5a689e76f19bd						rename-helper+alpha-rename+inline-helper	preserve	0	invariant
base/rename-helper/207	canonical-definitional	base	0	canonical-invariance	207		9				2																d4f5a689e76f19bd						rename-helper	preserve	0	invariant
base/rename-helper+alpha-rename/208	canonical-definitional	base	0	canonical-invariance	208		9				2																d4f5a689e76f19bd						rename-helper+alpha-rename	preserve	0	invariant
base/rename-helper+alpha-rename+inline-helper/209	canonical-definitional	base	0	canonical-invariance	209		9				2																d4f5a689e76f19bd						rename-helper+alpha-rename+inline-helper	preserve	0	invariant
base/rename-helper/210	canonical-definitional	base	0	canonical-invariance	210		9				2																d4f5a689e76f19bd						rename-helper	preserve	0	invariant
base/rename-helper+alpha-rename/211	canonical-definitional	base	0	canonical-invariance	211		9				2																d4f5a689e76f19bd						rename-helper+alpha-rename	preserve	0	invariant
base/rename-helper+alpha-rename+inline-helper/212	canonical-definitional	base	0	canonical-invariance	212		9				2																d4f5a689e76f19bd						rename-helper+alpha-rename+inline-helper	preserve	0	invariant
base/rename-helper/213	canonical-definitional	base	0	canonical-invariance	213		9				2																d4f5a689e76f19bd						rename-helper	preserve	0	invariant
base/rename-helper+alpha-rename/214	canonical-definitional	base	0	canonical-invariance	214		9				2																d4f5a689e76f19bd						rename-helper+alpha-rename	preserve	0	invariant
base/rename-helper+alpha-rename+inline-helper/215	canonical-definitional	base	0	canonical-invariance	215		9				2																d4f5a689e76f19bd						rename-helper+alpha-rename+inline-helper	preserve	0	invariant
base/rename-helper/216	canonical-definitional	base	0	canonical-invariance	216		9				2																d4f5a689e76f19bd						rename-helper	preserve	0	invariant
base/rename-helper+alpha-rename/217	canonical-definitional	base	0	canonical-invariance	217		9				2																d4f5a689e76f19bd						rename-helper+alpha-rename	preserve	0	invariant
base/rename-helper+alpha-rename+inline-helper/218	canonical-definitional	base	0	canonical-invariance	218		9				2																d4f5a689e76f19bd						rename-helper+alpha-rename+inline-helper	preserve	0	invariant
base/rename-helper/219	canonical-definitional	base	0	canonical-invariance	219		9				2																d4f5a689e76f19bd						rename-helper	preserve	0	invariant
base/rename-helper+alpha-rename/220	canonical-definitional	base	0	canonical-invariance	220		9				2																d4f5a689e76f19bd						rename-helper+alpha-rename	preserve	0	invariant
base/rename-helper+alpha-rename+inline-helper/221	canonical-definitional	base	0	canonical-invariance	221		9				2																d4f5a689e76f19bd						rename-helper+alpha-rename+inline-helper	preserve	0	invariant
base/rename-helper/222	canonical-definitional	base	0	canonical-invariance	222		9				2																d4f5a689e76f19bd						rename-helper	preserve	0	invariant
base/rename-helper+alpha-rename/223	canonical-definitional	base	0	canonical-invariance	223		9				2																d4f5a689e76f19bd						rename-helper+alpha-rename	preserve	0	invariant
base/rename-helper+alpha-rename+inline-helper/224	canonical-definitional	base	0	canonical-invariance	224		9				2																d4f5a689e76f19bd						rename-helper+alpha-rename+inline-helper	preserve	0	invariant
base/rename-helper/225	canonical-definitional	base	0	canonical-invariance	225		9				2																d4f5a689e76f19bd						rename-helper	preserve	0	invariant
base/rename-helper+alpha-rename/226	canonical-definitional	base	0	canonical-invariance	226		9				2																d4f5a689e76f19bd						rename-helper+alpha-rename	preserve	0	invariant
base/rename-helper+alpha-rename+inline-helper/227	canonical-definitional	base	0	canonical-invariance	227		9				2																d4f5a689e76f19bd						rename-helper+alpha-rename+inline-helper	preserve	0	invariant
base/rename-helper/228	canonical-definitional	base	0	canonical-invariance	228		9				2																d4f5a689e76f19bd						rename-helper	preserve	0	invariant
base/rename-helper+alpha-rename/229	canonical-definitional	base	0	canonical-invariance	229		9				2																d4f5a689e76f19bd						rename-helper+alpha-rename	preserve	0	invariant
base/rename-helper+alpha-rename+inline-helper/230	canonical-definitional	base	0	canonical-invariance	230		9				2																d4f5a689e76f19bd						rename-helper+alpha-rename+inline-helper	preserve	0	invariant
base/rename-helper/231	canonical-definitional	base	0	canonical-invariance	231		9				2																d4f5a689e76f19bd						rename-helper	preserve	0	invariant
base/rename-helper+alpha-rename/232	canonical-definitional	base	0	canonical-invariance	232		9				2																d4f5a689e76f19bd						rename-helper+alpha-rename	preserve	0	invariant
base/rename-helper+alpha-rename+inline-helper/233	canonical-definitional	base	0	canonical-invariance	233		9				2																d4f5a689e76f19bd						rename-helper+alpha-rename+inline-helper	preserve	0	invariant
base/rename-helper/234	canonical-definitional	base	0	canonical-invariance	234		9				2																d4f5a689e76f19bd						rename-helper	preserve	0	invariant
base/rename-helper+alpha-rename/235	canonical-definitional	base	0	canonical-invariance	235		9				2																d4f5a689e76f19bd						rename-helper+alpha-rename	preserve	0	invariant
base/rename-helper+alpha-rename+inline-helper/236	canonical-definitional	base	0	canonical-invariance	236		9				2																d4f5a689e76f19bd						rename-helper+alpha-rename+inline-helper	preserve	0	invariant
base/rename-helper/237	canonical-definitional	base	0	canonical-invariance	237		9				2																d4f5a689e76f19bd						rename-helper	preserve	0	invariant
base/rename-helper+alpha-rename/238	canonical-definitional	base	0	canonical-invariance	238		9				2																d4f5a689e76f19bd						rename-helper+alpha-rename	preserve	0	invariant
base/rename-helper+alpha-rename+inline-helper/239	canonical-definitional	base	0	canonical-invariance	239		9				2																d4f5a689e76f19bd						rename-helper+alpha-rename+inline-helper	preserve	0	invariant
base/rename-helper/240	canonical-definitional	base	0	canonical-invariance	240		9				2																d4f5a689e76f19bd						rename-helper	preserve	0	invariant
base/rename-helper+alpha-rename/241	canonical-definitional	base	0	canonical-invariance	241		9				2																d4f5a689e76f19bd						rename-helper+alpha-rename	preserve	0	invariant
base/rename-helper+alpha-rename+inline-helper/242	canonical-definitional	base	0	canonical-invariance	242		9				2																d4f5a689e76f19bd						rename-helper+alpha-rename+inline-helper	preserve	0	invariant
base/rename-helper/243	canonical-definitional	base	0	canonical-invariance	243		9				2																d4f5a689e76f19bd						rename-helper	preserve	0	invariant
base/rename-helper+alpha-rename/244	canonical-definitional	base	0	canonical-invariance	244		9				2																d4f5a689e76f19bd						rename-helper+alpha-rename	preserve	0	invariant
base/rename-helper+alpha-rename+inline-helper/245	canonical-definitional	base	0	canonical-invariance	245		9				2																d4f5a689e76f19bd						rename-helper+alpha-rename+inline-helper	preserve	0	invariant
base/rename-helper/246	canonical-definitional	base	0	canonical-invariance	246		9				2																d4f5a689e76f19bd						rename-helper	preserve	0	invariant
base/rename-helper+alpha-rename/247	canonical-definitional	base	0	canonical-invariance	247		9				2																d4f5a689e76f19bd						rename-helper+alpha-rename	preserve	0	invariant
base/rename-helper+alpha-rename+inline-helper/248	canonical-definitional	base	0	canonical-invariance	248		9				2																d4f5a689e76f19bd						rename-helper+alpha-rename+inline-helper	preserve	0	invariant
base/rename-helper/249	canonical-definitional	base	0	canonical-invariance	249		9				2																d4f5a689e76f19bd						rename-helper	preserve	0	invariant
base/rename-helper+alpha-rename/250	canonical-definitional	base	0	canonical-invariance	250		9				2																d4f5a689e76f19bd						rename-helper+alpha-rename	preserve	0	invariant
base/rename-helper+alpha-rename+inline-helper/251	canonical-definitional	base	0	canonical-invariance	251		9				2																d4f5a689e76f19bd						rename-helper+alpha-rename+inline-helper	preserve	0	invariant
base/rename-helper/252	canonical-definitional	base	0	canonical-invariance	252		9				2																d4f5a689e76f19bd						rename-helper	preserve	0	invariant
base/rename-helper+alpha-rename/253	canonical-definitional	base	0	canonical-invariance	253		9				2																d4f5a689e76f19bd						rename-helper+alpha-rename	preserve	0	invariant
base/rename-helper+alpha-rename+inline-helper/254	canonical-definitional	base	0	canonical-invariance	254		9				2																d4f5a689e76f19bd						rename-helper+alpha-rename+inline-helper	preserve	0	invariant
base/rename-helper/255	canonical-definitional	base	0	canonical-invariance	255		9				2																d4f5a689e76f19bd						rename-helper	preserve	0	invariant
base/rename-helper+alpha-rename/256	canonical-definitional	base	0	canonical-invariance	256		9				2																d4f5a689e76f19bd						rename-helper+alpha-rename	preserve	0	invariant
base/rename-helper+alpha-rename+inline-helper/257	canonical-definitional	base	0	canonical-invariance	257		9				2																d4f5a689e76f19bd						rename-helper+alpha-rename+inline-helper	preserve	0	invariant
base/rename-helper/258	canonical-definitional	base	0	canonical-invariance	258		9				2																d4f5a689e76f19bd						rename-helper	preserve	0	invariant
base/rename-helper+alpha-rename/259	canonical-definitional	base	0	canonical-invariance	259		9				2																d4f5a689e76f19bd						rename-helper+alpha-rename	preserve	0	invariant
base/rename-helper+alpha-rename+inline-helper/260	canonical-definitional	base	0	canonical-invariance	260		9				2																d4f5a689e76f19bd						rename-helper+alpha-rename+inline-helper	preserve	0	invariant
base/rename-helper/261	canonical-definitional	base	0	canonical-invariance	261		9				2																d4f5a689e76f19bd						rename-helper	preserve	0	invariant
base/rename-helper+alpha-rename/262	canonical-definitional	base	0	canonical-invariance	262		9				2																d4f5a689e76f19bd						rename-helper+alpha-rename	preserve	0	invariant
base/rename-helper+alpha-rename+inline-helper/263	canonical-definitional	base	0	canonical-invariance	263		9				2																d4f5a689e76f19bd						rename-helper+alpha-rename+inline-helper	preserve	0	invariant
base/rename-helper/264	canonical-definitional	base	0	canonical-invariance	264		9				2																d4f5a689e76f19bd						rename-helper	preserve	0	invariant
base/rename-helper+alpha-rename/265	canonical-definitional	base	0	canonical-invariance	265		9				2																d4f5a689e76f19bd						rename-helper+alpha-rename	preserve	0	invariant
base/rename-helper+alpha-rename+inline-helper/266	canonical-definitional	base	0	canonical-invariance	266		9				2																d4f5a689e76f19bd						rename-helper+alpha-rename+inline-helper	preserve	0	invariant
base/rename-helper/267	canonical-definitional	base	0	canonical-invariance	267		9				2																d4f5a689e76f19bd						rename-helper	preserve	0	invariant
base/rename-helper+alpha-rename/268	canonical-definitional	base	0	canonical-invariance	268		9				2																d4f5a689e76f19bd						rename-helper+alpha-rename	preserve	0	invariant
base/rename-helper+alpha-rename+inline-helper/269	canonical-definitional	base	0	canonical-invariance	269		9				2																d4f5a689e76f19bd						rename-helper+alpha-rename+inline-helper	preserve	0	invariant
base/rename-helper/270	canonical-definitional	base	0	canonical-invariance	270		9				2																d4f5a689e76f19bd						rename-helper	preserve	0	invariant
base/rename-helper+alpha-rename/271	canonical-definitional	base	0	canonical-invariance	271		9				2																d4f5a689e76f19bd						rename-helper+alpha-rename	preserve	0	invariant
base/rename-helper+alpha-rename+inline-helper/272	canonical-definitional	base	0	canonical-invariance	272		9				2																d4f5a689e76f19bd						rename-helper+alpha-rename+inline-helper	preserve	0	invariant
base/rename-helper/273	canonical-definitional	base	0	canonical-invariance	273		9				2																d4f5a689e76f19bd						rename-helper	preserve	0	invariant
base/rename-helper+alpha-rename/274	canonical-definitional	base	0	canonical-invariance	274		9				2																d4f5a689e76f19bd						rename-helper+alpha-rename	preserve	0	invariant
base/rename-helper+alpha-rename+inline-helper/275	canonical-definitional	base	0	canonical-invariance	275		9				2																d4f5a689e76f19bd						rename-helper+alpha-rename+inline-helper	preserve	0	invariant
base/rename-helper/276	canonical-definitional	base	0	canonical-invariance	276		9				2																d4f5a689e76f19bd						rename-helper	preserve	0	invariant
base/rename-helper+alpha-rename/277	canonical-definitional	base	0	canonical-invariance	277		9				2																d4f5a689e76f19bd						rename-helper+alpha-rename	preserve	0	invariant
base/rename-helper+alpha-rename+inline-helper/278	canonical-definitional	base	0	canonical-invariance	278		9				2																d4f5a689e76f19bd						rename-helper+alpha-rename+inline-helper	preserve	0	invariant
base/rename-helper/279	canonical-definitional	base	0	canonical-invariance	279		9				2																d4f5a689e76f19bd						rename-helper	preserve	0	invariant
base/rename-helper+alpha-rename/280	canonical-definitional	base	0	canonical-invariance	280		9				2																d4f5a689e76f19bd						rename-helper+alpha-rename	preserve	0	invariant
base/rename-helper+alpha-rename+inline-helper/281	canonical-definitional	base	0	canonical-invariance	281		9				2																d4f5a689e76f19bd						rename-helper+alpha-rename+inline-helper	preserve	0	invariant
base/rename-helper/282	canonical-definitional	base	0	canonical-invariance	282		9				2																d4f5a689e76f19bd						rename-helper	preserve	0	invariant
base/rename-helper+alpha-rename/283	canonical-definitional	base	0	canonical-invariance	283		9				2																d4f5a689e76f19bd						rename-helper+alpha-rename	preserve	0	invariant
base/rename-helper+alpha-rename+inline-helper/284	canonical-definitional	base	0	canonical-invariance	284		9				2																d4f5a689e76f19bd						rename-helper+alpha-rename+inline-helper	preserve	0	invariant
base/rename-helper/285	canonical-definitional	base	0	canonical-invariance	285		9				2																d4f5a689e76f19bd						rename-helper	preserve	0	invariant
base/rename-helper+alpha-rename/286	canonical-definitional	base	0	canonical-invariance	286		9				2																d4f5a689e76f19bd						rename-helper+alpha-rename	preserve	0	invariant
base/rename-helper+alpha-rename+inline-helper/287	canonical-definitional	base	0	canonical-invariance	287		9				2																d4f5a689e76f19bd						rename-helper+alpha-rename+inline-helper	preserve	0	invariant
base/rename-helper/288	canonical-definitional	base	0	canonical-invariance	288		9				2																d4f5a689e76f19bd						rename-helper	preserve	0	invariant
base/rename-helper+alpha-rename/289	canonical-definitional	base	0	canonical-invariance	289		9				2																d4f5a689e76f19bd						rename-helper+alpha-rename	preserve	0	invariant
base/rename-helper+alpha-rename+inline-helper/290	canonical-definitional	base	0	canonical-invariance	290		9				2																d4f5a689e76f19bd						rename-helper+alpha-rename+inline-helper	preserve	0	invariant
base/rename-helper/291	canonical-definitional	base	0	canonical-invariance	291		9				2																d4f5a689e76f19bd						rename-helper	preserve	0	invariant
base/rename-helper+alpha-rename/292	canonical-definitional	base	0	canonical-invariance	292		9				2																d4f5a689e76f19bd						rename-helper+alpha-rename	preserve	0	invariant
base/rename-helper+alpha-rename+inline-helper/293	canonical-definitional	base	0	canonical-invariance	293		9				2																d4f5a689e76f19bd						rename-helper+alpha-rename+inline-helper	preserve	0	invariant
base/rename-helper/294	canonical-definitional	base	0	canonical-invariance	294		9				2																d4f5a689e76f19bd						rename-helper	preserve	0	invariant
base/rename-helper+alpha-rename/295	canonical-definitional	base	0	canonical-invariance	295		9				2																d4f5a689e76f19bd						rename-helper+alpha-rename	preserve	0	invariant
base/rename-helper+alpha-rename+inline-helper/296	canonical-definitional	base	0	canonical-invariance	296		9				2																d4f5a689e76f19bd						rename-helper+alpha-rename+inline-helper	preserve	0	invariant
base/rename-helper/297	canonical-definitional	base	0	canonical-invariance	297		9				2																d4f5a689e76f19bd						rename-helper	preserve	0	invariant
base/rename-helper+alpha-rename/298	canonical-definitional	base	0	canonical-invariance	298		9				2																d4f5a689e76f19bd						rename-helper+alpha-rename	preserve	0	invariant
base/rename-helper+alpha-rename+inline-helper/299	canonical-definitional	base	0	canonical-invariance	299		9				2																d4f5a689e76f19bd						rename-helper+alpha-rename+inline-helper	preserve	0	invariant
base/rename-helper/300	canonical-definitional	base	0	canonical-invariance	300		9				2																d4f5a689e76f19bd						rename-helper	preserve	0	invariant
base/rename-helper+alpha-rename/301	canonical-definitional	base	0	canonical-invariance	301		9				2																d4f5a689e76f19bd						rename-helper+alpha-rename	preserve	0	invariant
base/rename-helper+alpha-rename+inline-helper/302	canonical-definitional	base	0	canonical-invariance	302		9				2																d4f5a689e76f19bd						rename-helper+alpha-rename+inline-helper	preserve	0	invariant
base/rename-helper/303	canonical-definitional	base	0	canonical-invariance	303		9				2																d4f5a689e76f19bd						rename-helper	preserve	0	invariant
base/rename-helper+alpha-rename/304	canonical-definitional	base	0	canonical-invariance	304		9				2																d4f5a689e76f19bd						rename-helper+alpha-rename	preserve	0	invariant
base/rename-helper+alpha-rename+inline-helper/305	canonical-definitional	base	0	canonical-invariance	305		9				2																d4f5a689e76f19bd						rename-helper+alpha-rename+inline-helper	preserve	0	invariant
base/rename-helper/306	canonical-definitional	base	0	canonical-invariance	306		9				2																d4f5a689e76f19bd						rename-helper	preserve	0	invariant
base/rename-helper+alpha-rename/307	canonical-definitional	base	0	canonical-invariance	307		9				2																d4f5a689e76f19bd						rename-helper+alpha-rename	preserve	0	invariant
base/rename-helper+alpha-rename+inline-helper/308	canonical-definitional	base	0	canonical-invariance	308		9				2																d4f5a689e76f19bd						rename-helper+alpha-rename+inline-helper	preserve	0	invariant
base/rename-helper/309	canonical-definitional	base	0	canonical-invariance	309		9				2																d4f5a689e76f19bd						rename-helper	preserve	0	invariant
base/rename-helper+alpha-rename/310	canonical-definitional	base	0	canonical-invariance	310		9				2																d4f5a689e76f19bd						rename-helper+alpha-rename	preserve	0	invariant
base/rename-helper+alpha-rename+inline-helper/311	canonical-definitional	base	0	canonical-invariance	311		9				2																d4f5a689e76f19bd						rename-helper+alpha-rename+inline-helper	preserve	0	invariant
base/rename-helper/312	canonical-definitional	base	0	canonical-invariance	312		9				2																d4f5a689e76f19bd						rename-helper	preserve	0	invariant
base/rename-helper+alpha-rename/313	canonical-definitional	base	0	canonical-invariance	313		9				2																d4f5a689e76f19bd						rename-helper+alpha-rename	preserve	0	invariant
base/rename-helper+alpha-rename+inline-helper/314	canonical-definitional	base	0	canonical-invariance	314		9				2																d4f5a689e76f19bd						rename-helper+alpha-rename+inline-helper	preserve	0	invariant
base/rename-helper/315	canonical-definitional	base	0	canonical-invariance	315		9				2																d4f5a689e76f19bd						rename-helper	preserve	0	invariant
base/rename-helper+alpha-rename/316	canonical-definitional	base	0	canonical-invariance	316		9				2																d4f5a689e76f19bd						rename-helper+alpha-rename	preserve	0	invariant
base/rename-helper+alpha-rename+inline-helper/317	canonical-definitional	base	0	canonical-invariance	317		9				2																d4f5a689e76f19bd						rename-helper+alpha-rename+inline-helper	preserve	0	invariant
base/rename-helper/318	canonical-definitional	base	0	canonical-invariance	318		9				2																d4f5a689e76f19bd						rename-helper	preserve	0	invariant
base/rename-helper+alpha-rename/319	canonical-definitional	base	0	canonical-invariance	319		9				2																d4f5a689e76f19bd						rename-helper+alpha-rename	preserve	0	invariant
base/rename-helper+alpha-rename+inline-helper/320	canonical-definitional	base	0	canonical-invariance	320		9				2																d4f5a689e76f19bd						rename-helper+alpha-rename+inline-helper	preserve	0	invariant
base/rename-helper/321	canonical-definitional	base	0	canonical-invariance	321		9				2																d4f5a689e76f19bd						rename-helper	preserve	0	invariant
base/rename-helper+alpha-rename/322	canonical-definitional	base	0	canonical-invariance	322		9				2																d4f5a689e76f19bd						rename-helper+alpha-rename	preserve	0	invariant
base/rename-helper+alpha-rename+inline-helper/323	canonical-definitional	base	0	canonical-invariance	323		9				2																d4f5a689e76f19bd						rename-helper+alpha-rename+inline-helper	preserve	0	invariant
base/rename-helper/324	canonical-definitional	base	0	canonical-invariance	324		9				2																d4f5a689e76f19bd						rename-helper	preserve	0	invariant
base/rename-helper+alpha-rename/325	canonical-definitional	base	0	canonical-invariance	325		9				2																d4f5a689e76f19bd						rename-helper+alpha-rename	preserve	0	invariant
base/rename-helper+alpha-rename+inline-helper/326	canonical-definitional	base	0	canonical-invariance	326		9				2																d4f5a689e76f19bd						rename-helper+alpha-rename+inline-helper	preserve	0	invariant
base/rename-helper/327	canonical-definitional	base	0	canonical-invariance	327		9				2																d4f5a689e76f19bd						rename-helper	preserve	0	invariant
base/rename-helper+alpha-rename/328	canonical-definitional	base	0	canonical-invariance	328		9				2																d4f5a689e76f19bd						rename-helper+alpha-rename	preserve	0	invariant
base/rename-helper+alpha-rename+inline-helper/329	canonical-definitional	base	0	canonical-invariance	329		9				2																d4f5a689e76f19bd						rename-helper+alpha-rename+inline-helper	preserve	0	invariant
base/rename-helper/330	canonical-definitional	base	0	canonical-invariance	330		9				2																d4f5a689e76f19bd						rename-helper	preserve	0	invariant
base/rename-helper+alpha-rename/331	canonical-definitional	base	0	canonical-invariance	331		9				2																d4f5a689e76f19bd						rename-helper+alpha-rename	preserve	0	invariant
base/rename-helper+alpha-rename+inline-helper/332	canonical-definitional	base	0	canonical-invariance	332		9				2																d4f5a689e76f19bd						rename-helper+alpha-rename+inline-helper	preserve	0	invariant
base/rename-helper/333	canonical-definitional	base	0	canonical-invariance	333		9				2																d4f5a689e76f19bd						rename-helper	preserve	0	invariant
base/rename-helper+alpha-rename/334	canonical-definitional	base	0	canonical-invariance	334		9				2																d4f5a689e76f19bd						rename-helper+alpha-rename	preserve	0	invariant
base/rename-helper+alpha-rename+inline-helper/335	canonical-definitional	base	0	canonical-invariance	335		9				2																d4f5a689e76f19bd						rename-helper+alpha-rename+inline-helper	preserve	0	invariant
base/rename-helper/336	canonical-definitional	base	0	canonical-invariance	336		9				2																d4f5a689e76f19bd						rename-helper	preserve	0	invariant
base/rename-helper+alpha-rename/337	canonical-definitional	base	0	canonical-invariance	337		9				2																d4f5a689e76f19bd						rename-helper+alpha-rename	preserve	0	invariant
base/rename-helper+alpha-rename+inline-helper/338	canonical-definitional	base	0	canonical-invariance	338		9				2																d4f5a689e76f19bd						rename-helper+alpha-rename+inline-helper	preserve	0	invariant
base/rename-helper/339	canonical-definitional	base	0	canonical-invariance	339		9				2																d4f5a689e76f19bd						rename-helper	preserve	0	invariant
base/rename-helper+alpha-rename/340	canonical-definitional	base	0	canonical-invariance	340		9				2																d4f5a689e76f19bd						rename-helper+alpha-rename	preserve	0	invariant
base/rename-helper+alpha-rename+inline-helper/341	canonical-definitional	base	0	canonical-invariance	341		9				2																d4f5a689e76f19bd						rename-helper+alpha-rename+inline-helper	preserve	0	invariant
base/rename-helper/342	canonical-definitional	base	0	canonical-invariance	342		9				2																d4f5a689e76f19bd						rename-helper	preserve	0	invariant
base/rename-helper+alpha-rename/343	canonical-definitional	base	0	canonical-invariance	343		9				2																d4f5a689e76f19bd						rename-helper+alpha-rename	preserve	0	invariant
base/rename-helper+alpha-rename+inline-helper/344	canonical-definitional	base	0	canonical-invariance	344		9				2																d4f5a689e76f19bd						rename-helper+alpha-rename+inline-helper	preserve	0	invariant
base/rename-helper/345	canonical-definitional	base	0	canonical-invariance	345		9				2																d4f5a689e76f19bd						rename-helper	preserve	0	invariant
base/rename-helper+alpha-rename/346	canonical-definitional	base	0	canonical-invariance	346		9				2																d4f5a689e76f19bd						rename-helper+alpha-rename	preserve	0	invariant
base/rename-helper+alpha-rename+inline-helper/347	canonical-definitional	base	0	canonical-invariance	347		9				2																d4f5a689e76f19bd						rename-helper+alpha-rename+inline-helper	preserve	0	invariant
base/rename-helper/348	canonical-definitional	base	0	canonical-invariance	348		9				2																d4f5a689e76f19bd						rename-helper	preserve	0	invariant
base/rename-helper+alpha-rename/349	canonical-definitional	base	0	canonical-invariance	349		9				2																d4f5a689e76f19bd						rename-helper+alpha-rename	preserve	0	invariant
base/rename-helper+alpha-rename+inline-helper/350	canonical-definitional	base	0	canonical-invariance	350		9				2																d4f5a689e76f19bd						rename-helper+alpha-rename+inline-helper	preserve	0	invariant
base/rename-helper/351	canonical-definitional	base	0	canonical-invariance	351		9				2																d4f5a689e76f19bd						rename-helper	preserve	0	invariant
base/rename-helper+alpha-rename/352	canonical-definitional	base	0	canonical-invariance	352		9				2																d4f5a689e76f19bd						rename-helper+alpha-rename	preserve	0	invariant
base/rename-helper+alpha-rename+inline-helper/353	canonical-definitional	base	0	canonical-invariance	353		9				2																d4f5a689e76f19bd						rename-helper+alpha-rename+inline-helper	preserve	0	invariant
base/rename-helper/354	canonical-definitional	base	0	canonical-invariance	354		9				2																d4f5a689e76f19bd						rename-helper	preserve	0	invariant
base/rename-helper+alpha-rename/355	canonical-definitional	base	0	canonical-invariance	355		9				2																d4f5a689e76f19bd						rename-helper+alpha-rename	preserve	0	invariant
base/rename-helper+alpha-rename+inline-helper/356	canonical-definitional	base	0	canonical-invariance	356		9				2																d4f5a689e76f19bd						rename-helper+alpha-rename+inline-helper	preserve	0	invariant
base/rename-helper/357	canonical-definitional	base	0	canonical-invariance	357		9				2																d4f5a689e76f19bd						rename-helper	preserve	0	invariant
base/rename-helper+alpha-rename/358	canonical-definitional	base	0	canonical-invariance	358		9				2																d4f5a689e76f19bd						rename-helper+alpha-rename	preserve	0	invariant
base/rename-helper+alpha-rename+inline-helper/359	canonical-definitional	base	0	canonical-invariance	359		9				2																d4f5a689e76f19bd						rename-helper+alpha-rename+inline-helper	preserve	0	invariant
base/rename-helper/360	canonical-definitional	base	0	canonical-invariance	360		9				2																d4f5a689e76f19bd						rename-helper	preserve	0	invariant
base/rename-helper+alpha-rename/361	canonical-definitional	base	0	canonical-invariance	361		9				2																d4f5a689e76f19bd						rename-helper+alpha-rename	preserve	0	invariant
base/rename-helper+alpha-rename+inline-helper/362	canonical-definitional	base	0	canonical-invariance	362		9				2																d4f5a689e76f19bd						rename-helper+alpha-rename+inline-helper	preserve	0	invariant
base/rename-helper/363	canonical-definitional	base	0	canonical-invariance	363		9				2																d4f5a689e76f19bd						rename-helper	preserve	0	invariant
base/rename-helper+alpha-rename/364	canonical-definitional	base	0	canonical-invariance	364		9				2																d4f5a689e76f19bd						rename-helper+alpha-rename	preserve	0	invariant
base/rename-helper+alpha-rename+inline-helper/365	canonical-definitional	base	0	canonical-invariance	365		9				2																d4f5a689e76f19bd						rename-helper+alpha-rename+inline-helper	preserve	0	invariant
base/rename-helper/366	canonical-definitional	base	0	canonical-invariance	366		9				2																d4f5a689e76f19bd						rename-helper	preserve	0	invariant
base/rename-helper+alpha-rename/367	canonical-definitional	base	0	canonical-invariance	367		9				2																d4f5a689e76f19bd						rename-helper+alpha-rename	preserve	0	invariant
base/rename-helper+alpha-rename+inline-helper/368	canonical-definitional	base	0	canonical-invariance	368		9				2																d4f5a689e76f19bd						rename-helper+alpha-rename+inline-helper	preserve	0	invariant
base/rename-helper/369	canonical-definitional	base	0	canonical-invariance	369		9				2																d4f5a689e76f19bd						rename-helper	preserve	0	invariant
base/rename-helper+alpha-rename/370	canonical-definitional	base	0	canonical-invariance	370		9				2																d4f5a689e76f19bd						rename-helper+alpha-rename	preserve	0	invariant
base/rename-helper+alpha-rename+inline-helper/371	canonical-definitional	base	0	canonical-invariance	371		9				2																d4f5a689e76f19bd						rename-helper+alpha-rename+inline-helper	preserve	0	invariant
base/rename-helper/372	canonical-definitional	base	0	canonical-invariance	372		9				2																d4f5a689e76f19bd						rename-helper	preserve	0	invariant
base/rename-helper+alpha-rename/373	canonical-definitional	base	0	canonical-invariance	373		9				2																d4f5a689e76f19bd						rename-helper+alpha-rename	preserve	0	invariant
base/rename-helper+alpha-rename+inline-helper/374	canonical-definitional	base	0	canonical-invariance	374		9				2																d4f5a689e76f19bd						rename-helper+alpha-rename+inline-helper	preserve	0	invariant
base/rename-helper/375	canonical-definitional	base	0	canonical-invariance	375		9				2																d4f5a689e76f19bd						rename-helper	preserve	0	invariant
base/rename-helper+alpha-rename/376	canonical-definitional	base	0	canonical-invariance	376		9				2																d4f5a689e76f19bd						rename-helper+alpha-rename	preserve	0	invariant
base/rename-helper+alpha-rename+inline-helper/377	canonical-definitional	base	0	canonical-invariance	377		9				2																d4f5a689e76f19bd						rename-helper+alpha-rename+inline-helper	preserve	0	invariant
base/rename-helper/378	canonical-definitional	base	0	canonical-invariance	378		9				2																d4f5a689e76f19bd						rename-helper	preserve	0	invariant
base/rename-helper+alpha-rename/379	canonical-definitional	base	0	canonical-invariance	379		9				2																d4f5a689e76f19bd						rename-helper+alpha-rename	preserve	0	invariant
base/rename-helper+alpha-rename+inline-helper/380	canonical-definitional	base	0	canonical-invariance	380		9				2																d4f5a689e76f19bd						rename-helper+alpha-rename+inline-helper	preserve	0	invariant
base/rename-helper/381	canonical-definitional	base	0	canonical-invariance	381		9				2																d4f5a689e76f19bd						rename-helper	preserve	0	invariant
base/rename-helper+alpha-rename/382	canonical-definitional	base	0	canonical-invariance	382		9				2																d4f5a689e76f19bd						rename-helper+alpha-rename	preserve	0	invariant
base/rename-helper+alpha-rename+inline-helper/383	canonical-definitional	base	0	canonical-invariance	383		9				2																d4f5a689e76f19bd						rename-helper+alpha-rename+inline-helper	preserve	0	invariant
base/rename-helper/384	canonical-definitional	base	0	canonical-invariance	384		9				2																d4f5a689e76f19bd						rename-helper	preserve	0	invariant
base/rename-helper+alpha-rename/385	canonical-definitional	base	0	canonical-invariance	385		9				2																d4f5a689e76f19bd						rename-helper+alpha-rename	preserve	0	invariant
base/rename-helper+alpha-rename+inline-helper/386	canonical-definitional	base	0	canonical-invariance	386		9				2																d4f5a689e76f19bd						rename-helper+alpha-rename+inline-helper	preserve	0	invariant
base/rename-helper/387	canonical-definitional	base	0	canonical-invariance	387		9				2																d4f5a689e76f19bd						rename-helper	preserve	0	invariant
base/rename-helper+alpha-rename/388	canonical-definitional	base	0	canonical-invariance	388		9				2																d4f5a689e76f19bd						rename-helper+alpha-rename	preserve	0	invariant
base/rename-helper+alpha-rename+inline-helper/389	canonical-definitional	base	0	canonical-invariance	389		9				2																d4f5a689e76f19bd						rename-helper+alpha-rename+inline-helper	preserve	0	invariant
base/rename-helper/390	canonical-definitional	base	0	canonical-invariance	390		9				2																d4f5a689e76f19bd						rename-helper	preserve	0	invariant
base/rename-helper+alpha-rename/391	canonical-definitional	base	0	canonical-invariance	391		9				2																d4f5a689e76f19bd						rename-helper+alpha-rename	preserve	0	invariant
base/rename-helper+alpha-rename+inline-helper/392	canonical-definitional	base	0	canonical-invariance	392		9				2																d4f5a689e76f19bd						rename-helper+alpha-rename+inline-helper	preserve	0	invariant
base/rename-helper/393	canonical-definitional	base	0	canonical-invariance	393		9				2																d4f5a689e76f19bd						rename-helper	preserve	0	invariant
base/rename-helper+alpha-rename/394	canonical-definitional	base	0	canonical-invariance	394		9				2																d4f5a689e76f19bd						rename-helper+alpha-rename	preserve	0	invariant
base/rename-helper+alpha-rename+inline-helper/395	canonical-definitional	base	0	canonical-invariance	395		9				2																d4f5a689e76f19bd						rename-helper+alpha-rename+inline-helper	preserve	0	invariant
base/rename-helper/396	canonical-definitional	base	0	canonical-invariance	396		9				2																d4f5a689e76f19bd						rename-helper	preserve	0	invariant
base/rename-helper+alpha-rename/397	canonical-definitional	base	0	canonical-invariance	397		9				2																d4f5a689e76f19bd						rename-helper+alpha-rename	preserve	0	invariant
base/rename-helper+alpha-rename+inline-helper/398	canonical-definitional	base	0	canonical-invariance	398		9				2																d4f5a689e76f19bd						rename-helper+alpha-rename+inline-helper	preserve	0	invariant
base/rename-helper/399	canonical-definitional	base	0	canonical-invariance	399		9				2																d4f5a689e76f19bd						rename-helper	preserve	0	invariant
base/rename-helper+alpha-rename/400	canonical-definitional	base	0	canonical-invariance	400		9				2																d4f5a689e76f19bd						rename-helper+alpha-rename	preserve	0	invariant
base/rename-helper+alpha-rename+inline-helper/401	canonical-definitional	base	0	canonical-invariance	401		9				2																d4f5a689e76f19bd						rename-helper+alpha-rename+inline-helper	preserve	0	invariant
base/rename-helper/402	canonical-definitional	base	0	canonical-invariance	402		9				2																d4f5a689e76f19bd						rename-helper	preserve	0	invariant
base/rename-helper+alpha-rename/403	canonical-definitional	base	0	canonical-invariance	403		9				2																d4f5a689e76f19bd						rename-helper+alpha-rename	preserve	0	invariant
base/rename-helper+alpha-rename+inline-helper/404	canonical-definitional	base	0	canonical-invariance	404		9				2																d4f5a689e76f19bd						rename-helper+alpha-rename+inline-helper	preserve	0	invariant
base/rename-helper/405	canonical-definitional	base	0	canonical-invariance	405		9				2																d4f5a689e76f19bd						rename-helper	preserve	0	invariant
base/rename-helper+alpha-rename/406	canonical-definitional	base	0	canonical-invariance	406		9				2																d4f5a689e76f19bd						rename-helper+alpha-rename	preserve	0	invariant
base/rename-helper+alpha-rename+inline-helper/407	canonical-definitional	base	0	canonical-invariance	407		9				2																d4f5a689e76f19bd						rename-helper+alpha-rename+inline-helper	preserve	0	invariant
base/rename-helper/408	canonical-definitional	base	0	canonical-invariance	408		9				2																d4f5a689e76f19bd						rename-helper	preserve	0	invariant
base/rename-helper+alpha-rename/409	canonical-definitional	base	0	canonical-invariance	409		9				2																d4f5a689e76f19bd						rename-helper+alpha-rename	preserve	0	invariant
base/rename-helper+alpha-rename+inline-helper/410	canonical-definitional	base	0	canonical-invariance	410		9				2																d4f5a689e76f19bd						rename-helper+alpha-rename+inline-helper	preserve	0	invariant
base/rename-helper/411	canonical-definitional	base	0	canonical-invariance	411		9				2																d4f5a689e76f19bd						rename-helper	preserve	0	invariant
base/rename-helper+alpha-rename/412	canonical-definitional	base	0	canonical-invariance	412		9				2																d4f5a689e76f19bd						rename-helper+alpha-rename	preserve	0	invariant
base/rename-helper+alpha-rename+inline-helper/413	canonical-definitional	base	0	canonical-invariance	413		9				2																d4f5a689e76f19bd						rename-helper+alpha-rename+inline-helper	preserve	0	invariant
base/rename-helper/414	canonical-definitional	base	0	canonical-invariance	414		9				2																d4f5a689e76f19bd						rename-helper	preserve	0	invariant
base/rename-helper+alpha-rename/415	canonical-definitional	base	0	canonical-invariance	415		9				2																d4f5a689e76f19bd						rename-helper+alpha-rename	preserve	0	invariant
base/rename-helper+alpha-rename+inline-helper/416	canonical-definitional	base	0	canonical-invariance	416		9				2																d4f5a689e76f19bd						rename-helper+alpha-rename+inline-helper	preserve	0	invariant
base/rename-helper/417	canonical-definitional	base	0	canonical-invariance	417		9				2																d4f5a689e76f19bd						rename-helper	preserve	0	invariant
base/rename-helper+alpha-rename/418	canonical-definitional	base	0	canonical-invariance	418		9				2																d4f5a689e76f19bd						rename-helper+alpha-rename	preserve	0	invariant
base/rename-helper+alpha-rename+inline-helper/419	canonical-definitional	base	0	canonical-invariance	419		9				2																d4f5a689e76f19bd						rename-helper+alpha-rename+inline-helper	preserve	0	invariant
base/rename-helper/420	canonical-definitional	base	0	canonical-invariance	420		9				2																d4f5a689e76f19bd						rename-helper	preserve	0	invariant
base/rename-helper+alpha-rename/421	canonical-definitional	base	0	canonical-invariance	421		9				2																d4f5a689e76f19bd						rename-helper+alpha-rename	preserve	0	invariant
base/rename-helper+alpha-rename+inline-helper/422	canonical-definitional	base	0	canonical-invariance	422		9				2																d4f5a689e76f19bd						rename-helper+alpha-rename+inline-helper	preserve	0	invariant
base/rename-helper/423	canonical-definitional	base	0	canonical-invariance	423		9				2																d4f5a689e76f19bd						rename-helper	preserve	0	invariant
base/rename-helper+alpha-rename/424	canonical-definitional	base	0	canonical-invariance	424		9				2																d4f5a689e76f19bd						rename-helper+alpha-rename	preserve	0	invariant
base/rename-helper+alpha-rename+inline-helper/425	canonical-definitional	base	0	canonical-invariance	425		9				2																d4f5a689e76f19bd						rename-helper+alpha-rename+inline-helper	preserve	0	invariant
base/rename-helper/426	canonical-definitional	base	0	canonical-invariance	426		9				2																d4f5a689e76f19bd						rename-helper	preserve	0	invariant
base/rename-helper+alpha-rename/427	canonical-definitional	base	0	canonical-invariance	427		9				2																d4f5a689e76f19bd						rename-helper+alpha-rename	preserve	0	invariant
base/rename-helper+alpha-rename+inline-helper/428	canonical-definitional	base	0	canonical-invariance	428		9				2																d4f5a689e76f19bd						rename-helper+alpha-rename+inline-helper	preserve	0	invariant
base/rename-helper/429	canonical-definitional	base	0	canonical-invariance	429		9				2																d4f5a689e76f19bd						rename-helper	preserve	0	invariant
base/rename-helper+alpha-rename/430	canonical-definitional	base	0	canonical-invariance	430		9				2																d4f5a689e76f19bd						rename-helper+alpha-rename	preserve	0	invariant
base/rename-helper+alpha-rename+inline-helper/431	canonical-definitional	base	0	canonical-invariance	431		9				2																d4f5a689e76f19bd						rename-helper+alpha-rename+inline-helper	preserve	0	invariant
base/rename-helper/432	canonical-definitional	base	0	canonical-invariance	432		9				2																d4f5a689e76f19bd						rename-helper	preserve	0	invariant
base/rename-helper+alpha-rename/433	canonical-definitional	base	0	canonical-invariance	433		9				2																d4f5a689e76f19bd						rename-helper+alpha-rename	preserve	0	invariant
base/rename-helper+alpha-rename+inline-helper/434	canonical-definitional	base	0	canonical-invariance	434		9				2																d4f5a689e76f19bd						rename-helper+alpha-rename+inline-helper	preserve	0	invariant
base/rename-helper/435	canonical-definitional	base	0	canonical-invariance	435		9				2																d4f5a689e76f19bd						rename-helper	preserve	0	invariant
base/rename-helper+alpha-rename/436	canonical-definitional	base	0	canonical-invariance	436		9				2																d4f5a689e76f19bd						rename-helper+alpha-rename	preserve	0	invariant
base/rename-helper+alpha-rename+inline-helper/437	canonical-definitional	base	0	canonical-invariance	437		9				2																d4f5a689e76f19bd						rename-helper+alpha-rename+inline-helper	preserve	0	invariant
base/rename-helper/438	canonical-definitional	base	0	canonical-invariance	438		9				2																d4f5a689e76f19bd						rename-helper	preserve	0	invariant
base/rename-helper+alpha-rename/439	canonical-definitional	base	0	canonical-invariance	439		9				2																d4f5a689e76f19bd						rename-helper+alpha-rename	preserve	0	invariant
base/rename-helper+alpha-rename+inline-helper/440	canonical-definitional	base	0	canonical-invariance	440		9				2																d4f5a689e76f19bd						rename-helper+alpha-rename+inline-helper	preserve	0	invariant
base/rename-helper/441	canonical-definitional	base	0	canonical-invariance	441		9				2																d4f5a689e76f19bd						rename-helper	preserve	0	invariant
base/rename-helper+alpha-rename/442	canonical-definitional	base	0	canonical-invariance	442		9				2																d4f5a689e76f19bd						rename-helper+alpha-rename	preserve	0	invariant
base/rename-helper+alpha-rename+inline-helper/443	canonical-definitional	base	0	canonical-invariance	443		9				2																d4f5a689e76f19bd						rename-helper+alpha-rename+inline-helper	preserve	0	invariant
base/rename-helper/444	canonical-definitional	base	0	canonical-invariance	444		9				2																d4f5a689e76f19bd						rename-helper	preserve	0	invariant
base/rename-helper+alpha-rename/445	canonical-definitional	base	0	canonical-invariance	445		9				2																d4f5a689e76f19bd						rename-helper+alpha-rename	preserve	0	invariant
base/rename-helper+alpha-rename+inline-helper/446	canonical-definitional	base	0	canonical-invariance	446		9				2																d4f5a689e76f19bd						rename-helper+alpha-rename+inline-helper	preserve	0	invariant
base/rename-helper/447	canonical-definitional	base	0	canonical-invariance	447		9				2																d4f5a689e76f19bd						rename-helper	preserve	0	invariant
base/rename-helper+alpha-rename/448	canonical-definitional	base	0	canonical-invariance	448		9				2																d4f5a689e76f19bd						rename-helper+alpha-rename	preserve	0	invariant
base/rename-helper+alpha-rename+inline-helper/449	canonical-definitional	base	0	canonical-invariance	449		9				2																d4f5a689e76f19bd						rename-helper+alpha-rename+inline-helper	preserve	0	invariant
base/rename-helper/450	canonical-definitional	base	0	canonical-invariance	450		9				2																d4f5a689e76f19bd						rename-helper	preserve	0	invariant
base/rename-helper+alpha-rename/451	canonical-definitional	base	0	canonical-invariance	451		9				2																d4f5a689e76f19bd						rename-helper+alpha-rename	preserve	0	invariant
base/rename-helper+alpha-rename+inline-helper/452	canonical-definitional	base	0	canonical-invariance	452		9				2																d4f5a689e76f19bd						rename-helper+alpha-rename+inline-helper	preserve	0	invariant
base/rename-helper/453	canonical-definitional	base	0	canonical-invariance	453		9				2																d4f5a689e76f19bd						rename-helper	preserve	0	invariant
base/rename-helper+alpha-rename/454	canonical-definitional	base	0	canonical-invariance	454		9				2																d4f5a689e76f19bd						rename-helper+alpha-rename	preserve	0	invariant
base/rename-helper+alpha-rename+inline-helper/455	canonical-definitional	base	0	canonical-invariance	455		9				2																d4f5a689e76f19bd						rename-helper+alpha-rename+inline-helper	preserve	0	invariant
base/rename-helper/456	canonical-definitional	base	0	canonical-invariance	456		9				2																d4f5a689e76f19bd						rename-helper	preserve	0	invariant
base/rename-helper+alpha-rename/457	canonical-definitional	base	0	canonical-invariance	457		9				2																d4f5a689e76f19bd						rename-helper+alpha-rename	preserve	0	invariant
base/rename-helper+alpha-rename+inline-helper/458	canonical-definitional	base	0	canonical-invariance	458		9				2																d4f5a689e76f19bd						rename-helper+alpha-rename+inline-helper	preserve	0	invariant
base/rename-helper/459	canonical-definitional	base	0	canonical-invariance	459		9				2																d4f5a689e76f19bd						rename-helper	preserve	0	invariant
base/rename-helper+alpha-rename/460	canonical-definitional	base	0	canonical-invariance	460		9				2																d4f5a689e76f19bd						rename-helper+alpha-rename	preserve	0	invariant
base/rename-helper+alpha-rename+inline-helper/461	canonical-definitional	base	0	canonical-invariance	461		9				2																d4f5a689e76f19bd						rename-helper+alpha-rename+inline-helper	preserve	0	invariant
base/rename-helper/462	canonical-definitional	base	0	canonical-invariance	462		9				2																d4f5a689e76f19bd						rename-helper	preserve	0	invariant
base/rename-helper+alpha-rename/463	canonical-definitional	base	0	canonical-invariance	463		9				2																d4f5a689e76f19bd						rename-helper+alpha-rename	preserve	0	invariant
base/rename-helper+alpha-rename+inline-helper/464	canonical-definitional	base	0	canonical-invariance	464		9				2																d4f5a689e76f19bd						rename-helper+alpha-rename+inline-helper	preserve	0	invariant
base/rename-helper/465	canonical-definitional	base	0	canonical-invariance	465		9				2																d4f5a689e76f19bd						rename-helper	preserve	0	invariant
base/rename-helper+alpha-rename/466	canonical-definitional	base	0	canonical-invariance	466		9				2																d4f5a689e76f19bd						rename-helper+alpha-rename	preserve	0	invariant
base/rename-helper+alpha-rename+inline-helper/467	canonical-definitional	base	0	canonical-invariance	467		9				2																d4f5a689e76f19bd						rename-helper+alpha-rename+inline-helper	preserve	0	invariant
base/rename-helper/468	canonical-definitional	base	0	canonical-invariance	468		9				2																d4f5a689e76f19bd						rename-helper	preserve	0	invariant
base/rename-helper+alpha-rename/469	canonical-definitional	base	0	canonical-invariance	469		9				2																d4f5a689e76f19bd						rename-helper+alpha-rename	preserve	0	invariant
base/rename-helper+alpha-rename+inline-helper/470	canonical-definitional	base	0	canonical-invariance	470		9				2																d4f5a689e76f19bd						rename-helper+alpha-rename+inline-helper	preserve	0	invariant
base/rename-helper/471	canonical-definitional	base	0	canonical-invariance	471		9				2																d4f5a689e76f19bd						rename-helper	preserve	0	invariant
base/rename-helper+alpha-rename/472	canonical-definitional	base	0	canonical-invariance	472		9				2																d4f5a689e76f19bd						rename-helper+alpha-rename	preserve	0	invariant
base/rename-helper+alpha-rename+inline-helper/473	canonical-definitional	base	0	canonical-invariance	473		9				2																d4f5a689e76f19bd						rename-helper+alpha-rename+inline-helper	preserve	0	invariant
base/rename-helper/474	canonical-definitional	base	0	canonical-invariance	474		9				2																d4f5a689e76f19bd						rename-helper	preserve	0	invariant
base/rename-helper+alpha-rename/475	canonical-definitional	base	0	canonical-invariance	475		9				2																d4f5a689e76f19bd						rename-helper+alpha-rename	preserve	0	invariant
base/rename-helper+alpha-rename+inline-helper/476	canonical-definitional	base	0	canonical-invariance	476		9				2																d4f5a689e76f19bd						rename-helper+alpha-rename+inline-helper	preserve	0	invariant
base/rename-helper/477	canonical-definitional	base	0	canonical-invariance	477		9				2																d4f5a689e76f19bd						rename-helper	preserve	0	invariant
base/rename-helper+alpha-rename/478	canonical-definitional	base	0	canonical-invariance	478		9				2																d4f5a689e76f19bd						rename-helper+alpha-rename	preserve	0	invariant
base/rename-helper+alpha-rename+inline-helper/479	canonical-definitional	base	0	canonical-invariance	479		9				2																d4f5a689e76f19bd						rename-helper+alpha-rename+inline-helper	preserve	0	invariant
base/rename-helper/480	canonical-definitional	base	0	canonical-invariance	480		9				2																d4f5a689e76f19bd						rename-helper	preserve	0	invariant
base/rename-helper+alpha-rename/481	canonical-definitional	base	0	canonical-invariance	481		9				2																d4f5a689e76f19bd						rename-helper+alpha-rename	preserve	0	invariant
base/rename-helper+alpha-rename+inline-helper/482	canonical-definitional	base	0	canonical-invariance	482		9				2																d4f5a689e76f19bd						rename-helper+alpha-rename+inline-helper	preserve	0	invariant
base/rename-helper/483	canonical-definitional	base	0	canonical-invariance	483		9				2																d4f5a689e76f19bd						rename-helper	preserve	0	invariant
base/rename-helper+alpha-rename/484	canonical-definitional	base	0	canonical-invariance	484		9				2																d4f5a689e76f19bd						rename-helper+alpha-rename	preserve	0	invariant
base/rename-helper+alpha-rename+inline-helper/485	canonical-definitional	base	0	canonical-invariance	485		9				2																d4f5a689e76f19bd						rename-helper+alpha-rename+inline-helper	preserve	0	invariant
base/rename-helper/486	canonical-definitional	base	0	canonical-invariance	486		9				2																d4f5a689e76f19bd						rename-helper	preserve	0	invariant
base/rename-helper+alpha-rename/487	canonical-definitional	base	0	canonical-invariance	487		9				2																d4f5a689e76f19bd						rename-helper+alpha-rename	preserve	0	invariant
base/rename-helper+alpha-rename+inline-helper/488	canonical-definitional	base	0	canonical-invariance	488		9				2																d4f5a689e76f19bd						rename-helper+alpha-rename+inline-helper	preserve	0	invariant
base/rename-helper/489	canonical-definitional	base	0	canonical-invariance	489		9				2																d4f5a689e76f19bd						rename-helper	preserve	0	invariant
base/rename-helper+alpha-rename/490	canonical-definitional	base	0	canonical-invariance	490		9				2																d4f5a689e76f19bd						rename-helper+alpha-rename	preserve	0	invariant
base/rename-helper+alpha-rename+inline-helper/491	canonical-definitional	base	0	canonical-invariance	491		9				2																d4f5a689e76f19bd						rename-helper+alpha-rename+inline-helper	preserve	0	invariant
base/rename-helper/492	canonical-definitional	base	0	canonical-invariance	492		9				2																d4f5a689e76f19bd						rename-helper	preserve	0	invariant
base/rename-helper+alpha-rename/493	canonical-definitional	base	0	canonical-invariance	493		9				2																d4f5a689e76f19bd						rename-helper+alpha-rename	preserve	0	invariant
base/rename-helper+alpha-rename+inline-helper/494	canonical-definitional	base	0	canonical-invariance	494		9				2																d4f5a689e76f19bd						rename-helper+alpha-rename+inline-helper	preserve	0	invariant
base/rename-helper/495	canonical-definitional	base	0	canonical-invariance	495		9				2																d4f5a689e76f19bd						rename-helper	preserve	0	invariant
base/rename-helper+alpha-rename/496	canonical-definitional	base	0	canonical-invariance	496		9				2																d4f5a689e76f19bd						rename-helper+alpha-rename	preserve	0	invariant
base/rename-helper+alpha-rename+inline-helper/497	canonical-definitional	base	0	canonical-invariance	497		9				2																d4f5a689e76f19bd						rename-helper+alpha-rename+inline-helper	preserve	0	invariant
base/rename-helper/498	canonical-definitional	base	0	canonical-invariance	498		9				2																d4f5a689e76f19bd						rename-helper	preserve	0	invariant
base/rename-helper+alpha-rename/499	canonical-definitional	base	0	canonical-invariance	499		9				2																d4f5a689e76f19bd						rename-helper+alpha-rename	preserve	0	invariant
base/rename-helper+alpha-rename+inline-helper/500	canonical-definitional	base	0	canonical-invariance	500		9				2																d4f5a689e76f19bd						rename-helper+alpha-rename+inline-helper	preserve	0	invariant
base/rename-helper/501	canonical-definitional	base	0	canonical-invariance	501		9				2																d4f5a689e76f19bd						rename-helper	preserve	0	invariant
base/rename-helper+alpha-rename/502	canonical-definitional	base	0	canonical-invariance	502		9				2																d4f5a689e76f19bd						rename-helper+alpha-rename	preserve	0	invariant
base/rename-helper+alpha-rename+inline-helper/503	canonical-definitional	base	0	canonical-invariance	503		9				2																d4f5a689e76f19bd						rename-helper+alpha-rename+inline-helper	preserve	0	invariant
base/rename-helper/504	canonical-definitional	base	0	canonical-invariance	504		9				2																d4f5a689e76f19bd						rename-helper	preserve	0	invariant
base/rename-helper+alpha-rename/505	canonical-definitional	base	0	canonical-invariance	505		9				2																d4f5a689e76f19bd						rename-helper+alpha-rename	preserve	0	invariant
base/rename-helper+alpha-rename+inline-helper/506	canonical-definitional	base	0	canonical-invariance	506		9				2																d4f5a689e76f19bd						rename-helper+alpha-rename+inline-helper	preserve	0	invariant
base/rename-helper/507	canonical-definitional	base	0	canonical-invariance	507		9				2																d4f5a689e76f19bd						rename-helper	preserve	0	invariant
base/rename-helper+alpha-rename/508	canonical-definitional	base	0	canonical-invariance	508		9				2																d4f5a689e76f19bd						rename-helper+alpha-rename	preserve	0	invariant
base/rename-helper+alpha-rename+inline-helper/509	canonical-definitional	base	0	canonical-invariance	509		9				2																d4f5a689e76f19bd						rename-helper+alpha-rename+inline-helper	preserve	0	invariant
base/rename-helper/510	canonical-definitional	base	0	canonical-invariance	510		9				2																d4f5a689e76f19bd						rename-helper	preserve	0	invariant
base/rename-helper+alpha-rename/511	canonical-definitional	base	0	canonical-invariance	511		9				2																d4f5a689e76f19bd						rename-helper+alpha-rename	preserve	0	invariant
base/rename-helper+alpha-rename+inline-helper/512	canonical-definitional	base	0	canonical-invariance	512		9				2																d4f5a689e76f19bd						rename-helper+alpha-rename+inline-helper	preserve	0	invariant
base/rename-helper/513	canonical-definitional	base	0	canonical-invariance	513		9				2																d4f5a689e76f19bd						rename-helper	preserve	0	invariant
base/rename-helper+alpha-rename/514	canonical-definitional	base	0	canonical-invariance	514		9				2																d4f5a689e76f19bd						rename-helper+alpha-rename	preserve	0	invariant
base/rename-helper+alpha-rename+inline-helper/515	canonical-definitional	base	0	canonical-invariance	515		9				2																d4f5a689e76f19bd						rename-helper+alpha-rename+inline-helper	preserve	0	invariant
base/rename-helper/516	canonical-definitional	base	0	canonical-invariance	516		9				2																d4f5a689e76f19bd						rename-helper	preserve	0	invariant
base/rename-helper+alpha-rename/517	canonical-definitional	base	0	canonical-invariance	517		9				2																d4f5a689e76f19bd						rename-helper+alpha-rename	preserve	0	invariant
base/rename-helper+alpha-rename+inline-helper/518	canonical-definitional	base	0	canonical-invariance	518		9				2																d4f5a689e76f19bd						rename-helper+alpha-rename+inline-helper	preserve	0	invariant
base/rename-helper/519	canonical-definitional	base	0	canonical-invariance	519		9				2																d4f5a689e76f19bd						rename-helper	preserve	0	invariant
base/rename-helper+alpha-rename/520	canonical-definitional	base	0	canonical-invariance	520		9				2																d4f5a689e76f19bd						rename-helper+alpha-rename	preserve	0	invariant
base/rename-helper+alpha-rename+inline-helper/521	canonical-definitional	base	0	canonical-invariance	521		9				2																d4f5a689e76f19bd						rename-helper+alpha-rename+inline-helper	preserve	0	invariant
base/rename-helper/522	canonical-definitional	base	0	canonical-invariance	522		9				2																d4f5a689e76f19bd						rename-helper	preserve	0	invariant
base/rename-helper+alpha-rename/523	canonical-definitional	base	0	canonical-invariance	523		9				2																d4f5a689e76f19bd						rename-helper+alpha-rename	preserve	0	invariant
base/rename-helper+alpha-rename+inline-helper/524	canonical-definitional	base	0	canonical-invariance	524		9				2																d4f5a689e76f19bd						rename-helper+alpha-rename+inline-helper	preserve	0	invariant
base/rename-helper/525	canonical-definitional	base	0	canonical-invariance	525		9				2																d4f5a689e76f19bd						rename-helper	preserve	0	invariant
base/rename-helper+alpha-rename/526	canonical-definitional	base	0	canonical-invariance	526		9				2																d4f5a689e76f19bd						rename-helper+alpha-rename	preserve	0	invariant
base/rename-helper+alpha-rename+inline-helper/527	canonical-definitional	base	0	canonical-invariance	527		9				2																d4f5a689e76f19bd						rename-helper+alpha-rename+inline-helper	preserve	0	invariant
base/rename-helper/528	canonical-definitional	base	0	canonical-invariance	528		9				2																d4f5a689e76f19bd						rename-helper	preserve	0	invariant
base/rename-helper+alpha-rename/529	canonical-definitional	base	0	canonical-invariance	529		9				2																d4f5a689e76f19bd						rename-helper+alpha-rename	preserve	0	invariant
base/rename-helper+alpha-rename+inline-helper/530	canonical-definitional	base	0	canonical-invariance	530		9				2																d4f5a689e76f19bd						rename-helper+alpha-rename+inline-helper	preserve	0	invariant
base/rename-helper/531	canonical-definitional	base	0	canonical-invariance	531		9				2																d4f5a689e76f19bd						rename-helper	preserve	0	invariant
base/rename-helper+alpha-rename/532	canonical-definitional	base	0	canonical-invariance	532		9				2																d4f5a689e76f19bd						rename-helper+alpha-rename	preserve	0	invariant
base/rename-helper+alpha-rename+inline-helper/533	canonical-definitional	base	0	canonical-invariance	533		9				2																d4f5a689e76f19bd						rename-helper+alpha-rename+inline-helper	preserve	0	invariant
base/rename-helper/534	canonical-definitional	base	0	canonical-invariance	534		9				2																d4f5a689e76f19bd						rename-helper	preserve	0	invariant
base/rename-helper+alpha-rename/535	canonical-definitional	base	0	canonical-invariance	535		9				2																d4f5a689e76f19bd						rename-helper+alpha-rename	preserve	0	invariant
base/rename-helper+alpha-rename+inline-helper/536	canonical-definitional	base	0	canonical-invariance	536		9				2																d4f5a689e76f19bd						rename-helper+alpha-rename+inline-helper	preserve	0	invariant
base/rename-helper/537	canonical-definitional	base	0	canonical-invariance	537		9				2																d4f5a689e76f19bd						rename-helper	preserve	0	invariant
base/rename-helper+alpha-rename/538	canonical-definitional	base	0	canonical-invariance	538		9				2																d4f5a689e76f19bd						rename-helper+alpha-rename	preserve	0	invariant
base/rename-helper+alpha-rename+inline-helper/539	canonical-definitional	base	0	canonical-invariance	539		9				2																d4f5a689e76f19bd						rename-helper+alpha-rename+inline-helper	preserve	0	invariant
base/rename-helper/540	canonical-definitional	base	0	canonical-invariance	540		9				2																d4f5a689e76f19bd						rename-helper	preserve	0	invariant
base/rename-helper+alpha-rename/541	canonical-definitional	base	0	canonical-invariance	541		9				2																d4f5a689e76f19bd						rename-helper+alpha-rename	preserve	0	invariant
base/rename-helper+alpha-rename+inline-helper/542	canonical-definitional	base	0	canonical-invariance	542		9				2																d4f5a689e76f19bd						rename-helper+alpha-rename+inline-helper	preserve	0	invariant
base/rename-helper/543	canonical-definitional	base	0	canonical-invariance	543		9				2																d4f5a689e76f19bd						rename-helper	preserve	0	invariant
base/rename-helper+alpha-rename/544	canonical-definitional	base	0	canonical-invariance	544		9				2																d4f5a689e76f19bd						rename-helper+alpha-rename	preserve	0	invariant
base/rename-helper+alpha-rename+inline-helper/545	canonical-definitional	base	0	canonical-invariance	545		9				2																d4f5a689e76f19bd						rename-helper+alpha-rename+inline-helper	preserve	0	invariant
base/rename-helper/546	canonical-definitional	base	0	canonical-invariance	546		9				2																d4f5a689e76f19bd						rename-helper	preserve	0	invariant
base/rename-helper+alpha-rename/547	canonical-definitional	base	0	canonical-invariance	547		9				2																d4f5a689e76f19bd						rename-helper+alpha-rename	preserve	0	invariant
base/rename-helper+alpha-rename+inline-helper/548	canonical-definitional	base	0	canonical-invariance	548		9				2																d4f5a689e76f19bd						rename-helper+alpha-rename+inline-helper	preserve	0	invariant
base/rename-helper/549	canonical-definitional	base	0	canonical-invariance	549		9				2																d4f5a689e76f19bd						rename-helper	preserve	0	invariant
base/rename-helper+alpha-rename/550	canonical-definitional	base	0	canonical-invariance	550		9				2																d4f5a689e76f19bd						rename-helper+alpha-rename	preserve	0	invariant
base/rename-helper+alpha-rename+inline-helper/551	canonical-definitional	base	0	canonical-invariance	551		9				2																d4f5a689e76f19bd						rename-helper+alpha-rename+inline-helper	preserve	0	invariant
base/rename-helper/552	canonical-definitional	base	0	canonical-invariance	552		9				2																d4f5a689e76f19bd						rename-helper	preserve	0	invariant
base/rename-helper+alpha-rename/553	canonical-definitional	base	0	canonical-invariance	553		9				2																d4f5a689e76f19bd						rename-helper+alpha-rename	preserve	0	invariant
base/rename-helper+alpha-rename+inline-helper/554	canonical-definitional	base	0	canonical-invariance	554		9				2																d4f5a689e76f19bd						rename-helper+alpha-rename+inline-helper	preserve	0	invariant
base/rename-helper/555	canonical-definitional	base	0	canonical-invariance	555		9				2																d4f5a689e76f19bd						rename-helper	preserve	0	invariant
base/rename-helper+alpha-rename/556	canonical-definitional	base	0	canonical-invariance	556		9				2																d4f5a689e76f19bd						rename-helper+alpha-rename	preserve	0	invariant
base/rename-helper+alpha-rename+inline-helper/557	canonical-definitional	base	0	canonical-invariance	557		9				2																d4f5a689e76f19bd						rename-helper+alpha-rename+inline-helper	preserve	0	invariant
base/rename-helper/558	canonical-definitional	base	0	canonical-invariance	558		9				2																d4f5a689e76f19bd						rename-helper	preserve	0	invariant
base/rename-helper+alpha-rename/559	canonical-definitional	base	0	canonical-invariance	559		9				2																d4f5a689e76f19bd						rename-helper+alpha-rename	preserve	0	invariant
base/rename-helper+alpha-rename+inline-helper/560	canonical-definitional	base	0	canonical-invariance	560		9				2																d4f5a689e76f19bd						rename-helper+alpha-rename+inline-helper	preserve	0	invariant
base/rename-helper/561	canonical-definitional	base	0	canonical-invariance	561		9				2																d4f5a689e76f19bd						rename-helper	preserve	0	invariant
base/rename-helper+alpha-rename/562	canonical-definitional	base	0	canonical-invariance	562		9				2																d4f5a689e76f19bd						rename-helper+alpha-rename	preserve	0	invariant
base/rename-helper+alpha-rename+inline-helper/563	canonical-definitional	base	0	canonical-invariance	563		9				2																d4f5a689e76f19bd						rename-helper+alpha-rename+inline-helper	preserve	0	invariant
base/rename-helper/564	canonical-definitional	base	0	canonical-invariance	564		9				2																d4f5a689e76f19bd						rename-helper	preserve	0	invariant
base/rename-helper+alpha-rename/565	canonical-definitional	base	0	canonical-invariance	565		9				2																d4f5a689e76f19bd						rename-helper+alpha-rename	preserve	0	invariant
base/rename-helper+alpha-rename+inline-helper/566	canonical-definitional	base	0	canonical-invariance	566		9				2																d4f5a689e76f19bd						rename-helper+alpha-rename+inline-helper	preserve	0	invariant
base/rename-helper/567	canonical-definitional	base	0	canonical-invariance	567		9				2																d4f5a689e76f19bd						rename-helper	preserve	0	invariant
base/rename-helper+alpha-rename/568	canonical-definitional	base	0	canonical-invariance	568		9				2																d4f5a689e76f19bd						rename-helper+alpha-rename	preserve	0	invariant
base/rename-helper+alpha-rename+inline-helper/569	canonical-definitional	base	0	canonical-invariance	569		9				2																d4f5a689e76f19bd						rename-helper+alpha-rename+inline-helper	preserve	0	invariant
base/rename-helper/570	canonical-definitional	base	0	canonical-invariance	570		9				2																d4f5a689e76f19bd						rename-helper	preserve	0	invariant
base/rename-helper+alpha-rename/571	canonical-definitional	base	0	canonical-invariance	571		9				2																d4f5a689e76f19bd						rename-helper+alpha-rename	preserve	0	invariant
base/rename-helper+alpha-rename+inline-helper/572	canonical-definitional	base	0	canonical-invariance	572		9				2																d4f5a689e76f19bd						rename-helper+alpha-rename+inline-helper	preserve	0	invariant
base/rename-helper/573	canonical-definitional	base	0	canonical-invariance	573		9				2																d4f5a689e76f19bd						rename-helper	preserve	0	invariant
base/rename-helper+alpha-rename/574	canonical-definitional	base	0	canonical-invariance	574		9				2																d4f5a689e76f19bd						rename-helper+alpha-rename	preserve	0	invariant
base/rename-helper+alpha-rename+inline-helper/575	canonical-definitional	base	0	canonical-invariance	575		9				2																d4f5a689e76f19bd						rename-helper+alpha-rename+inline-helper	preserve	0	invariant
base/rename-helper/576	canonical-definitional	base	0	canonical-invariance	576		9				2																d4f5a689e76f19bd						rename-helper	preserve	0	invariant
base/rename-helper+alpha-rename/577	canonical-definitional	base	0	canonical-invariance	577		9				2																d4f5a689e76f19bd						rename-helper+alpha-rename	preserve	0	invariant
base/rename-helper+alpha-rename+inline-helper/578	canonical-definitional	base	0	canonical-invariance	578		9				2																d4f5a689e76f19bd						rename-helper+alpha-rename+inline-helper	preserve	0	invariant
base/rename-helper/579	canonical-definitional	base	0	canonical-invariance	579		9				2																d4f5a689e76f19bd						rename-helper	preserve	0	invariant
base/rename-helper+alpha-rename/580	canonical-definitional	base	0	canonical-invariance	580		9				2																d4f5a689e76f19bd						rename-helper+alpha-rename	preserve	0	invariant
base/rename-helper+alpha-rename+inline-helper/581	canonical-definitional	base	0	canonical-invariance	581		9				2																d4f5a689e76f19bd						rename-helper+alpha-rename+inline-helper	preserve	0	invariant
base/rename-helper/582	canonical-definitional	base	0	canonical-invariance	582		9				2																d4f5a689e76f19bd						rename-helper	preserve	0	invariant
base/rename-helper+alpha-rename/583	canonical-definitional	base	0	canonical-invariance	583		9				2																d4f5a689e76f19bd						rename-helper+alpha-rename	preserve	0	invariant
base/rename-helper+alpha-rename+inline-helper/584	canonical-definitional	base	0	canonical-invariance	584		9				2																d4f5a689e76f19bd						rename-helper+alpha-rename+inline-helper	preserve	0	invariant
base/rename-helper/585	canonical-definitional	base	0	canonical-invariance	585		9				2																d4f5a689e76f19bd						rename-helper	preserve	0	invariant
base/rename-helper+alpha-rename/586	canonical-definitional	base	0	canonical-invariance	586		9				2																d4f5a689e76f19bd						rename-helper+alpha-rename	preserve	0	invariant
base/rename-helper+alpha-rename+inline-helper/587	canonical-definitional	base	0	canonical-invariance	587		9				2																d4f5a689e76f19bd						rename-helper+alpha-rename+inline-helper	preserve	0	invariant
base/rename-helper/588	canonical-definitional	base	0	canonical-invariance	588		9				2																d4f5a689e76f19bd						rename-helper	preserve	0	invariant
base/rename-helper+alpha-rename/589	canonical-definitional	base	0	canonical-invariance	589		9				2																d4f5a689e76f19bd						rename-helper+alpha-rename	preserve	0	invariant
base/rename-helper+alpha-rename+inline-helper/590	canonical-definitional	base	0	canonical-invariance	590		9				2																d4f5a689e76f19bd						rename-helper+alpha-rename+inline-helper	preserve	0	invariant
base/rename-helper/591	canonical-definitional	base	0	canonical-invariance	591		9				2																d4f5a689e76f19bd						rename-helper	preserve	0	invariant
base/rename-helper+alpha-rename/592	canonical-definitional	base	0	canonical-invariance	592		9				2																d4f5a689e76f19bd						rename-helper+alpha-rename	preserve	0	invariant
base/rename-helper+alpha-rename+inline-helper/593	canonical-definitional	base	0	canonical-invariance	593		9				2																d4f5a689e76f19bd						rename-helper+alpha-rename+inline-helper	preserve	0	invariant
base/rename-helper/594	canonical-definitional	base	0	canonical-invariance	594		9				2																d4f5a689e76f19bd						rename-helper	preserve	0	invariant
base/rename-helper+alpha-rename/595	canonical-definitional	base	0	canonical-invariance	595		9				2																d4f5a689e76f19bd						rename-helper+alpha-rename	preserve	0	invariant
base/rename-helper+alpha-rename+inline-helper/596	canonical-definitional	base	0	canonical-invariance	596		9				2																d4f5a689e76f19bd						rename-helper+alpha-rename+inline-helper	preserve	0	invariant
base/rename-helper/597	canonical-definitional	base	0	canonical-invariance	597		9				2																d4f5a689e76f19bd						rename-helper	preserve	0	invariant
base/rename-helper+alpha-rename/598	canonical-definitional	base	0	canonical-invariance	598		9				2																d4f5a689e76f19bd						rename-helper+alpha-rename	preserve	0	invariant
base/rename-helper+alpha-rename+inline-helper/599	canonical-definitional	base	0	canonical-invariance	599		9				2																d4f5a689e76f19bd						rename-helper+alpha-rename+inline-helper	preserve	0	invariant
base/rename-helper/600	canonical-definitional	base	0	canonical-invariance	600		9				2																d4f5a689e76f19bd						rename-helper	preserve	0	invariant
base/swap-selectors/1	canonical-definitional	base	0	canonical-invariance	1		7				1																d4f5a689e76f19bd						swap-selectors	drift	1	canonical_word:2fd572dcc2df3dcd!=1b4d08f82dc49f82
base/change-constant/1	canonical-definitional	base	0	canonical-invariance	1		9				2																d4f5a689e76f19bd						change-constant	drift	1	canonical_word:2301a0958e062c24!=c649b0876caadaf6
base/swap-cons-args/1	canonical-definitional	base	0	canonical-invariance	1		9				2																d4f5a689e76f19bd						swap-cons-args	drift	1	canonical_word:2fd572dcc2df3dcd!=bf69183b56295fbe
recursive-scc/whitespace+alias-intro/1	canonical-definitional	recursive-scc	0	canonical-invariance	1		15				1																fff47bc3705436c8						whitespace+alias-intro	preserve	0	invariant
recursive-scc/alias-intro+alpha-rename+whitespace/2	canonical-definitional	recursive-scc	0	canonical-invariance	2		15				1																fff47bc3705436c8						alias-intro+alpha-rename+whitespace	preserve	0	invariant
recursive-scc/alpha-rename/3	canonical-definitional	recursive-scc	0	canonical-invariance	3		15				1																fff47bc3705436c8						alpha-rename	preserve	0	invariant
recursive-scc/whitespace+alias-intro/4	canonical-definitional	recursive-scc	0	canonical-invariance	4		15				1																fff47bc3705436c8						whitespace+alias-intro	preserve	0	invariant
recursive-scc/alias-intro+alpha-rename+whitespace/5	canonical-definitional	recursive-scc	0	canonical-invariance	5		15				1																fff47bc3705436c8						alias-intro+alpha-rename+whitespace	preserve	0	invariant
recursive-scc/alpha-rename/6	canonical-definitional	recursive-scc	0	canonical-invariance	6		15				1																fff47bc3705436c8						alpha-rename	preserve	0	invariant
recursive-scc/whitespace+alias-intro/7	canonical-definitional	recursive-scc	0	canonical-invariance	7		15				1																fff47bc3705436c8						whitespace+alias-intro	preserve	0	invariant
recursive-scc/alias-intro+alpha-rename+whitespace/8	canonical-definitional	recursive-scc	0	canonical-invariance	8		15				1																fff47bc3705436c8						alias-intro+alpha-rename+whitespace	preserve	0	invariant
recursive-scc/alpha-rename/9	canonical-definitional	recursive-scc	0	canonical-invariance	9		15				1																fff47bc3705436c8						alpha-rename	preserve	0	invariant
recursive-scc/whitespace+alias-intro/10	canonical-definitional	recursive-scc	0	canonical-invariance	10		15				1																fff47bc3705436c8						whitespace+alias-intro	preserve	0	invariant
recursive-scc/alias-intro+alpha-rename+whitespace/11	canonical-definitional	recursive-scc	0	canonical-invariance	11		15				1																fff47bc3705436c8						alias-intro+alpha-rename+whitespace	preserve	0	invariant
recursive-scc/alpha-rename/12	canonical-definitional	recursive-scc	0	canonical-invariance	12		15				1																fff47bc3705436c8						alpha-rename	preserve	0	invariant
recursive-scc/whitespace+alias-intro/13	canonical-definitional	recursive-scc	0	canonical-invariance	13		15				1																fff47bc3705436c8						whitespace+alias-intro	preserve	0	invariant
recursive-scc/alias-intro+alpha-rename+whitespace/14	canonical-definitional	recursive-scc	0	canonical-invariance	14		15				1																fff47bc3705436c8						alias-intro+alpha-rename+whitespace	preserve	0	invariant
recursive-scc/alpha-rename/15	canonical-definitional	recursive-scc	0	canonical-invariance	15		15				1																fff47bc3705436c8						alpha-rename	preserve	0	invariant
recursive-scc/whitespace+alias-intro/16	canonical-definitional	recursive-scc	0	canonical-invariance	16		15				1																fff47bc3705436c8						whitespace+alias-intro	preserve	0	invariant
recursive-scc/alias-intro+alpha-rename+whitespace/17	canonical-definitional	recursive-scc	0	canonical-invariance	17		15				1																fff47bc3705436c8						alias-intro+alpha-rename+whitespace	preserve	0	invariant
recursive-scc/alpha-rename/18	canonical-definitional	recursive-scc	0	canonical-invariance	18		15				1																fff47bc3705436c8						alpha-rename	preserve	0	invariant
recursive-scc/whitespace+alias-intro/19	canonical-definitional	recursive-scc	0	canonical-invariance	19		15				1																fff47bc3705436c8						whitespace+alias-intro	preserve	0	invariant
recursive-scc/alias-intro+alpha-rename+whitespace/20	canonical-definitional	recursive-scc	0	canonical-invariance	20		15				1																fff47bc3705436c8						alias-intro+alpha-rename+whitespace	preserve	0	invariant
recursive-scc/alpha-rename/21	canonical-definitional	recursive-scc	0	canonical-invariance	21		15				1																fff47bc3705436c8						alpha-rename	preserve	0	invariant
recursive-scc/whitespace+alias-intro/22	canonical-definitional	recursive-scc	0	canonical-invariance	22		15				1																fff47bc3705436c8						whitespace+alias-intro	preserve	0	invariant
recursive-scc/alias-intro+alpha-rename+whitespace/23	canonical-definitional	recursive-scc	0	canonical-invariance	23		15				1																fff47bc3705436c8						alias-intro+alpha-rename+whitespace	preserve	0	invariant
recursive-scc/alpha-rename/24	canonical-definitional	recursive-scc	0	canonical-invariance	24		15				1																fff47bc3705436c8						alpha-rename	preserve	0	invariant
recursive-scc/whitespace+alias-intro/25	canonical-definitional	recursive-scc	0	canonical-invariance	25		15				1																fff47bc3705436c8						whitespace+alias-intro	preserve	0	invariant
recursive-scc/alias-intro+alpha-rename+whitespace/26	canonical-definitional	recursive-scc	0	canonical-invariance	26		15				1																fff47bc3705436c8						alias-intro+alpha-rename+whitespace	preserve	0	invariant
recursive-scc/alpha-rename/27	canonical-definitional	recursive-scc	0	canonical-invariance	27		15				1																fff47bc3705436c8						alpha-rename	preserve	0	invariant
recursive-scc/whitespace+alias-intro/28	canonical-definitional	recursive-scc	0	canonical-invariance	28		15				1																fff47bc3705436c8						whitespace+alias-intro	preserve	0	invariant
recursive-scc/alias-intro+alpha-rename+whitespace/29	canonical-definitional	recursive-scc	0	canonical-invariance	29		15				1																fff47bc3705436c8						alias-intro+alpha-rename+whitespace	preserve	0	invariant
recursive-scc/alpha-rename/30	canonical-definitional	recursive-scc	0	canonical-invariance	30		15				1																fff47bc3705436c8						alpha-rename	preserve	0	invariant
recursive-scc/whitespace+alias-intro/31	canonical-definitional	recursive-scc	0	canonical-invariance	31		15				1																fff47bc3705436c8						whitespace+alias-intro	preserve	0	invariant
recursive-scc/alias-intro+alpha-rename+whitespace/32	canonical-definitional	recursive-scc	0	canonical-invariance	32		15				1																fff47bc3705436c8						alias-intro+alpha-rename+whitespace	preserve	0	invariant
recursive-scc/alpha-rename/33	canonical-definitional	recursive-scc	0	canonical-invariance	33		15				1																fff47bc3705436c8						alpha-rename	preserve	0	invariant
recursive-scc/whitespace+alias-intro/34	canonical-definitional	recursive-scc	0	canonical-invariance	34		15				1																fff47bc3705436c8						whitespace+alias-intro	preserve	0	invariant
recursive-scc/alias-intro+alpha-rename+whitespace/35	canonical-definitional	recursive-scc	0	canonical-invariance	35		15				1																fff47bc3705436c8						alias-intro+alpha-rename+whitespace	preserve	0	invariant
recursive-scc/alpha-rename/36	canonical-definitional	recursive-scc	0	canonical-invariance	36		15				1																fff47bc3705436c8						alpha-rename	preserve	0	invariant
recursive-scc/whitespace+alias-intro/37	canonical-definitional	recursive-scc	0	canonical-invariance	37		15				1																fff47bc3705436c8						whitespace+alias-intro	preserve	0	invariant
recursive-scc/alias-intro+alpha-rename+whitespace/38	canonical-definitional	recursive-scc	0	canonical-invariance	38		15				1																fff47bc3705436c8						alias-intro+alpha-rename+whitespace	preserve	0	invariant
recursive-scc/alpha-rename/39	canonical-definitional	recursive-scc	0	canonical-invariance	39		15				1																fff47bc3705436c8						alpha-rename	preserve	0	invariant
recursive-scc/whitespace+alias-intro/40	canonical-definitional	recursive-scc	0	canonical-invariance	40		15				1																fff47bc3705436c8						whitespace+alias-intro	preserve	0	invariant
recursive-scc/alias-intro+alpha-rename+whitespace/41	canonical-definitional	recursive-scc	0	canonical-invariance	41		15				1																fff47bc3705436c8						alias-intro+alpha-rename+whitespace	preserve	0	invariant
recursive-scc/alpha-rename/42	canonical-definitional	recursive-scc	0	canonical-invariance	42		15				1																fff47bc3705436c8						alpha-rename	preserve	0	invariant
recursive-scc/whitespace+alias-intro/43	canonical-definitional	recursive-scc	0	canonical-invariance	43		15				1																fff47bc3705436c8						whitespace+alias-intro	preserve	0	invariant
recursive-scc/alias-intro+alpha-rename+whitespace/44	canonical-definitional	recursive-scc	0	canonical-invariance	44		15				1																fff47bc3705436c8						alias-intro+alpha-rename+whitespace	preserve	0	invariant
recursive-scc/alpha-rename/45	canonical-definitional	recursive-scc	0	canonical-invariance	45		15				1																fff47bc3705436c8						alpha-rename	preserve	0	invariant
recursive-scc/whitespace+alias-intro/46	canonical-definitional	recursive-scc	0	canonical-invariance	46		15				1																fff47bc3705436c8						whitespace+alias-intro	preserve	0	invariant
recursive-scc/alias-intro+alpha-rename+whitespace/47	canonical-definitional	recursive-scc	0	canonical-invariance	47		15				1																fff47bc3705436c8						alias-intro+alpha-rename+whitespace	preserve	0	invariant
recursive-scc/alpha-rename/48	canonical-definitional	recursive-scc	0	canonical-invariance	48		15				1																fff47bc3705436c8						alpha-rename	preserve	0	invariant
recursive-scc/whitespace+alias-intro/49	canonical-definitional	recursive-scc	0	canonical-invariance	49		15				1																fff47bc3705436c8						whitespace+alias-intro	preserve	0	invariant
recursive-scc/alias-intro+alpha-rename+whitespace/50	canonical-definitional	recursive-scc	0	canonical-invariance	50		15				1																fff47bc3705436c8						alias-intro+alpha-rename+whitespace	preserve	0	invariant
recursive-scc/alpha-rename/51	canonical-definitional	recursive-scc	0	canonical-invariance	51		15				1																fff47bc3705436c8						alpha-rename	preserve	0	invariant
recursive-scc/whitespace+alias-intro/52	canonical-definitional	recursive-scc	0	canonical-invariance	52		15				1																fff47bc3705436c8						whitespace+alias-intro	preserve	0	invariant
recursive-scc/alias-intro+alpha-rename+whitespace/53	canonical-definitional	recursive-scc	0	canonical-invariance	53		15				1																fff47bc3705436c8						alias-intro+alpha-rename+whitespace	preserve	0	invariant
recursive-scc/alpha-rename/54	canonical-definitional	recursive-scc	0	canonical-invariance	54		15				1																fff47bc3705436c8						alpha-rename	preserve	0	invariant
recursive-scc/whitespace+alias-intro/55	canonical-definitional	recursive-scc	0	canonical-invariance	55		15				1																fff47bc3705436c8						whitespace+alias-intro	preserve	0	invariant
recursive-scc/alias-intro+alpha-rename+whitespace/56	canonical-definitional	recursive-scc	0	canonical-invariance	56		15				1																fff47bc3705436c8						alias-intro+alpha-rename+whitespace	preserve	0	invariant
recursive-scc/alpha-rename/57	canonical-definitional	recursive-scc	0	canonical-invariance	57		15				1																fff47bc3705436c8						alpha-rename	preserve	0	invariant
recursive-scc/whitespace+alias-intro/58	canonical-definitional	recursive-scc	0	canonical-invariance	58		15				1																fff47bc3705436c8						whitespace+alias-intro	preserve	0	invariant
recursive-scc/alias-intro+alpha-rename+whitespace/59	canonical-definitional	recursive-scc	0	canonical-invariance	59		15				1																fff47bc3705436c8						alias-intro+alpha-rename+whitespace	preserve	0	invariant
recursive-scc/alpha-rename/60	canonical-definitional	recursive-scc	0	canonical-invariance	60		15				1																fff47bc3705436c8						alpha-rename	preserve	0	invariant
recursive-scc/whitespace+alias-intro/61	canonical-definitional	recursive-scc	0	canonical-invariance	61		15				1																fff47bc3705436c8						whitespace+alias-intro	preserve	0	invariant
recursive-scc/alias-intro+alpha-rename+whitespace/62	canonical-definitional	recursive-scc	0	canonical-invariance	62		15				1																fff47bc3705436c8						alias-intro+alpha-rename+whitespace	preserve	0	invariant
recursive-scc/alpha-rename/63	canonical-definitional	recursive-scc	0	canonical-invariance	63		15				1																fff47bc3705436c8						alpha-rename	preserve	0	invariant
recursive-scc/whitespace+alias-intro/64	canonical-definitional	recursive-scc	0	canonical-invariance	64		15				1																fff47bc3705436c8						whitespace+alias-intro	preserve	0	invariant
recursive-scc/alias-intro+alpha-rename+whitespace/65	canonical-definitional	recursive-scc	0	canonical-invariance	65		15				1																fff47bc3705436c8						alias-intro+alpha-rename+whitespace	preserve	0	invariant
recursive-scc/alpha-rename/66	canonical-definitional	recursive-scc	0	canonical-invariance	66		15				1																fff47bc3705436c8						alpha-rename	preserve	0	invariant
recursive-scc/whitespace+alias-intro/67	canonical-definitional	recursive-scc	0	canonical-invariance	67		15				1																fff47bc3705436c8						whitespace+alias-intro	preserve	0	invariant
recursive-scc/alias-intro+alpha-rename+whitespace/68	canonical-definitional	recursive-scc	0	canonical-invariance	68		15				1																fff47bc3705436c8						alias-intro+alpha-rename+whitespace	preserve	0	invariant
recursive-scc/alpha-rename/69	canonical-definitional	recursive-scc	0	canonical-invariance	69		15				1																fff47bc3705436c8						alpha-rename	preserve	0	invariant
recursive-scc/whitespace+alias-intro/70	canonical-definitional	recursive-scc	0	canonical-invariance	70		15				1																fff47bc3705436c8						whitespace+alias-intro	preserve	0	invariant
recursive-scc/alias-intro+alpha-rename+whitespace/71	canonical-definitional	recursive-scc	0	canonical-invariance	71		15				1																fff47bc3705436c8						alias-intro+alpha-rename+whitespace	preserve	0	invariant
recursive-scc/alpha-rename/72	canonical-definitional	recursive-scc	0	canonical-invariance	72		15				1																fff47bc3705436c8						alpha-rename	preserve	0	invariant
recursive-scc/whitespace+alias-intro/73	canonical-definitional	recursive-scc	0	canonical-invariance	73		15				1																fff47bc3705436c8						whitespace+alias-intro	preserve	0	invariant
recursive-scc/alias-intro+alpha-rename+whitespace/74	canonical-definitional	recursive-scc	0	canonical-invariance	74		15				1																fff47bc3705436c8						alias-intro+alpha-rename+whitespace	preserve	0	invariant
recursive-scc/alpha-rename/75	canonical-definitional	recursive-scc	0	canonical-invariance	75		15				1																fff47bc3705436c8						alpha-rename	preserve	0	invariant
recursive-scc/whitespace+alias-intro/76	canonical-definitional	recursive-scc	0	canonical-invariance	76		15				1																fff47bc3705436c8						whitespace+alias-intro	preserve	0	invariant
recursive-scc/alias-intro+alpha-rename+whitespace/77	canonical-definitional	recursive-scc	0	canonical-invariance	77		15				1																fff47bc3705436c8						alias-intro+alpha-rename+whitespace	preserve	0	invariant
recursive-scc/alpha-rename/78	canonical-definitional	recursive-scc	0	canonical-invariance	78		15				1																fff47bc3705436c8						alpha-rename	preserve	0	invariant
recursive-scc/whitespace+alias-intro/79	canonical-definitional	recursive-scc	0	canonical-invariance	79		15				1																fff47bc3705436c8						whitespace+alias-intro	preserve	0	invariant
recursive-scc/alias-intro+alpha-rename+whitespace/80	canonical-definitional	recursive-scc	0	canonical-invariance	80		15				1																fff47bc3705436c8						alias-intro+alpha-rename+whitespace	preserve	0	invariant
recursive-scc/alpha-rename/81	canonical-definitional	recursive-scc	0	canonical-invariance	81		15				1																fff47bc3705436c8						alpha-rename	preserve	0	invariant
recursive-scc/whitespace+alias-intro/82	canonical-definitional	recursive-scc	0	canonical-invariance	82		15				1																fff47bc3705436c8						whitespace+alias-intro	preserve	0	invariant
recursive-scc/alias-intro+alpha-rename+whitespace/83	canonical-definitional	recursive-scc	0	canonical-invariance	83		15				1																fff47bc3705436c8						alias-intro+alpha-rename+whitespace	preserve	0	invariant
recursive-scc/alpha-rename/84	canonical-definitional	recursive-scc	0	canonical-invariance	84		15				1																fff47bc3705436c8						alpha-rename	preserve	0	invariant
recursive-scc/whitespace+alias-intro/85	canonical-definitional	recursive-scc	0	canonical-invariance	85		15				1																fff47bc3705436c8						whitespace+alias-intro	preserve	0	invariant
recursive-scc/alias-intro+alpha-rename+whitespace/86	canonical-definitional	recursive-scc	0	canonical-invariance	86		15				1																fff47bc3705436c8						alias-intro+alpha-rename+whitespace	preserve	0	invariant
recursive-scc/alpha-rename/87	canonical-definitional	recursive-scc	0	canonical-invariance	87		15				1																fff47bc3705436c8						alpha-rename	preserve	0	invariant
recursive-scc/whitespace+alias-intro/88	canonical-definitional	recursive-scc	0	canonical-invariance	88		15				1																fff47bc3705436c8						whitespace+alias-intro	preserve	0	invariant
recursive-scc/alias-intro+alpha-rename+whitespace/89	canonical-definitional	recursive-scc	0	canonical-invariance	89		15				1																fff47bc3705436c8						alias-intro+alpha-rename+whitespace	preserve	0	invariant
recursive-scc/alpha-rename/90	canonical-definitional	recursive-scc	0	canonical-invariance	90		15				1																fff47bc3705436c8						alpha-rename	preserve	0	invariant
recursive-scc/whitespace+alias-intro/91	canonical-definitional	recursive-scc	0	canonical-invariance	91		15				1																fff47bc3705436c8						whitespace+alias-intro	preserve	0	invariant
recursive-scc/alias-intro+alpha-rename+whitespace/92	canonical-definitional	recursive-scc	0	canonical-invariance	92		15				1																fff47bc3705436c8						alias-intro+alpha-rename+whitespace	preserve	0	invariant
recursive-scc/alpha-rename/93	canonical-definitional	recursive-scc	0	canonical-invariance	93		15				1																fff47bc3705436c8						alpha-rename	preserve	0	invariant
recursive-scc/whitespace+alias-intro/94	canonical-definitional	recursive-scc	0	canonical-invariance	94		15				1																fff47bc3705436c8						whitespace+alias-intro	preserve	0	invariant
recursive-scc/alias-intro+alpha-rename+whitespace/95	canonical-definitional	recursive-scc	0	canonical-invariance	95		15				1																fff47bc3705436c8						alias-intro+alpha-rename+whitespace	preserve	0	invariant
recursive-scc/alpha-rename/96	canonical-definitional	recursive-scc	0	canonical-invariance	96		15				1																fff47bc3705436c8						alpha-rename	preserve	0	invariant
recursive-scc/whitespace+alias-intro/97	canonical-definitional	recursive-scc	0	canonical-invariance	97		15				1																fff47bc3705436c8						whitespace+alias-intro	preserve	0	invariant
recursive-scc/alias-intro+alpha-rename+whitespace/98	canonical-definitional	recursive-scc	0	canonical-invariance	98		15				1																fff47bc3705436c8						alias-intro+alpha-rename+whitespace	preserve	0	invariant
recursive-scc/alpha-rename/99	canonical-definitional	recursive-scc	0	canonical-invariance	99		15				1																fff47bc3705436c8						alpha-rename	preserve	0	invariant
recursive-scc/whitespace+alias-intro/100	canonical-definitional	recursive-scc	0	canonical-invariance	100		15				1																fff47bc3705436c8						whitespace+alias-intro	preserve	0	invariant
recursive-scc/alias-intro+alpha-rename+whitespace/101	canonical-definitional	recursive-scc	0	canonical-invariance	101		15				1																fff47bc3705436c8						alias-intro+alpha-rename+whitespace	preserve	0	invariant
recursive-scc/alpha-rename/102	canonical-definitional	recursive-scc	0	canonical-invariance	102		15				1																fff47bc3705436c8						alpha-rename	preserve	0	invariant
recursive-scc/whitespace+alias-intro/103	canonical-definitional	recursive-scc	0	canonical-invariance	103		15				1																fff47bc3705436c8						whitespace+alias-intro	preserve	0	invariant
recursive-scc/alias-intro+alpha-rename+whitespace/104	canonical-definitional	recursive-scc	0	canonical-invariance	104		15				1																fff47bc3705436c8						alias-intro+alpha-rename+whitespace	preserve	0	invariant
recursive-scc/alpha-rename/105	canonical-definitional	recursive-scc	0	canonical-invariance	105		15				1																fff47bc3705436c8						alpha-rename	preserve	0	invariant
recursive-scc/whitespace+alias-intro/106	canonical-definitional	recursive-scc	0	canonical-invariance	106		15				1																fff47bc3705436c8						whitespace+alias-intro	preserve	0	invariant
recursive-scc/alias-intro+alpha-rename+whitespace/107	canonical-definitional	recursive-scc	0	canonical-invariance	107		15				1																fff47bc3705436c8						alias-intro+alpha-rename+whitespace	preserve	0	invariant
recursive-scc/alpha-rename/108	canonical-definitional	recursive-scc	0	canonical-invariance	108		15				1																fff47bc3705436c8						alpha-rename	preserve	0	invariant
recursive-scc/whitespace+alias-intro/109	canonical-definitional	recursive-scc	0	canonical-invariance	109		15				1																fff47bc3705436c8						whitespace+alias-intro	preserve	0	invariant
recursive-scc/alias-intro+alpha-rename+whitespace/110	canonical-definitional	recursive-scc	0	canonical-invariance	110		15				1																fff47bc3705436c8						alias-intro+alpha-rename+whitespace	preserve	0	invariant
recursive-scc/alpha-rename/111	canonical-definitional	recursive-scc	0	canonical-invariance	111		15				1																fff47bc3705436c8						alpha-rename	preserve	0	invariant
recursive-scc/whitespace+alias-intro/112	canonical-definitional	recursive-scc	0	canonical-invariance	112		15				1																fff47bc3705436c8						whitespace+alias-intro	preserve	0	invariant
recursive-scc/alias-intro+alpha-rename+whitespace/113	canonical-definitional	recursive-scc	0	canonical-invariance	113		15				1																fff47bc3705436c8						alias-intro+alpha-rename+whitespace	preserve	0	invariant
recursive-scc/alpha-rename/114	canonical-definitional	recursive-scc	0	canonical-invariance	114		15				1																fff47bc3705436c8						alpha-rename	preserve	0	invariant
recursive-scc/whitespace+alias-intro/115	canonical-definitional	recursive-scc	0	canonical-invariance	115		15				1																fff47bc3705436c8						whitespace+alias-intro	preserve	0	invariant
recursive-scc/alias-intro+alpha-rename+whitespace/116	canonical-definitional	recursive-scc	0	canonical-invariance	116		15				1																fff47bc3705436c8						alias-intro+alpha-rename+whitespace	preserve	0	invariant
recursive-scc/alpha-rename/117	canonical-definitional	recursive-scc	0	canonical-invariance	117		15				1																fff47bc3705436c8						alpha-rename	preserve	0	invariant
recursive-scc/whitespace+alias-intro/118	canonical-definitional	recursive-scc	0	canonical-invariance	118		15				1																fff47bc3705436c8						whitespace+alias-intro	preserve	0	invariant
recursive-scc/alias-intro+alpha-rename+whitespace/119	canonical-definitional	recursive-scc	0	canonical-invariance	119		15				1																fff47bc3705436c8						alias-intro+alpha-rename+whitespace	preserve	0	invariant
recursive-scc/alpha-rename/120	canonical-definitional	recursive-scc	0	canonical-invariance	120		15				1																fff47bc3705436c8						alpha-rename	preserve	0	invariant
recursive-scc/whitespace+alias-intro/121	canonical-definitional	recursive-scc	0	canonical-invariance	121		15				1																fff47bc3705436c8						whitespace+alias-intro	preserve	0	invariant
recursive-scc/alias-intro+alpha-rename+whitespace/122	canonical-definitional	recursive-scc	0	canonical-invariance	122		15				1																fff47bc3705436c8						alias-intro+alpha-rename+whitespace	preserve	0	invariant
recursive-scc/alpha-rename/123	canonical-definitional	recursive-scc	0	canonical-invariance	123		15				1																fff47bc3705436c8						alpha-rename	preserve	0	invariant
recursive-scc/whitespace+alias-intro/124	canonical-definitional	recursive-scc	0	canonical-invariance	124		15				1																fff47bc3705436c8						whitespace+alias-intro	preserve	0	invariant
recursive-scc/alias-intro+alpha-rename+whitespace/125	canonical-definitional	recursive-scc	0	canonical-invariance	125		15				1																fff47bc3705436c8						alias-intro+alpha-rename+whitespace	preserve	0	invariant
recursive-scc/alpha-rename/126	canonical-definitional	recursive-scc	0	canonical-invariance	126		15				1																fff47bc3705436c8						alpha-rename	preserve	0	invariant
recursive-scc/whitespace+alias-intro/127	canonical-definitional	recursive-scc	0	canonical-invariance	127		15				1																fff47bc3705436c8						whitespace+alias-intro	preserve	0	invariant
recursive-scc/alias-intro+alpha-rename+whitespace/128	canonical-definitional	recursive-scc	0	canonical-invariance	128		15				1																fff47bc3705436c8						alias-intro+alpha-rename+whitespace	preserve	0	invariant
recursive-scc/alpha-rename/129	canonical-definitional	recursive-scc	0	canonical-invariance	129		15				1																fff47bc3705436c8						alpha-rename	preserve	0	invariant
recursive-scc/whitespace+alias-intro/130	canonical-definitional	recursive-scc	0	canonical-invariance	130		15				1																fff47bc3705436c8						whitespace+alias-intro	preserve	0	invariant
recursive-scc/alias-intro+alpha-rename+whitespace/131	canonical-definitional	recursive-scc	0	canonical-invariance	131		15				1																fff47bc3705436c8						alias-intro+alpha-rename+whitespace	preserve	0	invariant
recursive-scc/alpha-rename/132	canonical-definitional	recursive-scc	0	canonical-invariance	132		15				1																fff47bc3705436c8						alpha-rename	preserve	0	invariant
recursive-scc/whitespace+alias-intro/133	canonical-definitional	recursive-scc	0	canonical-invariance	133		15				1																fff47bc3705436c8						whitespace+alias-intro	preserve	0	invariant
recursive-scc/alias-intro+alpha-rename+whitespace/134	canonical-definitional	recursive-scc	0	canonical-invariance	134		15				1																fff47bc3705436c8						alias-intro+alpha-rename+whitespace	preserve	0	invariant
recursive-scc/alpha-rename/135	canonical-definitional	recursive-scc	0	canonical-invariance	135		15				1																fff47bc3705436c8						alpha-rename	preserve	0	invariant
recursive-scc/whitespace+alias-intro/136	canonical-definitional	recursive-scc	0	canonical-invariance	136		15				1																fff47bc3705436c8						whitespace+alias-intro	preserve	0	invariant
recursive-scc/alias-intro+alpha-rename+whitespace/137	canonical-definitional	recursive-scc	0	canonical-invariance	137		15				1																fff47bc3705436c8						alias-intro+alpha-rename+whitespace	preserve	0	invariant
recursive-scc/alpha-rename/138	canonical-definitional	recursive-scc	0	canonical-invariance	138		15				1																fff47bc3705436c8						alpha-rename	preserve	0	invariant
recursive-scc/whitespace+alias-intro/139	canonical-definitional	recursive-scc	0	canonical-invariance	139		15				1																fff47bc3705436c8						whitespace+alias-intro	preserve	0	invariant
recursive-scc/alias-intro+alpha-rename+whitespace/140	canonical-definitional	recursive-scc	0	canonical-invariance	140		15				1																fff47bc3705436c8						alias-intro+alpha-rename+whitespace	preserve	0	invariant
recursive-scc/alpha-rename/141	canonical-definitional	recursive-scc	0	canonical-invariance	141		15				1																fff47bc3705436c8						alpha-rename	preserve	0	invariant
recursive-scc/whitespace+alias-intro/142	canonical-definitional	recursive-scc	0	canonical-invariance	142		15				1																fff47bc3705436c8						whitespace+alias-intro	preserve	0	invariant
recursive-scc/alias-intro+alpha-rename+whitespace/143	canonical-definitional	recursive-scc	0	canonical-invariance	143		15				1																fff47bc3705436c8						alias-intro+alpha-rename+whitespace	preserve	0	invariant
recursive-scc/alpha-rename/144	canonical-definitional	recursive-scc	0	canonical-invariance	144		15				1																fff47bc3705436c8						alpha-rename	preserve	0	invariant
recursive-scc/whitespace+alias-intro/145	canonical-definitional	recursive-scc	0	canonical-invariance	145		15				1																fff47bc3705436c8						whitespace+alias-intro	preserve	0	invariant
recursive-scc/alias-intro+alpha-rename+whitespace/146	canonical-definitional	recursive-scc	0	canonical-invariance	146		15				1																fff47bc3705436c8						alias-intro+alpha-rename+whitespace	preserve	0	invariant
recursive-scc/alpha-rename/147	canonical-definitional	recursive-scc	0	canonical-invariance	147		15				1																fff47bc3705436c8						alpha-rename	preserve	0	invariant
recursive-scc/whitespace+alias-intro/148	canonical-definitional	recursive-scc	0	canonical-invariance	148		15				1																fff47bc3705436c8						whitespace+alias-intro	preserve	0	invariant
recursive-scc/alias-intro+alpha-rename+whitespace/149	canonical-definitional	recursive-scc	0	canonical-invariance	149		15				1																fff47bc3705436c8						alias-intro+alpha-rename+whitespace	preserve	0	invariant
recursive-scc/alpha-rename/150	canonical-definitional	recursive-scc	0	canonical-invariance	150		15				1																fff47bc3705436c8						alpha-rename	preserve	0	invariant
recursive-scc/whitespace+alias-intro/151	canonical-definitional	recursive-scc	0	canonical-invariance	151		15				1																fff47bc3705436c8						whitespace+alias-intro	preserve	0	invariant
recursive-scc/alias-intro+alpha-rename+whitespace/152	canonical-definitional	recursive-scc	0	canonical-invariance	152		15				1																fff47bc3705436c8						alias-intro+alpha-rename+whitespace	preserve	0	invariant
recursive-scc/alpha-rename/153	canonical-definitional	recursive-scc	0	canonical-invariance	153		15				1																fff47bc3705436c8						alpha-rename	preserve	0	invariant
recursive-scc/whitespace+alias-intro/154	canonical-definitional	recursive-scc	0	canonical-invariance	154		15				1																fff47bc3705436c8						whitespace+alias-intro	preserve	0	invariant
recursive-scc/alias-intro+alpha-rename+whitespace/155	canonical-definitional	recursive-scc	0	canonical-invariance	155		15				1																fff47bc3705436c8						alias-intro+alpha-rename+whitespace	preserve	0	invariant
recursive-scc/alpha-rename/156	canonical-definitional	recursive-scc	0	canonical-invariance	156		15				1																fff47bc3705436c8						alpha-rename	preserve	0	invariant
recursive-scc/whitespace+alias-intro/157	canonical-definitional	recursive-scc	0	canonical-invariance	157		15				1																fff47bc3705436c8						whitespace+alias-intro	preserve	0	invariant
recursive-scc/alias-intro+alpha-rename+whitespace/158	canonical-definitional	recursive-scc	0	canonical-invariance	158		15				1																fff47bc3705436c8						alias-intro+alpha-rename+whitespace	preserve	0	invariant
recursive-scc/alpha-rename/159	canonical-definitional	recursive-scc	0	canonical-invariance	159		15				1																fff47bc3705436c8						alpha-rename	preserve	0	invariant
recursive-scc/whitespace+alias-intro/160	canonical-definitional	recursive-scc	0	canonical-invariance	160		15				1																fff47bc3705436c8						whitespace+alias-intro	preserve	0	invariant
recursive-scc/alias-intro+alpha-rename+whitespace/161	canonical-definitional	recursive-scc	0	canonical-invariance	161		15				1																fff47bc3705436c8						alias-intro+alpha-rename+whitespace	preserve	0	invariant
recursive-scc/alpha-rename/162	canonical-definitional	recursive-scc	0	canonical-invariance	162		15				1																fff47bc3705436c8						alpha-rename	preserve	0	invariant
recursive-scc/whitespace+alias-intro/163	canonical-definitional	recursive-scc	0	canonical-invariance	163		15				1																fff47bc3705436c8						whitespace+alias-intro	preserve	0	invariant
recursive-scc/alias-intro+alpha-rename+whitespace/164	canonical-definitional	recursive-scc	0	canonical-invariance	164		15				1																fff47bc3705436c8						alias-intro+alpha-rename+whitespace	preserve	0	invariant
recursive-scc/alpha-rename/165	canonical-definitional	recursive-scc	0	canonical-invariance	165		15				1																fff47bc3705436c8						alpha-rename	preserve	0	invariant
recursive-scc/whitespace+alias-intro/166	canonical-definitional	recursive-scc	0	canonical-invariance	166		15				1																fff47bc3705436c8						whitespace+alias-intro	preserve	0	invariant
recursive-scc/alias-intro+alpha-rename+whitespace/167	canonical-definitional	recursive-scc	0	canonical-invariance	167		15				1																fff47bc3705436c8						alias-intro+alpha-rename+whitespace	preserve	0	invariant
recursive-scc/alpha-rename/168	canonical-definitional	recursive-scc	0	canonical-invariance	168		15				1																fff47bc3705436c8						alpha-rename	preserve	0	invariant
recursive-scc/whitespace+alias-intro/169	canonical-definitional	recursive-scc	0	canonical-invariance	169		15				1																fff47bc3705436c8						whitespace+alias-intro	preserve	0	invariant
recursive-scc/alias-intro+alpha-rename+whitespace/170	canonical-definitional	recursive-scc	0	canonical-invariance	170		15				1																fff47bc3705436c8						alias-intro+alpha-rename+whitespace	preserve	0	invariant
recursive-scc/alpha-rename/171	canonical-definitional	recursive-scc	0	canonical-invariance	171		15				1																fff47bc3705436c8						alpha-rename	preserve	0	invariant
recursive-scc/whitespace+alias-intro/172	canonical-definitional	recursive-scc	0	canonical-invariance	172		15				1																fff47bc3705436c8						whitespace+alias-intro	preserve	0	invariant
recursive-scc/alias-intro+alpha-rename+whitespace/173	canonical-definitional	recursive-scc	0	canonical-invariance	173		15				1																fff47bc3705436c8						alias-intro+alpha-rename+whitespace	preserve	0	invariant
recursive-scc/alpha-rename/174	canonical-definitional	recursive-scc	0	canonical-invariance	174		15				1																fff47bc3705436c8						alpha-rename	preserve	0	invariant
recursive-scc/whitespace+alias-intro/175	canonical-definitional	recursive-scc	0	canonical-invariance	175		15				1																fff47bc3705436c8						whitespace+alias-intro	preserve	0	invariant
recursive-scc/alias-intro+alpha-rename+whitespace/176	canonical-definitional	recursive-scc	0	canonical-invariance	176		15				1																fff47bc3705436c8						alias-intro+alpha-rename+whitespace	preserve	0	invariant
recursive-scc/alpha-rename/177	canonical-definitional	recursive-scc	0	canonical-invariance	177		15				1																fff47bc3705436c8						alpha-rename	preserve	0	invariant
recursive-scc/whitespace+alias-intro/178	canonical-definitional	recursive-scc	0	canonical-invariance	178		15				1																fff47bc3705436c8						whitespace+alias-intro	preserve	0	invariant
recursive-scc/alias-intro+alpha-rename+whitespace/179	canonical-definitional	recursive-scc	0	canonical-invariance	179		15				1																fff47bc3705436c8						alias-intro+alpha-rename+whitespace	preserve	0	invariant
recursive-scc/alpha-rename/180	canonical-definitional	recursive-scc	0	canonical-invariance	180		15				1																fff47bc3705436c8						alpha-rename	preserve	0	invariant
recursive-scc/whitespace+alias-intro/181	canonical-definitional	recursive-scc	0	canonical-invariance	181		15				1																fff47bc3705436c8						whitespace+alias-intro	preserve	0	invariant
recursive-scc/alias-intro+alpha-rename+whitespace/182	canonical-definitional	recursive-scc	0	canonical-invariance	182		15				1																fff47bc3705436c8						alias-intro+alpha-rename+whitespace	preserve	0	invariant
recursive-scc/alpha-rename/183	canonical-definitional	recursive-scc	0	canonical-invariance	183		15				1																fff47bc3705436c8						alpha-rename	preserve	0	invariant
recursive-scc/whitespace+alias-intro/184	canonical-definitional	recursive-scc	0	canonical-invariance	184		15				1																fff47bc3705436c8						whitespace+alias-intro	preserve	0	invariant
recursive-scc/alias-intro+alpha-rename+whitespace/185	canonical-definitional	recursive-scc	0	canonical-invariance	185		15				1																fff47bc3705436c8						alias-intro+alpha-rename+whitespace	preserve	0	invariant
recursive-scc/alpha-rename/186	canonical-definitional	recursive-scc	0	canonical-invariance	186		15				1																fff47bc3705436c8						alpha-rename	preserve	0	invariant
recursive-scc/whitespace+alias-intro/187	canonical-definitional	recursive-scc	0	canonical-invariance	187		15				1																fff47bc3705436c8						whitespace+alias-intro	preserve	0	invariant
recursive-scc/alias-intro+alpha-rename+whitespace/188	canonical-definitional	recursive-scc	0	canonical-invariance	188		15				1																fff47bc3705436c8						alias-intro+alpha-rename+whitespace	preserve	0	invariant
recursive-scc/alpha-rename/189	canonical-definitional	recursive-scc	0	canonical-invariance	189		15				1																fff47bc3705436c8						alpha-rename	preserve	0	invariant
recursive-scc/whitespace+alias-intro/190	canonical-definitional	recursive-scc	0	canonical-invariance	190		15				1																fff47bc3705436c8						whitespace+alias-intro	preserve	0	invariant
recursive-scc/alias-intro+alpha-rename+whitespace/191	canonical-definitional	recursive-scc	0	canonical-invariance	191		15				1																fff47bc3705436c8						alias-intro+alpha-rename+whitespace	preserve	0	invariant
recursive-scc/alpha-rename/192	canonical-definitional	recursive-scc	0	canonical-invariance	192		15				1																fff47bc3705436c8						alpha-rename	preserve	0	invariant
recursive-scc/whitespace+alias-intro/193	canonical-definitional	recursive-scc	0	canonical-invariance	193		15				1																fff47bc3705436c8						whitespace+alias-intro	preserve	0	invariant
recursive-scc/alias-intro+alpha-rename+whitespace/194	canonical-definitional	recursive-scc	0	canonical-invariance	194		15				1																fff47bc3705436c8						alias-intro+alpha-rename+whitespace	preserve	0	invariant
recursive-scc/alpha-rename/195	canonical-definitional	recursive-scc	0	canonical-invariance	195		15				1																fff47bc3705436c8						alpha-rename	preserve	0	invariant
recursive-scc/whitespace+alias-intro/196	canonical-definitional	recursive-scc	0	canonical-invariance	196		15				1																fff47bc3705436c8						whitespace+alias-intro	preserve	0	invariant
recursive-scc/alias-intro+alpha-rename+whitespace/197	canonical-definitional	recursive-scc	0	canonical-invariance	197		15				1																fff47bc3705436c8						alias-intro+alpha-rename+whitespace	preserve	0	invariant
recursive-scc/alpha-rename/198	canonical-definitional	recursive-scc	0	canonical-invariance	198		15				1																fff47bc3705436c8						alpha-rename	preserve	0	invariant
recursive-scc/whitespace+alias-intro/199	canonical-definitional	recursive-scc	0	canonical-invariance	199		15				1																fff47bc3705436c8						whitespace+alias-intro	preserve	0	invariant
recursive-scc/alias-intro+alpha-rename+whitespace/200	canonical-definitional	recursive-scc	0	canonical-invariance	200		15				1																fff47bc3705436c8						alias-intro+alpha-rename+whitespace	preserve	0	invariant
recursive-scc/alpha-rename/201	canonical-definitional	recursive-scc	0	canonical-invariance	201		15				1																fff47bc3705436c8						alpha-rename	preserve	0	invariant
recursive-scc/whitespace+alias-intro/202	canonical-definitional	recursive-scc	0	canonical-invariance	202		15				1																fff47bc3705436c8						whitespace+alias-intro	preserve	0	invariant
recursive-scc/alias-intro+alpha-rename+whitespace/203	canonical-definitional	recursive-scc	0	canonical-invariance	203		15				1																fff47bc3705436c8						alias-intro+alpha-rename+whitespace	preserve	0	invariant
recursive-scc/alpha-rename/204	canonical-definitional	recursive-scc	0	canonical-invariance	204		15				1																fff47bc3705436c8						alpha-rename	preserve	0	invariant
recursive-scc/whitespace+alias-intro/205	canonical-definitional	recursive-scc	0	canonical-invariance	205		15				1																fff47bc3705436c8						whitespace+alias-intro	preserve	0	invariant
recursive-scc/alias-intro+alpha-rename+whitespace/206	canonical-definitional	recursive-scc	0	canonical-invariance	206		15				1																fff47bc3705436c8						alias-intro+alpha-rename+whitespace	preserve	0	invariant
recursive-scc/alpha-rename/207	canonical-definitional	recursive-scc	0	canonical-invariance	207		15				1																fff47bc3705436c8						alpha-rename	preserve	0	invariant
recursive-scc/whitespace+alias-intro/208	canonical-definitional	recursive-scc	0	canonical-invariance	208		15				1																fff47bc3705436c8						whitespace+alias-intro	preserve	0	invariant
recursive-scc/alias-intro+alpha-rename+whitespace/209	canonical-definitional	recursive-scc	0	canonical-invariance	209		15				1																fff47bc3705436c8						alias-intro+alpha-rename+whitespace	preserve	0	invariant
recursive-scc/alpha-rename/210	canonical-definitional	recursive-scc	0	canonical-invariance	210		15				1																fff47bc3705436c8						alpha-rename	preserve	0	invariant
recursive-scc/whitespace+alias-intro/211	canonical-definitional	recursive-scc	0	canonical-invariance	211		15				1																fff47bc3705436c8						whitespace+alias-intro	preserve	0	invariant
recursive-scc/alias-intro+alpha-rename+whitespace/212	canonical-definitional	recursive-scc	0	canonical-invariance	212		15				1																fff47bc3705436c8						alias-intro+alpha-rename+whitespace	preserve	0	invariant
recursive-scc/alpha-rename/213	canonical-definitional	recursive-scc	0	canonical-invariance	213		15				1																fff47bc3705436c8						alpha-rename	preserve	0	invariant
recursive-scc/whitespace+alias-intro/214	canonical-definitional	recursive-scc	0	canonical-invariance	214		15				1																fff47bc3705436c8						whitespace+alias-intro	preserve	0	invariant
recursive-scc/alias-intro+alpha-rename+whitespace/215	canonical-definitional	recursive-scc	0	canonical-invariance	215		15				1																fff47bc3705436c8						alias-intro+alpha-rename+whitespace	preserve	0	invariant
recursive-scc/alpha-rename/216	canonical-definitional	recursive-scc	0	canonical-invariance	216		15				1																fff47bc3705436c8						alpha-rename	preserve	0	invariant
recursive-scc/whitespace+alias-intro/217	canonical-definitional	recursive-scc	0	canonical-invariance	217		15				1																fff47bc3705436c8						whitespace+alias-intro	preserve	0	invariant
recursive-scc/alias-intro+alpha-rename+whitespace/218	canonical-definitional	recursive-scc	0	canonical-invariance	218		15				1																fff47bc3705436c8						alias-intro+alpha-rename+whitespace	preserve	0	invariant
recursive-scc/alpha-rename/219	canonical-definitional	recursive-scc	0	canonical-invariance	219		15				1																fff47bc3705436c8						alpha-rename	preserve	0	invariant
recursive-scc/whitespace+alias-intro/220	canonical-definitional	recursive-scc	0	canonical-invariance	220		15				1																fff47bc3705436c8						whitespace+alias-intro	preserve	0	invariant
recursive-scc/alias-intro+alpha-rename+whitespace/221	canonical-definitional	recursive-scc	0	canonical-invariance	221		15				1																fff47bc3705436c8						alias-intro+alpha-rename+whitespace	preserve	0	invariant
recursive-scc/alpha-rename/222	canonical-definitional	recursive-scc	0	canonical-invariance	222		15				1																fff47bc3705436c8						alpha-rename	preserve	0	invariant
recursive-scc/whitespace+alias-intro/223	canonical-definitional	recursive-scc	0	canonical-invariance	223		15				1																fff47bc3705436c8						whitespace+alias-intro	preserve	0	invariant
recursive-scc/alias-intro+alpha-rename+whitespace/224	canonical-definitional	recursive-scc	0	canonical-invariance	224		15				1																fff47bc3705436c8						alias-intro+alpha-rename+whitespace	preserve	0	invariant
recursive-scc/alpha-rename/225	canonical-definitional	recursive-scc	0	canonical-invariance	225		15				1																fff47bc3705436c8						alpha-rename	preserve	0	invariant
recursive-scc/whitespace+alias-intro/226	canonical-definitional	recursive-scc	0	canonical-invariance	226		15				1																fff47bc3705436c8						whitespace+alias-intro	preserve	0	invariant
recursive-scc/alias-intro+alpha-rename+whitespace/227	canonical-definitional	recursive-scc	0	canonical-invariance	227		15				1																fff47bc3705436c8						alias-intro+alpha-rename+whitespace	preserve	0	invariant
recursive-scc/alpha-rename/228	canonical-definitional	recursive-scc	0	canonical-invariance	228		15				1																fff47bc3705436c8						alpha-rename	preserve	0	invariant
recursive-scc/whitespace+alias-intro/229	canonical-definitional	recursive-scc	0	canonical-invariance	229		15				1																fff47bc3705436c8						whitespace+alias-intro	preserve	0	invariant
recursive-scc/alias-intro+alpha-rename+whitespace/230	canonical-definitional	recursive-scc	0	canonical-invariance	230		15				1																fff47bc3705436c8						alias-intro+alpha-rename+whitespace	preserve	0	invariant
recursive-scc/alpha-rename/231	canonical-definitional	recursive-scc	0	canonical-invariance	231		15				1																fff47bc3705436c8						alpha-rename	preserve	0	invariant
recursive-scc/whitespace+alias-intro/232	canonical-definitional	recursive-scc	0	canonical-invariance	232		15				1																fff47bc3705436c8						whitespace+alias-intro	preserve	0	invariant
recursive-scc/alias-intro+alpha-rename+whitespace/233	canonical-definitional	recursive-scc	0	canonical-invariance	233		15				1																fff47bc3705436c8						alias-intro+alpha-rename+whitespace	preserve	0	invariant
recursive-scc/alpha-rename/234	canonical-definitional	recursive-scc	0	canonical-invariance	234		15				1																fff47bc3705436c8						alpha-rename	preserve	0	invariant
recursive-scc/whitespace+alias-intro/235	canonical-definitional	recursive-scc	0	canonical-invariance	235		15				1																fff47bc3705436c8						whitespace+alias-intro	preserve	0	invariant
recursive-scc/alias-intro+alpha-rename+whitespace/236	canonical-definitional	recursive-scc	0	canonical-invariance	236		15				1																fff47bc3705436c8						alias-intro+alpha-rename+whitespace	preserve	0	invariant
recursive-scc/alpha-rename/237	canonical-definitional	recursive-scc	0	canonical-invariance	237		15				1																fff47bc3705436c8						alpha-rename	preserve	0	invariant
recursive-scc/whitespace+alias-intro/238	canonical-definitional	recursive-scc	0	canonical-invariance	238		15				1																fff47bc3705436c8						whitespace+alias-intro	preserve	0	invariant
recursive-scc/alias-intro+alpha-rename+whitespace/239	canonical-definitional	recursive-scc	0	canonical-invariance	239		15				1																fff47bc3705436c8						alias-intro+alpha-rename+whitespace	preserve	0	invariant
recursive-scc/alpha-rename/240	canonical-definitional	recursive-scc	0	canonical-invariance	240		15				1																fff47bc3705436c8						alpha-rename	preserve	0	invariant
recursive-scc/whitespace+alias-intro/241	canonical-definitional	recursive-scc	0	canonical-invariance	241		15				1																fff47bc3705436c8						whitespace+alias-intro	preserve	0	invariant
recursive-scc/alias-intro+alpha-rename+whitespace/242	canonical-definitional	recursive-scc	0	canonical-invariance	242		15				1																fff47bc3705436c8						alias-intro+alpha-rename+whitespace	preserve	0	invariant
recursive-scc/alpha-rename/243	canonical-definitional	recursive-scc	0	canonical-invariance	243		15				1																fff47bc3705436c8						alpha-rename	preserve	0	invariant
recursive-scc/whitespace+alias-intro/244	canonical-definitional	recursive-scc	0	canonical-invariance	244		15				1																fff47bc3705436c8						whitespace+alias-intro	preserve	0	invariant
recursive-scc/alias-intro+alpha-rename+whitespace/245	canonical-definitional	recursive-scc	0	canonical-invariance	245		15				1																fff47bc3705436c8						alias-intro+alpha-rename+whitespace	preserve	0	invariant
recursive-scc/alpha-rename/246	canonical-definitional	recursive-scc	0	canonical-invariance	246		15				1																fff47bc3705436c8						alpha-rename	preserve	0	invariant
recursive-scc/whitespace+alias-intro/247	canonical-definitional	recursive-scc	0	canonical-invariance	247		15				1																fff47bc3705436c8						whitespace+alias-intro	preserve	0	invariant
recursive-scc/alias-intro+alpha-rename+whitespace/248	canonical-definitional	recursive-scc	0	canonical-invariance	248		15				1																fff47bc3705436c8						alias-intro+alpha-rename+whitespace	preserve	0	invariant
recursive-scc/alpha-rename/249	canonical-definitional	recursive-scc	0	canonical-invariance	249		15				1																fff47bc3705436c8						alpha-rename	preserve	0	invariant
recursive-scc/whitespace+alias-intro/250	canonical-definitional	recursive-scc	0	canonical-invariance	250		15				1																fff47bc3705436c8						whitespace+alias-intro	preserve	0	invariant
recursive-scc/alias-intro+alpha-rename+whitespace/251	canonical-definitional	recursive-scc	0	canonical-invariance	251		15				1																fff47bc3705436c8						alias-intro+alpha-rename+whitespace	preserve	0	invariant
recursive-scc/alpha-rename/252	canonical-definitional	recursive-scc	0	canonical-invariance	252		15				1																fff47bc3705436c8						alpha-rename	preserve	0	invariant
recursive-scc/whitespace+alias-intro/253	canonical-definitional	recursive-scc	0	canonical-invariance	253		15				1																fff47bc3705436c8						whitespace+alias-intro	preserve	0	invariant
recursive-scc/alias-intro+alpha-rename+whitespace/254	canonical-definitional	recursive-scc	0	canonical-invariance	254		15				1																fff47bc3705436c8						alias-intro+alpha-rename+whitespace	preserve	0	invariant
recursive-scc/alpha-rename/255	canonical-definitional	recursive-scc	0	canonical-invariance	255		15				1																fff47bc3705436c8						alpha-rename	preserve	0	invariant
recursive-scc/whitespace+alias-intro/256	canonical-definitional	recursive-scc	0	canonical-invariance	256		15				1																fff47bc3705436c8						whitespace+alias-intro	preserve	0	invariant
recursive-scc/alias-intro+alpha-rename+whitespace/257	canonical-definitional	recursive-scc	0	canonical-invariance	257		15				1																fff47bc3705436c8						alias-intro+alpha-rename+whitespace	preserve	0	invariant
recursive-scc/alpha-rename/258	canonical-definitional	recursive-scc	0	canonical-invariance	258		15				1																fff47bc3705436c8						alpha-rename	preserve	0	invariant
recursive-scc/whitespace+alias-intro/259	canonical-definitional	recursive-scc	0	canonical-invariance	259		15				1																fff47bc3705436c8						whitespace+alias-intro	preserve	0	invariant
recursive-scc/alias-intro+alpha-rename+whitespace/260	canonical-definitional	recursive-scc	0	canonical-invariance	260		15				1																fff47bc3705436c8						alias-intro+alpha-rename+whitespace	preserve	0	invariant
recursive-scc/alpha-rename/261	canonical-definitional	recursive-scc	0	canonical-invariance	261		15				1																fff47bc3705436c8						alpha-rename	preserve	0	invariant
recursive-scc/whitespace+alias-intro/262	canonical-definitional	recursive-scc	0	canonical-invariance	262		15				1																fff47bc3705436c8						whitespace+alias-intro	preserve	0	invariant
recursive-scc/alias-intro+alpha-rename+whitespace/263	canonical-definitional	recursive-scc	0	canonical-invariance	263		15				1																fff47bc3705436c8						alias-intro+alpha-rename+whitespace	preserve	0	invariant
recursive-scc/alpha-rename/264	canonical-definitional	recursive-scc	0	canonical-invariance	264		15				1																fff47bc3705436c8						alpha-rename	preserve	0	invariant
recursive-scc/whitespace+alias-intro/265	canonical-definitional	recursive-scc	0	canonical-invariance	265		15				1																fff47bc3705436c8						whitespace+alias-intro	preserve	0	invariant
recursive-scc/alias-intro+alpha-rename+whitespace/266	canonical-definitional	recursive-scc	0	canonical-invariance	266		15				1																fff47bc3705436c8						alias-intro+alpha-rename+whitespace	preserve	0	invariant
recursive-scc/alpha-rename/267	canonical-definitional	recursive-scc	0	canonical-invariance	267		15				1																fff47bc3705436c8						alpha-rename	preserve	0	invariant
recursive-scc/whitespace+alias-intro/268	canonical-definitional	recursive-scc	0	canonical-invariance	268		15				1																fff47bc3705436c8						whitespace+alias-intro	preserve	0	invariant
recursive-scc/alias-intro+alpha-rename+whitespace/269	canonical-definitional	recursive-scc	0	canonical-invariance	269		15				1																fff47bc3705436c8						alias-intro+alpha-rename+whitespace	preserve	0	invariant
recursive-scc/alpha-rename/270	canonical-definitional	recursive-scc	0	canonical-invariance	270		15				1																fff47bc3705436c8						alpha-rename	preserve	0	invariant
recursive-scc/whitespace+alias-intro/271	canonical-definitional	recursive-scc	0	canonical-invariance	271		15				1																fff47bc3705436c8						whitespace+alias-intro	preserve	0	invariant
recursive-scc/alias-intro+alpha-rename+whitespace/272	canonical-definitional	recursive-scc	0	canonical-invariance	272		15				1																fff47bc3705436c8						alias-intro+alpha-rename+whitespace	preserve	0	invariant
recursive-scc/alpha-rename/273	canonical-definitional	recursive-scc	0	canonical-invariance	273		15				1																fff47bc3705436c8						alpha-rename	preserve	0	invariant
recursive-scc/whitespace+alias-intro/274	canonical-definitional	recursive-scc	0	canonical-invariance	274		15				1																fff47bc3705436c8						whitespace+alias-intro	preserve	0	invariant
recursive-scc/alias-intro+alpha-rename+whitespace/275	canonical-definitional	recursive-scc	0	canonical-invariance	275		15				1																fff47bc3705436c8						alias-intro+alpha-rename+whitespace	preserve	0	invariant
recursive-scc/alpha-rename/276	canonical-definitional	recursive-scc	0	canonical-invariance	276		15				1																fff47bc3705436c8						alpha-rename	preserve	0	invariant
recursive-scc/whitespace+alias-intro/277	canonical-definitional	recursive-scc	0	canonical-invariance	277		15				1																fff47bc3705436c8						whitespace+alias-intro	preserve	0	invariant
recursive-scc/alias-intro+alpha-rename+whitespace/278	canonical-definitional	recursive-scc	0	canonical-invariance	278		15				1																fff47bc3705436c8						alias-intro+alpha-rename+whitespace	preserve	0	invariant
recursive-scc/alpha-rename/279	canonical-definitional	recursive-scc	0	canonical-invariance	279		15				1																fff47bc3705436c8						alpha-rename	preserve	0	invariant
recursive-scc/whitespace+alias-intro/280	canonical-definitional	recursive-scc	0	canonical-invariance	280		15				1																fff47bc3705436c8						whitespace+alias-intro	preserve	0	invariant
recursive-scc/alias-intro+alpha-rename+whitespace/281	canonical-definitional	recursive-scc	0	canonical-invariance	281		15				1																fff47bc3705436c8						alias-intro+alpha-rename+whitespace	preserve	0	invariant
recursive-scc/alpha-rename/282	canonical-definitional	recursive-scc	0	canonical-invariance	282		15				1																fff47bc3705436c8						alpha-rename	preserve	0	invariant
recursive-scc/whitespace+alias-intro/283	canonical-definitional	recursive-scc	0	canonical-invariance	283		15				1																fff47bc3705436c8						whitespace+alias-intro	preserve	0	invariant
recursive-scc/alias-intro+alpha-rename+whitespace/284	canonical-definitional	recursive-scc	0	canonical-invariance	284		15				1																fff47bc3705436c8						alias-intro+alpha-rename+whitespace	preserve	0	invariant
recursive-scc/alpha-rename/285	canonical-definitional	recursive-scc	0	canonical-invariance	285		15				1																fff47bc3705436c8						alpha-rename	preserve	0	invariant
recursive-scc/whitespace+alias-intro/286	canonical-definitional	recursive-scc	0	canonical-invariance	286		15				1																fff47bc3705436c8						whitespace+alias-intro	preserve	0	invariant
recursive-scc/alias-intro+alpha-rename+whitespace/287	canonical-definitional	recursive-scc	0	canonical-invariance	287		15				1																fff47bc3705436c8						alias-intro+alpha-rename+whitespace	preserve	0	invariant
recursive-scc/alpha-rename/288	canonical-definitional	recursive-scc	0	canonical-invariance	288		15				1																fff47bc3705436c8						alpha-rename	preserve	0	invariant
recursive-scc/whitespace+alias-intro/289	canonical-definitional	recursive-scc	0	canonical-invariance	289		15				1																fff47bc3705436c8						whitespace+alias-intro	preserve	0	invariant
recursive-scc/alias-intro+alpha-rename+whitespace/290	canonical-definitional	recursive-scc	0	canonical-invariance	290		15				1																fff47bc3705436c8						alias-intro+alpha-rename+whitespace	preserve	0	invariant
recursive-scc/alpha-rename/291	canonical-definitional	recursive-scc	0	canonical-invariance	291		15				1																fff47bc3705436c8						alpha-rename	preserve	0	invariant
recursive-scc/whitespace+alias-intro/292	canonical-definitional	recursive-scc	0	canonical-invariance	292		15				1																fff47bc3705436c8						whitespace+alias-intro	preserve	0	invariant
recursive-scc/alias-intro+alpha-rename+whitespace/293	canonical-definitional	recursive-scc	0	canonical-invariance	293		15				1																fff47bc3705436c8						alias-intro+alpha-rename+whitespace	preserve	0	invariant
recursive-scc/alpha-rename/294	canonical-definitional	recursive-scc	0	canonical-invariance	294		15				1																fff47bc3705436c8						alpha-rename	preserve	0	invariant
recursive-scc/whitespace+alias-intro/295	canonical-definitional	recursive-scc	0	canonical-invariance	295		15				1																fff47bc3705436c8						whitespace+alias-intro	preserve	0	invariant
recursive-scc/alias-intro+alpha-rename+whitespace/296	canonical-definitional	recursive-scc	0	canonical-invariance	296		15				1																fff47bc3705436c8						alias-intro+alpha-rename+whitespace	preserve	0	invariant
recursive-scc/alpha-rename/297	canonical-definitional	recursive-scc	0	canonical-invariance	297		15				1																fff47bc3705436c8						alpha-rename	preserve	0	invariant
recursive-scc/whitespace+alias-intro/298	canonical-definitional	recursive-scc	0	canonical-invariance	298		15				1																fff47bc3705436c8						whitespace+alias-intro	preserve	0	invariant
recursive-scc/alias-intro+alpha-rename+whitespace/299	canonical-definitional	recursive-scc	0	canonical-invariance	299		15				1																fff47bc3705436c8						alias-intro+alpha-rename+whitespace	preserve	0	invariant
recursive-scc/alpha-rename/300	canonical-definitional	recursive-scc	0	canonical-invariance	300		15				1																fff47bc3705436c8						alpha-rename	preserve	0	invariant
recursive-scc/whitespace+alias-intro/301	canonical-definitional	recursive-scc	0	canonical-invariance	301		15				1																fff47bc3705436c8						whitespace+alias-intro	preserve	0	invariant
recursive-scc/alias-intro+alpha-rename+whitespace/302	canonical-definitional	recursive-scc	0	canonical-invariance	302		15				1																fff47bc3705436c8						alias-intro+alpha-rename+whitespace	preserve	0	invariant
recursive-scc/alpha-rename/303	canonical-definitional	recursive-scc	0	canonical-invariance	303		15				1																fff47bc3705436c8						alpha-rename	preserve	0	invariant
recursive-scc/whitespace+alias-intro/304	canonical-definitional	recursive-scc	0	canonical-invariance	304		15				1																fff47bc3705436c8						whitespace+alias-intro	preserve	0	invariant
recursive-scc/alias-intro+alpha-rename+whitespace/305	canonical-definitional	recursive-scc	0	canonical-invariance	305		15				1																fff47bc3705436c8						alias-intro+alpha-rename+whitespace	preserve	0	invariant
recursive-scc/alpha-rename/306	canonical-definitional	recursive-scc	0	canonical-invariance	306		15				1																fff47bc3705436c8						alpha-rename	preserve	0	invariant
recursive-scc/whitespace+alias-intro/307	canonical-definitional	recursive-scc	0	canonical-invariance	307		15				1																fff47bc3705436c8						whitespace+alias-intro	preserve	0	invariant
recursive-scc/alias-intro+alpha-rename+whitespace/308	canonical-definitional	recursive-scc	0	canonical-invariance	308		15				1																fff47bc3705436c8						alias-intro+alpha-rename+whitespace	preserve	0	invariant
recursive-scc/alpha-rename/309	canonical-definitional	recursive-scc	0	canonical-invariance	309		15				1																fff47bc3705436c8						alpha-rename	preserve	0	invariant
recursive-scc/whitespace+alias-intro/310	canonical-definitional	recursive-scc	0	canonical-invariance	310		15				1																fff47bc3705436c8						whitespace+alias-intro	preserve	0	invariant
recursive-scc/alias-intro+alpha-rename+whitespace/311	canonical-definitional	recursive-scc	0	canonical-invariance	311		15				1																fff47bc3705436c8						alias-intro+alpha-rename+whitespace	preserve	0	invariant
recursive-scc/alpha-rename/312	canonical-definitional	recursive-scc	0	canonical-invariance	312		15				1																fff47bc3705436c8						alpha-rename	preserve	0	invariant
recursive-scc/whitespace+alias-intro/313	canonical-definitional	recursive-scc	0	canonical-invariance	313		15				1																fff47bc3705436c8						whitespace+alias-intro	preserve	0	invariant
recursive-scc/alias-intro+alpha-rename+whitespace/314	canonical-definitional	recursive-scc	0	canonical-invariance	314		15				1																fff47bc3705436c8						alias-intro+alpha-rename+whitespace	preserve	0	invariant
recursive-scc/alpha-rename/315	canonical-definitional	recursive-scc	0	canonical-invariance	315		15				1																fff47bc3705436c8						alpha-rename	preserve	0	invariant
recursive-scc/whitespace+alias-intro/316	canonical-definitional	recursive-scc	0	canonical-invariance	316		15				1																fff47bc3705436c8						whitespace+alias-intro	preserve	0	invariant
recursive-scc/alias-intro+alpha-rename+whitespace/317	canonical-definitional	recursive-scc	0	canonical-invariance	317		15				1																fff47bc3705436c8						alias-intro+alpha-rename+whitespace	preserve	0	invariant
recursive-scc/alpha-rename/318	canonical-definitional	recursive-scc	0	canonical-invariance	318		15				1																fff47bc3705436c8						alpha-rename	preserve	0	invariant
recursive-scc/whitespace+alias-intro/319	canonical-definitional	recursive-scc	0	canonical-invariance	319		15				1																fff47bc3705436c8						whitespace+alias-intro	preserve	0	invariant
recursive-scc/alias-intro+alpha-rename+whitespace/320	canonical-definitional	recursive-scc	0	canonical-invariance	320		15				1																fff47bc3705436c8						alias-intro+alpha-rename+whitespace	preserve	0	invariant
recursive-scc/alpha-rename/321	canonical-definitional	recursive-scc	0	canonical-invariance	321		15				1																fff47bc3705436c8						alpha-rename	preserve	0	invariant
recursive-scc/whitespace+alias-intro/322	canonical-definitional	recursive-scc	0	canonical-invariance	322		15				1																fff47bc3705436c8						whitespace+alias-intro	preserve	0	invariant
recursive-scc/alias-intro+alpha-rename+whitespace/323	canonical-definitional	recursive-scc	0	canonical-invariance	323		15				1																fff47bc3705436c8						alias-intro+alpha-rename+whitespace	preserve	0	invariant
recursive-scc/alpha-rename/324	canonical-definitional	recursive-scc	0	canonical-invariance	324		15				1																fff47bc3705436c8						alpha-rename	preserve	0	invariant
recursive-scc/whitespace+alias-intro/325	canonical-definitional	recursive-scc	0	canonical-invariance	325		15				1																fff47bc3705436c8						whitespace+alias-intro	preserve	0	invariant
recursive-scc/alias-intro+alpha-rename+whitespace/326	canonical-definitional	recursive-scc	0	canonical-invariance	326		15				1																fff47bc3705436c8						alias-intro+alpha-rename+whitespace	preserve	0	invariant
recursive-scc/alpha-rename/327	canonical-definitional	recursive-scc	0	canonical-invariance	327		15				1																fff47bc3705436c8						alpha-rename	preserve	0	invariant
recursive-scc/whitespace+alias-intro/328	canonical-definitional	recursive-scc	0	canonical-invariance	328		15				1																fff47bc3705436c8						whitespace+alias-intro	preserve	0	invariant
recursive-scc/alias-intro+alpha-rename+whitespace/329	canonical-definitional	recursive-scc	0	canonical-invariance	329		15				1																fff47bc3705436c8						alias-intro+alpha-rename+whitespace	preserve	0	invariant
recursive-scc/alpha-rename/330	canonical-definitional	recursive-scc	0	canonical-invariance	330		15				1																fff47bc3705436c8						alpha-rename	preserve	0	invariant
recursive-scc/whitespace+alias-intro/331	canonical-definitional	recursive-scc	0	canonical-invariance	331		15				1																fff47bc3705436c8						whitespace+alias-intro	preserve	0	invariant
recursive-scc/alias-intro+alpha-rename+whitespace/332	canonical-definitional	recursive-scc	0	canonical-invariance	332		15				1																fff47bc3705436c8						alias-intro+alpha-rename+whitespace	preserve	0	invariant
recursive-scc/alpha-rename/333	canonical-definitional	recursive-scc	0	canonical-invariance	333		15				1																fff47bc3705436c8						alpha-rename	preserve	0	invariant
recursive-scc/whitespace+alias-intro/334	canonical-definitional	recursive-scc	0	canonical-invariance	334		15				1																fff47bc3705436c8						whitespace+alias-intro	preserve	0	invariant
recursive-scc/alias-intro+alpha-rename+whitespace/335	canonical-definitional	recursive-scc	0	canonical-invariance	335		15				1																fff47bc3705436c8						alias-intro+alpha-rename+whitespace	preserve	0	invariant
recursive-scc/alpha-rename/336	canonical-definitional	recursive-scc	0	canonical-invariance	336		15				1																fff47bc3705436c8						alpha-rename	preserve	0	invariant
recursive-scc/whitespace+alias-intro/337	canonical-definitional	recursive-scc	0	canonical-invariance	337		15				1																fff47bc3705436c8						whitespace+alias-intro	preserve	0	invariant
recursive-scc/alias-intro+alpha-rename+whitespace/338	canonical-definitional	recursive-scc	0	canonical-invariance	338		15				1																fff47bc3705436c8						alias-intro+alpha-rename+whitespace	preserve	0	invariant
recursive-scc/alpha-rename/339	canonical-definitional	recursive-scc	0	canonical-invariance	339		15				1																fff47bc3705436c8						alpha-rename	preserve	0	invariant
recursive-scc/whitespace+alias-intro/340	canonical-definitional	recursive-scc	0	canonical-invariance	340		15				1																fff47bc3705436c8						whitespace+alias-intro	preserve	0	invariant
recursive-scc/alias-intro+alpha-rename+whitespace/341	canonical-definitional	recursive-scc	0	canonical-invariance	341		15				1																fff47bc3705436c8						alias-intro+alpha-rename+whitespace	preserve	0	invariant
recursive-scc/alpha-rename/342	canonical-definitional	recursive-scc	0	canonical-invariance	342		15				1																fff47bc3705436c8						alpha-rename	preserve	0	invariant
recursive-scc/whitespace+alias-intro/343	canonical-definitional	recursive-scc	0	canonical-invariance	343		15				1																fff47bc3705436c8						whitespace+alias-intro	preserve	0	invariant
recursive-scc/alias-intro+alpha-rename+whitespace/344	canonical-definitional	recursive-scc	0	canonical-invariance	344		15				1																fff47bc3705436c8						alias-intro+alpha-rename+whitespace	preserve	0	invariant
recursive-scc/alpha-rename/345	canonical-definitional	recursive-scc	0	canonical-invariance	345		15				1																fff47bc3705436c8						alpha-rename	preserve	0	invariant
recursive-scc/whitespace+alias-intro/346	canonical-definitional	recursive-scc	0	canonical-invariance	346		15				1																fff47bc3705436c8						whitespace+alias-intro	preserve	0	invariant
recursive-scc/alias-intro+alpha-rename+whitespace/347	canonical-definitional	recursive-scc	0	canonical-invariance	347		15				1																fff47bc3705436c8						alias-intro+alpha-rename+whitespace	preserve	0	invariant
recursive-scc/alpha-rename/348	canonical-definitional	recursive-scc	0	canonical-invariance	348		15				1																fff47bc3705436c8						alpha-rename	preserve	0	invariant
recursive-scc/whitespace+alias-intro/349	canonical-definitional	recursive-scc	0	canonical-invariance	349		15				1																fff47bc3705436c8						whitespace+alias-intro	preserve	0	invariant
recursive-scc/alias-intro+alpha-rename+whitespace/350	canonical-definitional	recursive-scc	0	canonical-invariance	350		15				1																fff47bc3705436c8						alias-intro+alpha-rename+whitespace	preserve	0	invariant
recursive-scc/alpha-rename/351	canonical-definitional	recursive-scc	0	canonical-invariance	351		15				1																fff47bc3705436c8						alpha-rename	preserve	0	invariant
recursive-scc/whitespace+alias-intro/352	canonical-definitional	recursive-scc	0	canonical-invariance	352		15				1																fff47bc3705436c8						whitespace+alias-intro	preserve	0	invariant
recursive-scc/alias-intro+alpha-rename+whitespace/353	canonical-definitional	recursive-scc	0	canonical-invariance	353		15				1																fff47bc3705436c8						alias-intro+alpha-rename+whitespace	preserve	0	invariant
recursive-scc/alpha-rename/354	canonical-definitional	recursive-scc	0	canonical-invariance	354		15				1																fff47bc3705436c8						alpha-rename	preserve	0	invariant
recursive-scc/whitespace+alias-intro/355	canonical-definitional	recursive-scc	0	canonical-invariance	355		15				1																fff47bc3705436c8						whitespace+alias-intro	preserve	0	invariant
recursive-scc/alias-intro+alpha-rename+whitespace/356	canonical-definitional	recursive-scc	0	canonical-invariance	356		15				1																fff47bc3705436c8						alias-intro+alpha-rename+whitespace	preserve	0	invariant
recursive-scc/alpha-rename/357	canonical-definitional	recursive-scc	0	canonical-invariance	357		15				1																fff47bc3705436c8						alpha-rename	preserve	0	invariant
recursive-scc/whitespace+alias-intro/358	canonical-definitional	recursive-scc	0	canonical-invariance	358		15				1																fff47bc3705436c8						whitespace+alias-intro	preserve	0	invariant
recursive-scc/alias-intro+alpha-rename+whitespace/359	canonical-definitional	recursive-scc	0	canonical-invariance	359		15				1																fff47bc3705436c8						alias-intro+alpha-rename+whitespace	preserve	0	invariant
recursive-scc/alpha-rename/360	canonical-definitional	recursive-scc	0	canonical-invariance	360		15				1																fff47bc3705436c8						alpha-rename	preserve	0	invariant
recursive-scc/whitespace+alias-intro/361	canonical-definitional	recursive-scc	0	canonical-invariance	361		15				1																fff47bc3705436c8						whitespace+alias-intro	preserve	0	invariant
recursive-scc/alias-intro+alpha-rename+whitespace/362	canonical-definitional	recursive-scc	0	canonical-invariance	362		15				1																fff47bc3705436c8						alias-intro+alpha-rename+whitespace	preserve	0	invariant
recursive-scc/alpha-rename/363	canonical-definitional	recursive-scc	0	canonical-invariance	363		15				1																fff47bc3705436c8						alpha-rename	preserve	0	invariant
recursive-scc/whitespace+alias-intro/364	canonical-definitional	recursive-scc	0	canonical-invariance	364		15				1																fff47bc3705436c8						whitespace+alias-intro	preserve	0	invariant
recursive-scc/alias-intro+alpha-rename+whitespace/365	canonical-definitional	recursive-scc	0	canonical-invariance	365		15				1																fff47bc3705436c8						alias-intro+alpha-rename+whitespace	preserve	0	invariant
recursive-scc/alpha-rename/366	canonical-definitional	recursive-scc	0	canonical-invariance	366		15				1																fff47bc3705436c8						alpha-rename	preserve	0	invariant
recursive-scc/whitespace+alias-intro/367	canonical-definitional	recursive-scc	0	canonical-invariance	367		15				1																fff47bc3705436c8						whitespace+alias-intro	preserve	0	invariant
recursive-scc/alias-intro+alpha-rename+whitespace/368	canonical-definitional	recursive-scc	0	canonical-invariance	368		15				1																fff47bc3705436c8						alias-intro+alpha-rename+whitespace	preserve	0	invariant
recursive-scc/alpha-rename/369	canonical-definitional	recursive-scc	0	canonical-invariance	369		15				1																fff47bc3705436c8						alpha-rename	preserve	0	invariant
recursive-scc/whitespace+alias-intro/370	canonical-definitional	recursive-scc	0	canonical-invariance	370		15				1																fff47bc3705436c8						whitespace+alias-intro	preserve	0	invariant
recursive-scc/alias-intro+alpha-rename+whitespace/371	canonical-definitional	recursive-scc	0	canonical-invariance	371		15				1																fff47bc3705436c8						alias-intro+alpha-rename+whitespace	preserve	0	invariant
recursive-scc/alpha-rename/372	canonical-definitional	recursive-scc	0	canonical-invariance	372		15				1																fff47bc3705436c8						alpha-rename	preserve	0	invariant
recursive-scc/whitespace+alias-intro/373	canonical-definitional	recursive-scc	0	canonical-invariance	373		15				1																fff47bc3705436c8						whitespace+alias-intro	preserve	0	invariant
recursive-scc/alias-intro+alpha-rename+whitespace/374	canonical-definitional	recursive-scc	0	canonical-invariance	374		15				1																fff47bc3705436c8						alias-intro+alpha-rename+whitespace	preserve	0	invariant
recursive-scc/alpha-rename/375	canonical-definitional	recursive-scc	0	canonical-invariance	375		15				1																fff47bc3705436c8						alpha-rename	preserve	0	invariant
recursive-scc/whitespace+alias-intro/376	canonical-definitional	recursive-scc	0	canonical-invariance	376		15				1																fff47bc3705436c8						whitespace+alias-intro	preserve	0	invariant
recursive-scc/alias-intro+alpha-rename+whitespace/377	canonical-definitional	recursive-scc	0	canonical-invariance	377		15				1																fff47bc3705436c8						alias-intro+alpha-rename+whitespace	preserve	0	invariant
recursive-scc/alpha-rename/378	canonical-definitional	recursive-scc	0	canonical-invariance	378		15				1																fff47bc3705436c8						alpha-rename	preserve	0	invariant
recursive-scc/whitespace+alias-intro/379	canonical-definitional	recursive-scc	0	canonical-invariance	379		15				1																fff47bc3705436c8						whitespace+alias-intro	preserve	0	invariant
recursive-scc/alias-intro+alpha-rename+whitespace/380	canonical-definitional	recursive-scc	0	canonical-invariance	380		15				1																fff47bc3705436c8						alias-intro+alpha-rename+whitespace	preserve	0	invariant
recursive-scc/alpha-rename/381	canonical-definitional	recursive-scc	0	canonical-invariance	381		15				1																fff47bc3705436c8						alpha-rename	preserve	0	invariant
recursive-scc/whitespace+alias-intro/382	canonical-definitional	recursive-scc	0	canonical-invariance	382		15				1																fff47bc3705436c8						whitespace+alias-intro	preserve	0	invariant
recursive-scc/alias-intro+alpha-rename+whitespace/383	canonical-definitional	recursive-scc	0	canonical-invariance	383		15				1																fff47bc3705436c8						alias-intro+alpha-rename+whitespace	preserve	0	invariant
recursive-scc/alpha-rename/384	canonical-definitional	recursive-scc	0	canonical-invariance	384		15				1																fff47bc3705436c8						alpha-rename	preserve	0	invariant
recursive-scc/whitespace+alias-intro/385	canonical-definitional	recursive-scc	0	canonical-invariance	385		15				1																fff47bc3705436c8						whitespace+alias-intro	preserve	0	invariant
recursive-scc/alias-intro+alpha-rename+whitespace/386	canonical-definitional	recursive-scc	0	canonical-invariance	386		15				1																fff47bc3705436c8						alias-intro+alpha-rename+whitespace	preserve	0	invariant
recursive-scc/alpha-rename/387	canonical-definitional	recursive-scc	0	canonical-invariance	387		15				1																fff47bc3705436c8						alpha-rename	preserve	0	invariant
recursive-scc/whitespace+alias-intro/388	canonical-definitional	recursive-scc	0	canonical-invariance	388		15				1																fff47bc3705436c8						whitespace+alias-intro	preserve	0	invariant
recursive-scc/alias-intro+alpha-rename+whitespace/389	canonical-definitional	recursive-scc	0	canonical-invariance	389		15				1																fff47bc3705436c8						alias-intro+alpha-rename+whitespace	preserve	0	invariant
recursive-scc/alpha-rename/390	canonical-definitional	recursive-scc	0	canonical-invariance	390		15				1																fff47bc3705436c8						alpha-rename	preserve	0	invariant
recursive-scc/whitespace+alias-intro/391	canonical-definitional	recursive-scc	0	canonical-invariance	391		15				1																fff47bc3705436c8						whitespace+alias-intro	preserve	0	invariant
recursive-scc/alias-intro+alpha-rename+whitespace/392	canonical-definitional	recursive-scc	0	canonical-invariance	392		15				1																fff47bc3705436c8						alias-intro+alpha-rename+whitespace	preserve	0	invariant
recursive-scc/alpha-rename/393	canonical-definitional	recursive-scc	0	canonical-invariance	393		15				1																fff47bc3705436c8						alpha-rename	preserve	0	invariant
recursive-scc/whitespace+alias-intro/394	canonical-definitional	recursive-scc	0	canonical-invariance	394		15				1																fff47bc3705436c8						whitespace+alias-intro	preserve	0	invariant
recursive-scc/alias-intro+alpha-rename+whitespace/395	canonical-definitional	recursive-scc	0	canonical-invariance	395		15				1																fff47bc3705436c8						alias-intro+alpha-rename+whitespace	preserve	0	invariant
recursive-scc/alpha-rename/396	canonical-definitional	recursive-scc	0	canonical-invariance	396		15				1																fff47bc3705436c8						alpha-rename	preserve	0	invariant
recursive-scc/whitespace+alias-intro/397	canonical-definitional	recursive-scc	0	canonical-invariance	397		15				1																fff47bc3705436c8						whitespace+alias-intro	preserve	0	invariant
recursive-scc/alias-intro+alpha-rename+whitespace/398	canonical-definitional	recursive-scc	0	canonical-invariance	398		15				1																fff47bc3705436c8						alias-intro+alpha-rename+whitespace	preserve	0	invariant
recursive-scc/alpha-rename/399	canonical-definitional	recursive-scc	0	canonical-invariance	399		15				1																fff47bc3705436c8						alpha-rename	preserve	0	invariant
recursive-scc/whitespace+alias-intro/400	canonical-definitional	recursive-scc	0	canonical-invariance	400		15				1																fff47bc3705436c8						whitespace+alias-intro	preserve	0	invariant
recursive-scc/alias-intro+alpha-rename+whitespace/401	canonical-definitional	recursive-scc	0	canonical-invariance	401		15				1																fff47bc3705436c8						alias-intro+alpha-rename+whitespace	preserve	0	invariant
recursive-scc/alpha-rename/402	canonical-definitional	recursive-scc	0	canonical-invariance	402		15				1																fff47bc3705436c8						alpha-rename	preserve	0	invariant
recursive-scc/whitespace+alias-intro/403	canonical-definitional	recursive-scc	0	canonical-invariance	403		15				1																fff47bc3705436c8						whitespace+alias-intro	preserve	0	invariant
recursive-scc/alias-intro+alpha-rename+whitespace/404	canonical-definitional	recursive-scc	0	canonical-invariance	404		15				1																fff47bc3705436c8						alias-intro+alpha-rename+whitespace	preserve	0	invariant
recursive-scc/alpha-rename/405	canonical-definitional	recursive-scc	0	canonical-invariance	405		15				1																fff47bc3705436c8						alpha-rename	preserve	0	invariant
recursive-scc/whitespace+alias-intro/406	canonical-definitional	recursive-scc	0	canonical-invariance	406		15				1																fff47bc3705436c8						whitespace+alias-intro	preserve	0	invariant
recursive-scc/alias-intro+alpha-rename+whitespace/407	canonical-definitional	recursive-scc	0	canonical-invariance	407		15				1																fff47bc3705436c8						alias-intro+alpha-rename+whitespace	preserve	0	invariant
recursive-scc/alpha-rename/408	canonical-definitional	recursive-scc	0	canonical-invariance	408		15				1																fff47bc3705436c8						alpha-rename	preserve	0	invariant
recursive-scc/whitespace+alias-intro/409	canonical-definitional	recursive-scc	0	canonical-invariance	409		15				1																fff47bc3705436c8						whitespace+alias-intro	preserve	0	invariant
recursive-scc/alias-intro+alpha-rename+whitespace/410	canonical-definitional	recursive-scc	0	canonical-invariance	410		15				1																fff47bc3705436c8						alias-intro+alpha-rename+whitespace	preserve	0	invariant
recursive-scc/alpha-rename/411	canonical-definitional	recursive-scc	0	canonical-invariance	411		15				1																fff47bc3705436c8						alpha-rename	preserve	0	invariant
recursive-scc/whitespace+alias-intro/412	canonical-definitional	recursive-scc	0	canonical-invariance	412		15				1																fff47bc3705436c8						whitespace+alias-intro	preserve	0	invariant
recursive-scc/alias-intro+alpha-rename+whitespace/413	canonical-definitional	recursive-scc	0	canonical-invariance	413		15				1																fff47bc3705436c8						alias-intro+alpha-rename+whitespace	preserve	0	invariant
recursive-scc/alpha-rename/414	canonical-definitional	recursive-scc	0	canonical-invariance	414		15				1																fff47bc3705436c8						alpha-rename	preserve	0	invariant
recursive-scc/whitespace+alias-intro/415	canonical-definitional	recursive-scc	0	canonical-invariance	415		15				1																fff47bc3705436c8						whitespace+alias-intro	preserve	0	invariant
recursive-scc/alias-intro+alpha-rename+whitespace/416	canonical-definitional	recursive-scc	0	canonical-invariance	416		15				1																fff47bc3705436c8						alias-intro+alpha-rename+whitespace	preserve	0	invariant
recursive-scc/alpha-rename/417	canonical-definitional	recursive-scc	0	canonical-invariance	417		15				1																fff47bc3705436c8						alpha-rename	preserve	0	invariant
recursive-scc/whitespace+alias-intro/418	canonical-definitional	recursive-scc	0	canonical-invariance	418		15				1																fff47bc3705436c8						whitespace+alias-intro	preserve	0	invariant
recursive-scc/alias-intro+alpha-rename+whitespace/419	canonical-definitional	recursive-scc	0	canonical-invariance	419		15				1																fff47bc3705436c8						alias-intro+alpha-rename+whitespace	preserve	0	invariant
recursive-scc/alpha-rename/420	canonical-definitional	recursive-scc	0	canonical-invariance	420		15				1																fff47bc3705436c8						alpha-rename	preserve	0	invariant
recursive-scc/whitespace+alias-intro/421	canonical-definitional	recursive-scc	0	canonical-invariance	421		15				1																fff47bc3705436c8						whitespace+alias-intro	preserve	0	invariant
recursive-scc/alias-intro+alpha-rename+whitespace/422	canonical-definitional	recursive-scc	0	canonical-invariance	422		15				1																fff47bc3705436c8						alias-intro+alpha-rename+whitespace	preserve	0	invariant
recursive-scc/alpha-rename/423	canonical-definitional	recursive-scc	0	canonical-invariance	423		15				1																fff47bc3705436c8						alpha-rename	preserve	0	invariant
recursive-scc/whitespace+alias-intro/424	canonical-definitional	recursive-scc	0	canonical-invariance	424		15				1																fff47bc3705436c8						whitespace+alias-intro	preserve	0	invariant
recursive-scc/alias-intro+alpha-rename+whitespace/425	canonical-definitional	recursive-scc	0	canonical-invariance	425		15				1																fff47bc3705436c8						alias-intro+alpha-rename+whitespace	preserve	0	invariant
recursive-scc/alpha-rename/426	canonical-definitional	recursive-scc	0	canonical-invariance	426		15				1																fff47bc3705436c8						alpha-rename	preserve	0	invariant
recursive-scc/whitespace+alias-intro/427	canonical-definitional	recursive-scc	0	canonical-invariance	427		15				1																fff47bc3705436c8						whitespace+alias-intro	preserve	0	invariant
recursive-scc/alias-intro+alpha-rename+whitespace/428	canonical-definitional	recursive-scc	0	canonical-invariance	428		15				1																fff47bc3705436c8						alias-intro+alpha-rename+whitespace	preserve	0	invariant
recursive-scc/alpha-rename/429	canonical-definitional	recursive-scc	0	canonical-invariance	429		15				1																fff47bc3705436c8						alpha-rename	preserve	0	invariant
recursive-scc/whitespace+alias-intro/430	canonical-definitional	recursive-scc	0	canonical-invariance	430		15				1																fff47bc3705436c8						whitespace+alias-intro	preserve	0	invariant
recursive-scc/alias-intro+alpha-rename+whitespace/431	canonical-definitional	recursive-scc	0	canonical-invariance	431		15				1																fff47bc3705436c8						alias-intro+alpha-rename+whitespace	preserve	0	invariant
recursive-scc/alpha-rename/432	canonical-definitional	recursive-scc	0	canonical-invariance	432		15				1																fff47bc3705436c8						alpha-rename	preserve	0	invariant
recursive-scc/whitespace+alias-intro/433	canonical-definitional	recursive-scc	0	canonical-invariance	433		15				1																fff47bc3705436c8						whitespace+alias-intro	preserve	0	invariant
recursive-scc/alias-intro+alpha-rename+whitespace/434	canonical-definitional	recursive-scc	0	canonical-invariance	434		15				1																fff47bc3705436c8						alias-intro+alpha-rename+whitespace	preserve	0	invariant
recursive-scc/alpha-rename/435	canonical-definitional	recursive-scc	0	canonical-invariance	435		15				1																fff47bc3705436c8						alpha-rename	preserve	0	invariant
recursive-scc/whitespace+alias-intro/436	canonical-definitional	recursive-scc	0	canonical-invariance	436		15				1																fff47bc3705436c8						whitespace+alias-intro	preserve	0	invariant
recursive-scc/alias-intro+alpha-rename+whitespace/437	canonical-definitional	recursive-scc	0	canonical-invariance	437		15				1																fff47bc3705436c8						alias-intro+alpha-rename+whitespace	preserve	0	invariant
recursive-scc/alpha-rename/438	canonical-definitional	recursive-scc	0	canonical-invariance	438		15				1																fff47bc3705436c8						alpha-rename	preserve	0	invariant
recursive-scc/whitespace+alias-intro/439	canonical-definitional	recursive-scc	0	canonical-invariance	439		15				1																fff47bc3705436c8						whitespace+alias-intro	preserve	0	invariant
recursive-scc/alias-intro+alpha-rename+whitespace/440	canonical-definitional	recursive-scc	0	canonical-invariance	440		15				1																fff47bc3705436c8						alias-intro+alpha-rename+whitespace	preserve	0	invariant
recursive-scc/alpha-rename/441	canonical-definitional	recursive-scc	0	canonical-invariance	441		15				1																fff47bc3705436c8						alpha-rename	preserve	0	invariant
recursive-scc/whitespace+alias-intro/442	canonical-definitional	recursive-scc	0	canonical-invariance	442		15				1																fff47bc3705436c8						whitespace+alias-intro	preserve	0	invariant
recursive-scc/alias-intro+alpha-rename+whitespace/443	canonical-definitional	recursive-scc	0	canonical-invariance	443		15				1																fff47bc3705436c8						alias-intro+alpha-rename+whitespace	preserve	0	invariant
recursive-scc/alpha-rename/444	canonical-definitional	recursive-scc	0	canonical-invariance	444		15				1																fff47bc3705436c8						alpha-rename	preserve	0	invariant
recursive-scc/whitespace+alias-intro/445	canonical-definitional	recursive-scc	0	canonical-invariance	445		15				1																fff47bc3705436c8						whitespace+alias-intro	preserve	0	invariant
recursive-scc/alias-intro+alpha-rename+whitespace/446	canonical-definitional	recursive-scc	0	canonical-invariance	446		15				1																fff47bc3705436c8						alias-intro+alpha-rename+whitespace	preserve	0	invariant
recursive-scc/alpha-rename/447	canonical-definitional	recursive-scc	0	canonical-invariance	447		15				1																fff47bc3705436c8						alpha-rename	preserve	0	invariant
recursive-scc/whitespace+alias-intro/448	canonical-definitional	recursive-scc	0	canonical-invariance	448		15				1																fff47bc3705436c8						whitespace+alias-intro	preserve	0	invariant
recursive-scc/alias-intro+alpha-rename+whitespace/449	canonical-definitional	recursive-scc	0	canonical-invariance	449		15				1																fff47bc3705436c8						alias-intro+alpha-rename+whitespace	preserve	0	invariant
recursive-scc/alpha-rename/450	canonical-definitional	recursive-scc	0	canonical-invariance	450		15				1																fff47bc3705436c8						alpha-rename	preserve	0	invariant
recursive-scc/whitespace+alias-intro/451	canonical-definitional	recursive-scc	0	canonical-invariance	451		15				1																fff47bc3705436c8						whitespace+alias-intro	preserve	0	invariant
recursive-scc/alias-intro+alpha-rename+whitespace/452	canonical-definitional	recursive-scc	0	canonical-invariance	452		15				1																fff47bc3705436c8						alias-intro+alpha-rename+whitespace	preserve	0	invariant
recursive-scc/alpha-rename/453	canonical-definitional	recursive-scc	0	canonical-invariance	453		15				1																fff47bc3705436c8						alpha-rename	preserve	0	invariant
recursive-scc/whitespace+alias-intro/454	canonical-definitional	recursive-scc	0	canonical-invariance	454		15				1																fff47bc3705436c8						whitespace+alias-intro	preserve	0	invariant
recursive-scc/alias-intro+alpha-rename+whitespace/455	canonical-definitional	recursive-scc	0	canonical-invariance	455		15				1																fff47bc3705436c8						alias-intro+alpha-rename+whitespace	preserve	0	invariant
recursive-scc/alpha-rename/456	canonical-definitional	recursive-scc	0	canonical-invariance	456		15				1																fff47bc3705436c8						alpha-rename	preserve	0	invariant
recursive-scc/whitespace+alias-intro/457	canonical-definitional	recursive-scc	0	canonical-invariance	457		15				1																fff47bc3705436c8						whitespace+alias-intro	preserve	0	invariant
recursive-scc/alias-intro+alpha-rename+whitespace/458	canonical-definitional	recursive-scc	0	canonical-invariance	458		15				1																fff47bc3705436c8						alias-intro+alpha-rename+whitespace	preserve	0	invariant
recursive-scc/alpha-rename/459	canonical-definitional	recursive-scc	0	canonical-invariance	459		15				1																fff47bc3705436c8						alpha-rename	preserve	0	invariant
recursive-scc/whitespace+alias-intro/460	canonical-definitional	recursive-scc	0	canonical-invariance	460		15				1																fff47bc3705436c8						whitespace+alias-intro	preserve	0	invariant
recursive-scc/alias-intro+alpha-rename+whitespace/461	canonical-definitional	recursive-scc	0	canonical-invariance	461		15				1																fff47bc3705436c8						alias-intro+alpha-rename+whitespace	preserve	0	invariant
recursive-scc/alpha-rename/462	canonical-definitional	recursive-scc	0	canonical-invariance	462		15				1																fff47bc3705436c8						alpha-rename	preserve	0	invariant
recursive-scc/whitespace+alias-intro/463	canonical-definitional	recursive-scc	0	canonical-invariance	463		15				1																fff47bc3705436c8						whitespace+alias-intro	preserve	0	invariant
recursive-scc/alias-intro+alpha-rename+whitespace/464	canonical-definitional	recursive-scc	0	canonical-invariance	464		15				1																fff47bc3705436c8						alias-intro+alpha-rename+whitespace	preserve	0	invariant
recursive-scc/alpha-rename/465	canonical-definitional	recursive-scc	0	canonical-invariance	465		15				1																fff47bc3705436c8						alpha-rename	preserve	0	invariant
recursive-scc/whitespace+alias-intro/466	canonical-definitional	recursive-scc	0	canonical-invariance	466		15				1																fff47bc3705436c8						whitespace+alias-intro	preserve	0	invariant
recursive-scc/alias-intro+alpha-rename+whitespace/467	canonical-definitional	recursive-scc	0	canonical-invariance	467		15				1																fff47bc3705436c8						alias-intro+alpha-rename+whitespace	preserve	0	invariant
recursive-scc/alpha-rename/468	canonical-definitional	recursive-scc	0	canonical-invariance	468		15				1																fff47bc3705436c8						alpha-rename	preserve	0	invariant
recursive-scc/whitespace+alias-intro/469	canonical-definitional	recursive-scc	0	canonical-invariance	469		15				1																fff47bc3705436c8						whitespace+alias-intro	preserve	0	invariant
recursive-scc/alias-intro+alpha-rename+whitespace/470	canonical-definitional	recursive-scc	0	canonical-invariance	470		15				1																fff47bc3705436c8						alias-intro+alpha-rename+whitespace	preserve	0	invariant
recursive-scc/alpha-rename/471	canonical-definitional	recursive-scc	0	canonical-invariance	471		15				1																fff47bc3705436c8						alpha-rename	preserve	0	invariant
recursive-scc/whitespace+alias-intro/472	canonical-definitional	recursive-scc	0	canonical-invariance	472		15				1																fff47bc3705436c8						whitespace+alias-intro	preserve	0	invariant
recursive-scc/alias-intro+alpha-rename+whitespace/473	canonical-definitional	recursive-scc	0	canonical-invariance	473		15				1																fff47bc3705436c8						alias-intro+alpha-rename+whitespace	preserve	0	invariant
recursive-scc/alpha-rename/474	canonical-definitional	recursive-scc	0	canonical-invariance	474		15				1																fff47bc3705436c8						alpha-rename	preserve	0	invariant
recursive-scc/whitespace+alias-intro/475	canonical-definitional	recursive-scc	0	canonical-invariance	475		15				1																fff47bc3705436c8						whitespace+alias-intro	preserve	0	invariant
recursive-scc/alias-intro+alpha-rename+whitespace/476	canonical-definitional	recursive-scc	0	canonical-invariance	476		15				1																fff47bc3705436c8						alias-intro+alpha-rename+whitespace	preserve	0	invariant
recursive-scc/alpha-rename/477	canonical-definitional	recursive-scc	0	canonical-invariance	477		15				1																fff47bc3705436c8						alpha-rename	preserve	0	invariant
recursive-scc/whitespace+alias-intro/478	canonical-definitional	recursive-scc	0	canonical-invariance	478		15				1																fff47bc3705436c8						whitespace+alias-intro	preserve	0	invariant
recursive-scc/alias-intro+alpha-rename+whitespace/479	canonical-definitional	recursive-scc	0	canonical-invariance	479		15				1																fff47bc3705436c8						alias-intro+alpha-rename+whitespace	preserve	0	invariant
recursive-scc/alpha-rename/480	canonical-definitional	recursive-scc	0	canonical-invariance	480		15				1																fff47bc3705436c8						alpha-rename	preserve	0	invariant
recursive-scc/whitespace+alias-intro/481	canonical-definitional	recursive-scc	0	canonical-invariance	481		15				1																fff47bc3705436c8						whitespace+alias-intro	preserve	0	invariant
recursive-scc/alias-intro+alpha-rename+whitespace/482	canonical-definitional	recursive-scc	0	canonical-invariance	482		15				1																fff47bc3705436c8						alias-intro+alpha-rename+whitespace	preserve	0	invariant
recursive-scc/alpha-rename/483	canonical-definitional	recursive-scc	0	canonical-invariance	483		15				1																fff47bc3705436c8						alpha-rename	preserve	0	invariant
recursive-scc/whitespace+alias-intro/484	canonical-definitional	recursive-scc	0	canonical-invariance	484		15				1																fff47bc3705436c8						whitespace+alias-intro	preserve	0	invariant
recursive-scc/alias-intro+alpha-rename+whitespace/485	canonical-definitional	recursive-scc	0	canonical-invariance	485		15				1																fff47bc3705436c8						alias-intro+alpha-rename+whitespace	preserve	0	invariant
recursive-scc/alpha-rename/486	canonical-definitional	recursive-scc	0	canonical-invariance	486		15				1																fff47bc3705436c8						alpha-rename	preserve	0	invariant
recursive-scc/whitespace+alias-intro/487	canonical-definitional	recursive-scc	0	canonical-invariance	487		15				1																fff47bc3705436c8						whitespace+alias-intro	preserve	0	invariant
recursive-scc/alias-intro+alpha-rename+whitespace/488	canonical-definitional	recursive-scc	0	canonical-invariance	488		15				1																fff47bc3705436c8						alias-intro+alpha-rename+whitespace	preserve	0	invariant
recursive-scc/alpha-rename/489	canonical-definitional	recursive-scc	0	canonical-invariance	489		15				1																fff47bc3705436c8						alpha-rename	preserve	0	invariant
recursive-scc/whitespace+alias-intro/490	canonical-definitional	recursive-scc	0	canonical-invariance	490		15				1																fff47bc3705436c8						whitespace+alias-intro	preserve	0	invariant
recursive-scc/alias-intro+alpha-rename+whitespace/491	canonical-definitional	recursive-scc	0	canonical-invariance	491		15				1																fff47bc3705436c8						alias-intro+alpha-rename+whitespace	preserve	0	invariant
recursive-scc/alpha-rename/492	canonical-definitional	recursive-scc	0	canonical-invariance	492		15				1																fff47bc3705436c8						alpha-rename	preserve	0	invariant
recursive-scc/whitespace+alias-intro/493	canonical-definitional	recursive-scc	0	canonical-invariance	493		15				1																fff47bc3705436c8						whitespace+alias-intro	preserve	0	invariant
recursive-scc/alias-intro+alpha-rename+whitespace/494	canonical-definitional	recursive-scc	0	canonical-invariance	494		15				1																fff47bc3705436c8						alias-intro+alpha-rename+whitespace	preserve	0	invariant
recursive-scc/alpha-rename/495	canonical-definitional	recursive-scc	0	canonical-invariance	495		15				1																fff47bc3705436c8						alpha-rename	preserve	0	invariant
recursive-scc/whitespace+alias-intro/496	canonical-definitional	recursive-scc	0	canonical-invariance	496		15				1																fff47bc3705436c8						whitespace+alias-intro	preserve	0	invariant
recursive-scc/alias-intro+alpha-rename+whitespace/497	canonical-definitional	recursive-scc	0	canonical-invariance	497		15				1																fff47bc3705436c8						alias-intro+alpha-rename+whitespace	preserve	0	invariant
recursive-scc/alpha-rename/498	canonical-definitional	recursive-scc	0	canonical-invariance	498		15				1																fff47bc3705436c8						alpha-rename	preserve	0	invariant
recursive-scc/whitespace+alias-intro/499	canonical-definitional	recursive-scc	0	canonical-invariance	499		15				1																fff47bc3705436c8						whitespace+alias-intro	preserve	0	invariant
recursive-scc/alias-intro+alpha-rename+whitespace/500	canonical-definitional	recursive-scc	0	canonical-invariance	500		15				1																fff47bc3705436c8						alias-intro+alpha-rename+whitespace	preserve	0	invariant
recursive-scc/alpha-rename/501	canonical-definitional	recursive-scc	0	canonical-invariance	501		15				1																fff47bc3705436c8						alpha-rename	preserve	0	invariant
recursive-scc/whitespace+alias-intro/502	canonical-definitional	recursive-scc	0	canonical-invariance	502		15				1																fff47bc3705436c8						whitespace+alias-intro	preserve	0	invariant
recursive-scc/alias-intro+alpha-rename+whitespace/503	canonical-definitional	recursive-scc	0	canonical-invariance	503		15				1																fff47bc3705436c8						alias-intro+alpha-rename+whitespace	preserve	0	invariant
recursive-scc/alpha-rename/504	canonical-definitional	recursive-scc	0	canonical-invariance	504		15				1																fff47bc3705436c8						alpha-rename	preserve	0	invariant
recursive-scc/whitespace+alias-intro/505	canonical-definitional	recursive-scc	0	canonical-invariance	505		15				1																fff47bc3705436c8						whitespace+alias-intro	preserve	0	invariant
recursive-scc/alias-intro+alpha-rename+whitespace/506	canonical-definitional	recursive-scc	0	canonical-invariance	506		15				1																fff47bc3705436c8						alias-intro+alpha-rename+whitespace	preserve	0	invariant
recursive-scc/alpha-rename/507	canonical-definitional	recursive-scc	0	canonical-invariance	507		15				1																fff47bc3705436c8						alpha-rename	preserve	0	invariant
recursive-scc/whitespace+alias-intro/508	canonical-definitional	recursive-scc	0	canonical-invariance	508		15				1																fff47bc3705436c8						whitespace+alias-intro	preserve	0	invariant
recursive-scc/alias-intro+alpha-rename+whitespace/509	canonical-definitional	recursive-scc	0	canonical-invariance	509		15				1																fff47bc3705436c8						alias-intro+alpha-rename+whitespace	preserve	0	invariant
recursive-scc/alpha-rename/510	canonical-definitional	recursive-scc	0	canonical-invariance	510		15				1																fff47bc3705436c8						alpha-rename	preserve	0	invariant
recursive-scc/whitespace+alias-intro/511	canonical-definitional	recursive-scc	0	canonical-invariance	511		15				1																fff47bc3705436c8						whitespace+alias-intro	preserve	0	invariant
recursive-scc/alias-intro+alpha-rename+whitespace/512	canonical-definitional	recursive-scc	0	canonical-invariance	512		15				1																fff47bc3705436c8						alias-intro+alpha-rename+whitespace	preserve	0	invariant
recursive-scc/alpha-rename/513	canonical-definitional	recursive-scc	0	canonical-invariance	513		15				1																fff47bc3705436c8						alpha-rename	preserve	0	invariant
recursive-scc/whitespace+alias-intro/514	canonical-definitional	recursive-scc	0	canonical-invariance	514		15				1																fff47bc3705436c8						whitespace+alias-intro	preserve	0	invariant
recursive-scc/alias-intro+alpha-rename+whitespace/515	canonical-definitional	recursive-scc	0	canonical-invariance	515		15				1																fff47bc3705436c8						alias-intro+alpha-rename+whitespace	preserve	0	invariant
recursive-scc/alpha-rename/516	canonical-definitional	recursive-scc	0	canonical-invariance	516		15				1																fff47bc3705436c8						alpha-rename	preserve	0	invariant
recursive-scc/whitespace+alias-intro/517	canonical-definitional	recursive-scc	0	canonical-invariance	517		15				1																fff47bc3705436c8						whitespace+alias-intro	preserve	0	invariant
recursive-scc/alias-intro+alpha-rename+whitespace/518	canonical-definitional	recursive-scc	0	canonical-invariance	518		15				1																fff47bc3705436c8						alias-intro+alpha-rename+whitespace	preserve	0	invariant
recursive-scc/alpha-rename/519	canonical-definitional	recursive-scc	0	canonical-invariance	519		15				1																fff47bc3705436c8						alpha-rename	preserve	0	invariant
recursive-scc/whitespace+alias-intro/520	canonical-definitional	recursive-scc	0	canonical-invariance	520		15				1																fff47bc3705436c8						whitespace+alias-intro	preserve	0	invariant
recursive-scc/alias-intro+alpha-rename+whitespace/521	canonical-definitional	recursive-scc	0	canonical-invariance	521		15				1																fff47bc3705436c8						alias-intro+alpha-rename+whitespace	preserve	0	invariant
recursive-scc/alpha-rename/522	canonical-definitional	recursive-scc	0	canonical-invariance	522		15				1																fff47bc3705436c8						alpha-rename	preserve	0	invariant
recursive-scc/whitespace+alias-intro/523	canonical-definitional	recursive-scc	0	canonical-invariance	523		15				1																fff47bc3705436c8						whitespace+alias-intro	preserve	0	invariant
recursive-scc/alias-intro+alpha-rename+whitespace/524	canonical-definitional	recursive-scc	0	canonical-invariance	524		15				1																fff47bc3705436c8						alias-intro+alpha-rename+whitespace	preserve	0	invariant
recursive-scc/alpha-rename/525	canonical-definitional	recursive-scc	0	canonical-invariance	525		15				1																fff47bc3705436c8						alpha-rename	preserve	0	invariant
recursive-scc/whitespace+alias-intro/526	canonical-definitional	recursive-scc	0	canonical-invariance	526		15				1																fff47bc3705436c8						whitespace+alias-intro	preserve	0	invariant
recursive-scc/alias-intro+alpha-rename+whitespace/527	canonical-definitional	recursive-scc	0	canonical-invariance	527		15				1																fff47bc3705436c8						alias-intro+alpha-rename+whitespace	preserve	0	invariant
recursive-scc/alpha-rename/528	canonical-definitional	recursive-scc	0	canonical-invariance	528		15				1																fff47bc3705436c8						alpha-rename	preserve	0	invariant
recursive-scc/whitespace+alias-intro/529	canonical-definitional	recursive-scc	0	canonical-invariance	529		15				1																fff47bc3705436c8						whitespace+alias-intro	preserve	0	invariant
recursive-scc/alias-intro+alpha-rename+whitespace/530	canonical-definitional	recursive-scc	0	canonical-invariance	530		15				1																fff47bc3705436c8						alias-intro+alpha-rename+whitespace	preserve	0	invariant
recursive-scc/alpha-rename/531	canonical-definitional	recursive-scc	0	canonical-invariance	531		15				1																fff47bc3705436c8						alpha-rename	preserve	0	invariant
recursive-scc/whitespace+alias-intro/532	canonical-definitional	recursive-scc	0	canonical-invariance	532		15				1																fff47bc3705436c8						whitespace+alias-intro	preserve	0	invariant
recursive-scc/alias-intro+alpha-rename+whitespace/533	canonical-definitional	recursive-scc	0	canonical-invariance	533		15				1																fff47bc3705436c8						alias-intro+alpha-rename+whitespace	preserve	0	invariant
recursive-scc/alpha-rename/534	canonical-definitional	recursive-scc	0	canonical-invariance	534		15				1																fff47bc3705436c8						alpha-rename	preserve	0	invariant
recursive-scc/whitespace+alias-intro/535	canonical-definitional	recursive-scc	0	canonical-invariance	535		15				1																fff47bc3705436c8						whitespace+alias-intro	preserve	0	invariant
recursive-scc/alias-intro+alpha-rename+whitespace/536	canonical-definitional	recursive-scc	0	canonical-invariance	536		15				1																fff47bc3705436c8						alias-intro+alpha-rename+whitespace	preserve	0	invariant
recursive-scc/alpha-rename/537	canonical-definitional	recursive-scc	0	canonical-invariance	537		15				1																fff47bc3705436c8						alpha-rename	preserve	0	invariant
recursive-scc/whitespace+alias-intro/538	canonical-definitional	recursive-scc	0	canonical-invariance	538		15				1																fff47bc3705436c8						whitespace+alias-intro	preserve	0	invariant
recursive-scc/alias-intro+alpha-rename+whitespace/539	canonical-definitional	recursive-scc	0	canonical-invariance	539		15				1																fff47bc3705436c8						alias-intro+alpha-rename+whitespace	preserve	0	invariant
recursive-scc/alpha-rename/540	canonical-definitional	recursive-scc	0	canonical-invariance	540		15				1																fff47bc3705436c8						alpha-rename	preserve	0	invariant
recursive-scc/whitespace+alias-intro/541	canonical-definitional	recursive-scc	0	canonical-invariance	541		15				1																fff47bc3705436c8						whitespace+alias-intro	preserve	0	invariant
recursive-scc/alias-intro+alpha-rename+whitespace/542	canonical-definitional	recursive-scc	0	canonical-invariance	542		15				1																fff47bc3705436c8						alias-intro+alpha-rename+whitespace	preserve	0	invariant
recursive-scc/alpha-rename/543	canonical-definitional	recursive-scc	0	canonical-invariance	543		15				1																fff47bc3705436c8						alpha-rename	preserve	0	invariant
recursive-scc/whitespace+alias-intro/544	canonical-definitional	recursive-scc	0	canonical-invariance	544		15				1																fff47bc3705436c8						whitespace+alias-intro	preserve	0	invariant
recursive-scc/alias-intro+alpha-rename+whitespace/545	canonical-definitional	recursive-scc	0	canonical-invariance	545		15				1																fff47bc3705436c8						alias-intro+alpha-rename+whitespace	preserve	0	invariant
recursive-scc/alpha-rename/546	canonical-definitional	recursive-scc	0	canonical-invariance	546		15				1																fff47bc3705436c8						alpha-rename	preserve	0	invariant
recursive-scc/whitespace+alias-intro/547	canonical-definitional	recursive-scc	0	canonical-invariance	547		15				1																fff47bc3705436c8						whitespace+alias-intro	preserve	0	invariant
recursive-scc/alias-intro+alpha-rename+whitespace/548	canonical-definitional	recursive-scc	0	canonical-invariance	548		15				1																fff47bc3705436c8						alias-intro+alpha-rename+whitespace	preserve	0	invariant
recursive-scc/alpha-rename/549	canonical-definitional	recursive-scc	0	canonical-invariance	549		15				1																fff47bc3705436c8						alpha-rename	preserve	0	invariant
recursive-scc/whitespace+alias-intro/550	canonical-definitional	recursive-scc	0	canonical-invariance	550		15				1																fff47bc3705436c8						whitespace+alias-intro	preserve	0	invariant
recursive-scc/alias-intro+alpha-rename+whitespace/551	canonical-definitional	recursive-scc	0	canonical-invariance	551		15				1																fff47bc3705436c8						alias-intro+alpha-rename+whitespace	preserve	0	invariant
recursive-scc/alpha-rename/552	canonical-definitional	recursive-scc	0	canonical-invariance	552		15				1																fff47bc3705436c8						alpha-rename	preserve	0	invariant
recursive-scc/whitespace+alias-intro/553	canonical-definitional	recursive-scc	0	canonical-invariance	553		15				1																fff47bc3705436c8						whitespace+alias-intro	preserve	0	invariant
recursive-scc/alias-intro+alpha-rename+whitespace/554	canonical-definitional	recursive-scc	0	canonical-invariance	554		15				1																fff47bc3705436c8						alias-intro+alpha-rename+whitespace	preserve	0	invariant
recursive-scc/alpha-rename/555	canonical-definitional	recursive-scc	0	canonical-invariance	555		15				1																fff47bc3705436c8						alpha-rename	preserve	0	invariant
recursive-scc/whitespace+alias-intro/556	canonical-definitional	recursive-scc	0	canonical-invariance	556		15				1																fff47bc3705436c8						whitespace+alias-intro	preserve	0	invariant
recursive-scc/alias-intro+alpha-rename+whitespace/557	canonical-definitional	recursive-scc	0	canonical-invariance	557		15				1																fff47bc3705436c8						alias-intro+alpha-rename+whitespace	preserve	0	invariant
recursive-scc/alpha-rename/558	canonical-definitional	recursive-scc	0	canonical-invariance	558		15				1																fff47bc3705436c8						alpha-rename	preserve	0	invariant
recursive-scc/whitespace+alias-intro/559	canonical-definitional	recursive-scc	0	canonical-invariance	559		15				1																fff47bc3705436c8						whitespace+alias-intro	preserve	0	invariant
recursive-scc/alias-intro+alpha-rename+whitespace/560	canonical-definitional	recursive-scc	0	canonical-invariance	560		15				1																fff47bc3705436c8						alias-intro+alpha-rename+whitespace	preserve	0	invariant
recursive-scc/alpha-rename/561	canonical-definitional	recursive-scc	0	canonical-invariance	561		15				1																fff47bc3705436c8						alpha-rename	preserve	0	invariant
recursive-scc/whitespace+alias-intro/562	canonical-definitional	recursive-scc	0	canonical-invariance	562		15				1																fff47bc3705436c8						whitespace+alias-intro	preserve	0	invariant
recursive-scc/alias-intro+alpha-rename+whitespace/563	canonical-definitional	recursive-scc	0	canonical-invariance	563		15				1																fff47bc3705436c8						alias-intro+alpha-rename+whitespace	preserve	0	invariant
recursive-scc/alpha-rename/564	canonical-definitional	recursive-scc	0	canonical-invariance	564		15				1																fff47bc3705436c8						alpha-rename	preserve	0	invariant
recursive-scc/whitespace+alias-intro/565	canonical-definitional	recursive-scc	0	canonical-invariance	565		15				1																fff47bc3705436c8						whitespace+alias-intro	preserve	0	invariant
recursive-scc/alias-intro+alpha-rename+whitespace/566	canonical-definitional	recursive-scc	0	canonical-invariance	566		15				1																fff47bc3705436c8						alias-intro+alpha-rename+whitespace	preserve	0	invariant
recursive-scc/alpha-rename/567	canonical-definitional	recursive-scc	0	canonical-invariance	567		15				1																fff47bc3705436c8						alpha-rename	preserve	0	invariant
recursive-scc/whitespace+alias-intro/568	canonical-definitional	recursive-scc	0	canonical-invariance	568		15				1																fff47bc3705436c8						whitespace+alias-intro	preserve	0	invariant
recursive-scc/alias-intro+alpha-rename+whitespace/569	canonical-definitional	recursive-scc	0	canonical-invariance	569		15				1																fff47bc3705436c8						alias-intro+alpha-rename+whitespace	preserve	0	invariant
recursive-scc/alpha-rename/570	canonical-definitional	recursive-scc	0	canonical-invariance	570		15				1																fff47bc3705436c8						alpha-rename	preserve	0	invariant
recursive-scc/whitespace+alias-intro/571	canonical-definitional	recursive-scc	0	canonical-invariance	571		15				1																fff47bc3705436c8						whitespace+alias-intro	preserve	0	invariant
recursive-scc/alias-intro+alpha-rename+whitespace/572	canonical-definitional	recursive-scc	0	canonical-invariance	572		15				1																fff47bc3705436c8						alias-intro+alpha-rename+whitespace	preserve	0	invariant
recursive-scc/alpha-rename/573	canonical-definitional	recursive-scc	0	canonical-invariance	573		15				1																fff47bc3705436c8						alpha-rename	preserve	0	invariant
recursive-scc/whitespace+alias-intro/574	canonical-definitional	recursive-scc	0	canonical-invariance	574		15				1																fff47bc3705436c8						whitespace+alias-intro	preserve	0	invariant
recursive-scc/alias-intro+alpha-rename+whitespace/575	canonical-definitional	recursive-scc	0	canonical-invariance	575		15				1																fff47bc3705436c8						alias-intro+alpha-rename+whitespace	preserve	0	invariant
recursive-scc/alpha-rename/576	canonical-definitional	recursive-scc	0	canonical-invariance	576		15				1																fff47bc3705436c8						alpha-rename	preserve	0	invariant
recursive-scc/whitespace+alias-intro/577	canonical-definitional	recursive-scc	0	canonical-invariance	577		15				1																fff47bc3705436c8						whitespace+alias-intro	preserve	0	invariant
recursive-scc/alias-intro+alpha-rename+whitespace/578	canonical-definitional	recursive-scc	0	canonical-invariance	578		15				1																fff47bc3705436c8						alias-intro+alpha-rename+whitespace	preserve	0	invariant
recursive-scc/alpha-rename/579	canonical-definitional	recursive-scc	0	canonical-invariance	579		15				1																fff47bc3705436c8						alpha-rename	preserve	0	invariant
recursive-scc/whitespace+alias-intro/580	canonical-definitional	recursive-scc	0	canonical-invariance	580		15				1																fff47bc3705436c8						whitespace+alias-intro	preserve	0	invariant
recursive-scc/alias-intro+alpha-rename+whitespace/581	canonical-definitional	recursive-scc	0	canonical-invariance	581		15				1																fff47bc3705436c8						alias-intro+alpha-rename+whitespace	preserve	0	invariant
recursive-scc/alpha-rename/582	canonical-definitional	recursive-scc	0	canonical-invariance	582		15				1																fff47bc3705436c8						alpha-rename	preserve	0	invariant
recursive-scc/whitespace+alias-intro/583	canonical-definitional	recursive-scc	0	canonical-invariance	583		15				1																fff47bc3705436c8						whitespace+alias-intro	preserve	0	invariant
recursive-scc/alias-intro+alpha-rename+whitespace/584	canonical-definitional	recursive-scc	0	canonical-invariance	584		15				1																fff47bc3705436c8						alias-intro+alpha-rename+whitespace	preserve	0	invariant
recursive-scc/alpha-rename/585	canonical-definitional	recursive-scc	0	canonical-invariance	585		15				1																fff47bc3705436c8						alpha-rename	preserve	0	invariant
recursive-scc/whitespace+alias-intro/586	canonical-definitional	recursive-scc	0	canonical-invariance	586		15				1																fff47bc3705436c8						whitespace+alias-intro	preserve	0	invariant
recursive-scc/alias-intro+alpha-rename+whitespace/587	canonical-definitional	recursive-scc	0	canonical-invariance	587		15				1																fff47bc3705436c8						alias-intro+alpha-rename+whitespace	preserve	0	invariant
recursive-scc/alpha-rename/588	canonical-definitional	recursive-scc	0	canonical-invariance	588		15				1																fff47bc3705436c8						alpha-rename	preserve	0	invariant
recursive-scc/whitespace+alias-intro/589	canonical-definitional	recursive-scc	0	canonical-invariance	589		15				1																fff47bc3705436c8						whitespace+alias-intro	preserve	0	invariant
recursive-scc/alias-intro+alpha-rename+whitespace/590	canonical-definitional	recursive-scc	0	canonical-invariance	590		15				1																fff47bc3705436c8						alias-intro+alpha-rename+whitespace	preserve	0	invariant
recursive-scc/alpha-rename/591	canonical-definitional	recursive-scc	0	canonical-invariance	591		15				1																fff47bc3705436c8						alpha-rename	preserve	0	invariant
recursive-scc/whitespace+alias-intro/592	canonical-definitional	recursive-scc	0	canonical-invariance	592		15				1																fff47bc3705436c8						whitespace+alias-intro	preserve	0	invariant
recursive-scc/alias-intro+alpha-rename+whitespace/593	canonical-definitional	recursive-scc	0	canonical-invariance	593		15				1																fff47bc3705436c8						alias-intro+alpha-rename+whitespace	preserve	0	invariant
recursive-scc/alpha-rename/594	canonical-definitional	recursive-scc	0	canonical-invariance	594		15				1																fff47bc3705436c8						alpha-rename	preserve	0	invariant
recursive-scc/whitespace+alias-intro/595	canonical-definitional	recursive-scc	0	canonical-invariance	595		15				1																fff47bc3705436c8						whitespace+alias-intro	preserve	0	invariant
recursive-scc/alias-intro+alpha-rename+whitespace/596	canonical-definitional	recursive-scc	0	canonical-invariance	596		15				1																fff47bc3705436c8						alias-intro+alpha-rename+whitespace	preserve	0	invariant
recursive-scc/alpha-rename/597	canonical-definitional	recursive-scc	0	canonical-invariance	597		15				1																fff47bc3705436c8						alpha-rename	preserve	0	invariant
recursive-scc/whitespace+alias-intro/598	canonical-definitional	recursive-scc	0	canonical-invariance	598		15				1																fff47bc3705436c8						whitespace+alias-intro	preserve	0	invariant
recursive-scc/alias-intro+alpha-rename+whitespace/599	canonical-definitional	recursive-scc	0	canonical-invariance	599		15				1																fff47bc3705436c8						alias-intro+alpha-rename+whitespace	preserve	0	invariant
recursive-scc/alpha-rename/600	canonical-definitional	recursive-scc	0	canonical-invariance	600		15				1																fff47bc3705436c8						alpha-rename	preserve	0	invariant
recursive-scc/swap-selectors/1	canonical-definitional	recursive-scc	0	canonical-invariance	1		15				1																fff47bc3705436c8						swap-selectors	drift	1	canonical_word:1b62d4dcc0bca284!=190961c16225bf38
recursive-scc/change-constant/1	canonical-definitional	recursive-scc	0	canonical-invariance	1		15				1																fff47bc3705436c8						change-constant	drift	1	canonical_word:1b62d4dcc0bca284!=c10d2fae9c416df7
recursive-scc/swap-cons-args/1	canonical-definitional	recursive-scc	0	canonical-invariance	1		15				1																fff47bc3705436c8						swap-cons-args	drift	1	canonical_word:1b62d4dcc0bca284!=7645e539f515d547
