path	line	result	first_blocker	literal_prefix
benchmarks/parser.lisp	6	blocked	latin	UTF-8 · Українська · Deutsch
contracts/core4-predicate-answer-scale.lisp	45	encodes	-	невідомо
contracts/core4-predicate-answer-scale.lisp	95	encodes	-	тверда певність
contracts/core4-predicate-answer-scale.lisp	96	encodes	-	певність
contracts/core4-predicate-answer-scale.lisp	97	encodes	-	висновок
contracts/core4-predicate-answer-scale.lisp	98	encodes	-	правдоподібність
contracts/core4-predicate-answer-scale.lisp	99	encodes	-	сумнів
contracts/core4-predicate-answer-scale.lisp	100	encodes	-	непевність
contracts/core4-predicate-answer-scale.lisp	101	encodes	-	межа невідомого
contracts/core4-predicate-answer-scale.lisp	102	encodes	-	невідомо
contracts/primitive-budget-audit-734.lisp	20	encodes	-	додати
contracts/primitive-budget-audit-734.lisp	21	encodes	-	відняти
contracts/primitive-budget-audit-734.lisp	22	encodes	-	помножити
contracts/primitive-budget-audit-734.lisp	23	encodes	-	поділити
contracts/primitive-budget-audit-734.lisp	34	encodes	-	менше?
contracts/primitive-budget-audit-734.lisp	35	encodes	-	більше?
contracts/primitive-budget-audit-734.lisp	36	encodes	-	рівне?
contracts/primitive-budget-audit-734.lisp	37	encodes	-	не-більше?
contracts/primitive-budget-audit-734.lisp	38	encodes	-	не-менше?
contracts/sid-kernel-witness-735.lisp	38	blocked	latin	Canon 0 — первинний ground object. Жоден island поки не вико
contracts/sid-kernel-witness-735.lisp	48	blocked	latin	quote: my-lisp evaluator є live witness; CL gated через WSM_
contracts/sid-kernel-witness-735.lisp	57	blocked	latin	atom: Prolog/CLIPS мають native atom-check, але ABI witness 
contracts/sid-kernel-witness-735.lisp	80	blocked	latin	car: CL witness live коли задано WSM_COMMON_LISP_INTEGRATION
contracts/sid-kernel-witness-735.lisp	97	blocked	latin	cond: Prolog/CLIPS мають native branching, але ABI probe ще 
contracts/sid-kernel-witness-735.lisp	107	blocked	latin	lambda: CL має native lambda; witness gated через integratio
contracts/sid-kernel-witness-735.lisp	114	blocked	latin	def: my-lisp-owned binding form. Island-відповідник не відоб
contracts/sid-kernel-witness-735.lisp	123	blocked	latin	let: CL має native let. Prolog не має прямого відповідника.
contracts/sid-kernel-witness-735.lisp	133	blocked	latin	defmacro: CL має defmacro, але CL ABI witness ще його не вик
docs/research/1394-sens-basis-graph.lisp	22	blocked	cyrillic-uppercase	Ідея допускається лише якщо не суперечить current executable
docs/research/1394-sens-basis-graph.lisp	127	blocked	latin	підтримує schema/evidence classes; після #1403/#1406 додає п
docs/research/1394-sens-basis-graph.lisp	129	blocked	latin	незалежно перевіряє main@33bfb53: runtime () vs 00000000 та 
docs/research/1394-sens-basis-graph.lisp	131	blocked	latin	шукає circularity, semantic ordering, host oracle leaks і пі
examples/ukrainian-greeting.lisp	4	blocked	cyrillic-uppercase	Привіт, 
examples/ukrainian-greeting.lisp	8	encodes	-	друже
examples/ukrainian-greeting.lisp	9	blocked	cyrillic-uppercase	Перший гість — 
examples/ukrainian-greeting.lisp	10	blocked	cyrillic-uppercase	Це атом? 
knowledge/guard-reference.lisp	15	blocked	cyrillic-uppercase	Українська — первинна мова в усіх авторських репозиторіях вл
knowledge/guard-reference.lisp	24	blocked	cyrillic-uppercase	Фраза власника «всі мої репо» означає всі авторські репозито
knowledge/guard-reference.lisp	33	blocked	cyrillic-uppercase	Український публічний API: stable-імена, довідник, предикати
knowledge/guard-reference.lisp	42	blocked	latin	Lisp-owned навігація по інвентарю repo tooling; registry збе
knowledge/guard-reference.lisp	51	blocked	latin	Meaning of WSM programs and conformance obligations | Значен
knowledge/guard-reference.lisp	268	blocked	cyrillic-uppercase	Знайдена корисна відповідь одразу дописується як (reference 
knowledge/guard-reference.lisp	274	blocked	latin	owner direction 2026-09-24, this exact session: 'гваурд мав 
knowledge/guard-reference.lisp	791	blocked	cyrillic-uppercase	Постійний інваріант: будь-яке обмеження дизайну, синтаксису 
knowledge/guard-reference.lisp	797	blocked	latin	owner direction 2026-09-24: обмеження мають перевірятися док
knowledge/guard-reference.lisp	801	blocked	cyrillic-uppercase	Постійний закон власника: увесь наш код пишеться СЕНС-кодами
knowledge/guard-reference.lisp	807	blocked	latin	owner direction 2026-09-25: коробка для наших функцій має ма
knowledge/guard-reference.lisp	811	blocked	latin	Canon 0+7 (quote/atom/eq/cons/car/cdr/cond) НЕ був задуманий
knowledge/guard-reference.lisp	828	blocked	cyrillic-uppercase	Безпечна перевірка синтаксису WSM без виконання · Parse-only
knowledge/guard-reference.lisp	835	blocked	cyrillic-uppercase	Запустити локальний release Oracle · Start the local release
knowledge/guard-reference.lisp	842	blocked	cyrillic-uppercase	Зупинити локальний release Oracle · Stop the local release O
knowledge/guard-reference.lisp	849	blocked	cyrillic-uppercase	Паралельно порівняти UTC двох Oracle · Compare UTC observati
knowledge/guard-reference.lisp	856	blocked	cyrillic-uppercase	Зберегти нову відповідь як pending-review candidate · Preser
knowledge/guard-reference.lisp	863	blocked	cyrillic-uppercase	Довговічне повідомлення агенту з окремим wakeup · Durable ag
knowledge/guard-reference.lisp	870	blocked	cyrillic-uppercase	Прочитати й підтвердити durable inbox · Read and acknowledge
knowledge/guard-reference.lisp	877	blocked	cyrillic-uppercase	Перевірити load, RAM, disk і GPU перед важкою роботою · Chec
knowledge/guard-reference.lisp	884	blocked	cyrillic-uppercase	Оборотно кодувати український Unicode-текст в ASCII лише для
knowledge/guard-reference.lisp	891	blocked	cyrillic-uppercase	Перевірити український відповідник змінених людських докумен
knowledge/guard-reference.lisp	898	blocked	cyrillic-uppercase	Знайти cross-repo розбіжності версій контрактів · Detect cro
knowledge/guard-reference.lisp	905	blocked	cyrillic-uppercase	Знайти лише кандидатів на дублікати task IDs · Find advisory
knowledge/guard-reference.lisp	912	blocked	cyrillic-uppercase	Прогнати незалежного TCP witness мовного контракту · Run the
knowledge/guard-reference.lisp	919	blocked	cyrillic-uppercase	Відчути пульс і щільність роботи репозиторію через історію g
knowledge/guard-reference.lisp	926	blocked	cyrillic-uppercase	Виміряти затримку рецензування та вік кандидатів у черзі Gua
knowledge/guard-reference.lisp	933	blocked	cyrillic-uppercase	Відчути пульс спілкування рою, свіжість присутності агентів 
knowledge/guard-reference.lisp	940	blocked	cyrillic-uppercase	Виміряти реальний життєвий цикл і час визрівання задач рою т
knowledge/guard-reference.lisp	947	blocked	cyrillic-uppercase	Механічний контроль свіжості пам'яті екосистеми та відставан
knowledge/guard-reference.lisp	954	blocked	cyrillic-uppercase	Швидка лексична перевірка валідності записів схеми довідника
knowledge/guard-reference.lisp	961	blocked	cyrillic-uppercase	Лінтер нормативних і семантичних дефектів для дослідницьких 
knowledge/meta-eval-evidence.lisp	8	blocked	latin	немає в аудитованому scope
knowledge/meta-eval-evidence.lisp	8	encodes	-	немає
knowledge/meta-eval-evidence.lisp	9	blocked	latin	немає для lambda binder і top-level def
knowledge/meta-eval-evidence.lisp	9	encodes	-	немає
knowledge/meta-eval-evidence.lisp	10	encodes	-	значення збігаються
knowledge/meta-eval-evidence.lisp	10	encodes	-	немає
knowledge/meta-eval-evidence.lisp	11	blocked	latin	значення збігаються на conformance fixtures
knowledge/meta-eval-evidence.lisp	11	encodes	-	немає
knowledge/meta-eval-evidence.lisp	12	blocked	latin	callable і bare unresolved names мають explicit UnknownSymbo
knowledge/meta-eval-evidence.lisp	12	encodes	-	немає
knowledge/meta-eval-evidence.lisp	13	blocked	latin	native Type явно відповідає data-level not-callable для non-
knowledge/meta-eval-evidence.lisp	13	encodes	-	немає
knowledge/meta-eval-evidence.lisp	14	blocked	latin	closure application parity підтверджена
knowledge/meta-eval-evidence.lisp	14	encodes	-	немає
knowledge/meta-eval-evidence.lisp	15	blocked	latin	successful binding і exact/minimum arity failure corresponde
knowledge/meta-eval-evidence.lisp	15	encodes	-	немає
knowledge/meta-eval-evidence.lisp	16	encodes	-	значення збігаються
knowledge/meta-eval-evidence.lisp	16	encodes	-	немає
knowledge/meta-eval-evidence.lisp	17	blocked	latin	rest binding і minimum-arity semantics збігаються
knowledge/meta-eval-evidence.lisp	17	encodes	-	немає
knowledge/meta-eval-evidence.lisp	18	blocked	latin	captured free variable працює
knowledge/meta-eval-evidence.lisp	18	encodes	-	немає
knowledge/meta-eval-evidence.lisp	19	blocked	latin	звичайний + затінюється, Canon ні
knowledge/meta-eval-evidence.lisp	19	encodes	-	немає
knowledge/meta-eval-evidence.lisp	20	encodes	-	немає
knowledge/meta-eval-evidence.lisp	21	blocked	latin	Canon/list primitive values дають parity
knowledge/meta-eval-evidence.lisp	21	encodes	-	немає
knowledge/meta-eval-evidence.lisp	22	blocked	latin	арифметичні й binary comparison substrate результати збігают
knowledge/meta-eval-evidence.lisp	22	encodes	-	немає
knowledge/meta-eval-evidence.lisp	23	blocked	latin	< = > chains збігаються на selected conformance fixtures
knowledge/meta-eval-evidence.lisp	23	encodes	-	немає
knowledge/meta-eval-evidence.lisp	24	blocked	latin	top-level def threading і recursive def підтверджені
knowledge/meta-eval-evidence.lisp	24	encodes	-	немає
knowledge/meta-eval-evidence.lisp	25	blocked	punctuation-or-other	0011 define/визначити route through the same registry-derive
knowledge/meta-eval-evidence.lisp	25	encodes	-	немає
knowledge/meta-eval-evidence.lisp	26	encodes	-	немає
knowledge/meta-eval-evidence.lisp	27	encodes	-	немає
knowledge/meta-eval-evidence.lisp	28	blocked	latin	factorial/count-down parity підтверджена
knowledge/meta-eval-evidence.lisp	28	encodes	-	немає
knowledge/meta-eval-evidence.lisp	29	blocked	latin	two-member parity підтверджена
knowledge/meta-eval-evidence.lisp	29	encodes	-	немає
knowledge/meta-eval-evidence.lisp	30	blocked	punctuation-or-other	>2-member parity підтверджена
knowledge/meta-eval-evidence.lisp	30	encodes	-	немає
knowledge/meta-eval-evidence.lisp	31	encodes	-	немає
knowledge/meta-eval-evidence.lisp	32	encodes	-	немає
knowledge/meta-eval-evidence.lisp	33	encodes	-	немає
knowledge/meta-eval-evidence.lisp	34	encodes	-	немає
knowledge/meta-eval-evidence.lisp	35	encodes	-	немає
knowledge/meta-eval-evidence.lisp	36	encodes	-	немає
knowledge/meta-eval-evidence.lisp	37	encodes	-	немає
knowledge/meta-eval-evidence.lisp	38	encodes	-	немає
knowledge/meta-eval-evidence.lisp	39	encodes	-	немає
knowledge/meta-eval-evidence.lisp	40	encodes	-	немає
knowledge/meta-eval-evidence.lisp	41	encodes	-	немає
knowledge/repo-tooling-inventory.lisp	71	blocked	latin	scripts/перевірити-український-профіль.lisp
knowledge/sanskrit-cyrillic-audit.lisp	31	encodes	-	а
knowledge/sanskrit-cyrillic-audit.lisp	32	blocked	latin	BG 15.15: игма̄
knowledge/sanskrit-cyrillic-audit.lisp	33	encodes	-	а
knowledge/sanskrit-cyrillic-audit.lisp	42	blocked	combining-mark	а̄
knowledge/sanskrit-cyrillic-audit.lisp	43	blocked	latin	BG 15.15: бга̄ґаватам̇
knowledge/sanskrit-cyrillic-audit.lisp	44	blocked	combining-mark	а̄
knowledge/sanskrit-cyrillic-audit.lisp	54	encodes	-	и
knowledge/sanskrit-cyrillic-audit.lisp	55	blocked	latin	BG 2.9: сан̃джайа
knowledge/sanskrit-cyrillic-audit.lisp	56	encodes	-	и
knowledge/sanskrit-cyrillic-audit.lisp	66	blocked	latin	BG 2.9: хр̣шı̄кеш́ам̇
knowledge/sanskrit-cyrillic-audit.lisp	77	encodes	-	у
knowledge/sanskrit-cyrillic-audit.lisp	78	encodes	-	у
knowledge/sanskrit-cyrillic-audit.lisp	87	blocked	cyrillic-other	ӯ
knowledge/sanskrit-cyrillic-audit.lisp	88	blocked	cyrillic-other	ӯ
knowledge/sanskrit-cyrillic-audit.lisp	97	blocked	combining-mark	р̣
knowledge/sanskrit-cyrillic-audit.lisp	98	blocked	latin	BG 2.9: хр̣шı̄кеш́ам̇
knowledge/sanskrit-cyrillic-audit.lisp	99	blocked	combining-mark	р̣
knowledge/sanskrit-cyrillic-audit.lisp	108	encodes	-	е
knowledge/sanskrit-cyrillic-audit.lisp	109	encodes	-	е
knowledge/sanskrit-cyrillic-audit.lisp	118	encodes	-	о
knowledge/sanskrit-cyrillic-audit.lisp	119	blocked	latin	BG 15.15: бга̄ґаватам̇
knowledge/sanskrit-cyrillic-audit.lisp	120	encodes	-	о
knowledge/sanskrit-cyrillic-audit.lisp	133	encodes	-	к
knowledge/sanskrit-cyrillic-audit.lisp	134	blocked	latin	BG 2.9: ґуд̣а̄кеш́ах̣
knowledge/sanskrit-cyrillic-audit.lisp	135	encodes	-	к
knowledge/sanskrit-cyrillic-audit.lisp	145	encodes	-	ґ
knowledge/sanskrit-cyrillic-audit.lisp	146	blocked	latin	BG 2.9: ґуд̣а̄кеш́ах̣
knowledge/sanskrit-cyrillic-audit.lisp	147	encodes	-	ґ
knowledge/sanskrit-cyrillic-audit.lisp	157	encodes	-	т
knowledge/sanskrit-cyrillic-audit.lisp	158	encodes	-	т
knowledge/sanskrit-cyrillic-audit.lisp	167	encodes	-	д
knowledge/sanskrit-cyrillic-audit.lisp	168	encodes	-	д
knowledge/sanskrit-cyrillic-audit.lisp	177	encodes	-	н
knowledge/sanskrit-cyrillic-audit.lisp	178	encodes	-	н
knowledge/sanskrit-cyrillic-audit.lisp	187	encodes	-	п
knowledge/sanskrit-cyrillic-audit.lisp	188	encodes	-	п
knowledge/sanskrit-cyrillic-audit.lisp	197	encodes	-	б
knowledge/sanskrit-cyrillic-audit.lisp	198	blocked	latin	BG 15.15: бга̄ґаватам̇
knowledge/sanskrit-cyrillic-audit.lisp	199	encodes	-	б
knowledge/sanskrit-cyrillic-audit.lisp	208	encodes	-	м
knowledge/sanskrit-cyrillic-audit.lisp	209	encodes	-	м
knowledge/sanskrit-cyrillic-audit.lisp	218	encodes	-	й
knowledge/sanskrit-cyrillic-audit.lisp	219	encodes	-	й
knowledge/sanskrit-cyrillic-audit.lisp	228	encodes	-	р
knowledge/sanskrit-cyrillic-audit.lisp	229	encodes	-	р
knowledge/sanskrit-cyrillic-audit.lisp	238	encodes	-	л
knowledge/sanskrit-cyrillic-audit.lisp	239	encodes	-	л
knowledge/sanskrit-cyrillic-audit.lisp	248	encodes	-	в
knowledge/sanskrit-cyrillic-audit.lisp	249	encodes	-	в
knowledge/sanskrit-cyrillic-audit.lisp	258	encodes	-	с
knowledge/sanskrit-cyrillic-audit.lisp	259	encodes	-	с
knowledge/sanskrit-cyrillic-audit.lisp	268	encodes	-	г
knowledge/sanskrit-cyrillic-audit.lisp	269	blocked	latin	BG 15.15: ґуд̣а̄кеш́ах̣
knowledge/sanskrit-cyrillic-audit.lisp	270	encodes	-	г
knowledge/sanskrit-cyrillic-audit.lisp	281	blocked	combining-mark	т̣
knowledge/sanskrit-cyrillic-audit.lisp	282	blocked	latin	BG 15.15: саннівішт̣о
knowledge/sanskrit-cyrillic-audit.lisp	283	blocked	combining-mark	т̣
knowledge/sanskrit-cyrillic-audit.lisp	292	blocked	combining-mark	д̣
knowledge/sanskrit-cyrillic-audit.lisp	293	blocked	latin	BG 6.2: па̄н̣д̣ава
knowledge/sanskrit-cyrillic-audit.lisp	294	blocked	combining-mark	д̣
knowledge/sanskrit-cyrillic-audit.lisp	303	blocked	combining-mark	н̣
knowledge/sanskrit-cyrillic-audit.lisp	304	blocked	latin	BG 6.2: па̄н̣д̣ава
knowledge/sanskrit-cyrillic-audit.lisp	305	blocked	combining-mark	н̣
knowledge/sanskrit-cyrillic-audit.lisp	314	blocked	combining-mark	н̃
knowledge/sanskrit-cyrillic-audit.lisp	315	blocked	latin	BG 2.9: сан̃джайа; BG 15.15: джн̃а̄нам
knowledge/sanskrit-cyrillic-audit.lisp	316	blocked	combining-mark	н̃
knowledge/sanskrit-cyrillic-audit.lisp	325	blocked	combining-mark	ш́
knowledge/sanskrit-cyrillic-audit.lisp	326	blocked	latin	BG 2.9: ш́рі; BG 15.15: уттама-ш́лока
knowledge/sanskrit-cyrillic-audit.lisp	327	blocked	combining-mark	ш́
knowledge/sanskrit-cyrillic-audit.lisp	336	blocked	combining-mark	ш̣
knowledge/sanskrit-cyrillic-audit.lisp	337	blocked	combining-mark	ш̣
knowledge/sanskrit-cyrillic-audit.lisp	346	blocked	combining-mark	м̇
knowledge/sanskrit-cyrillic-audit.lisp	347	blocked	latin	BG 2.9: хр̣шı̄кеш́ам̇; BG 15.15: саннівішт̣о
knowledge/sanskrit-cyrillic-audit.lisp	348	blocked	combining-mark	м̇
knowledge/sanskrit-cyrillic-audit.lisp	357	blocked	combining-mark	х̣
knowledge/sanskrit-cyrillic-audit.lisp	358	blocked	latin	BG 2.9: ґуд̣а̄кеш́ах̣
knowledge/sanskrit-cyrillic-audit.lisp	359	blocked	combining-mark	х̣
knowledge/sanskrit-cyrillic-audit.lisp	371	encodes	-	кг
knowledge/sanskrit-cyrillic-audit.lisp	372	blocked	latin	BG 15.15: ш́а̄кгам
knowledge/sanskrit-cyrillic-audit.lisp	373	encodes	-	кг
knowledge/sanskrit-cyrillic-audit.lisp	382	encodes	-	ґг
knowledge/sanskrit-cyrillic-audit.lisp	383	blocked	latin	BG 15.15: бга̄ґаватам̇
knowledge/sanskrit-cyrillic-audit.lisp	384	encodes	-	ґг
knowledge/sanskrit-cyrillic-audit.lisp	393	encodes	-	дг
knowledge/sanskrit-cyrillic-audit.lisp	394	blocked	latin	BG 15.15: дганйам
knowledge/sanskrit-cyrillic-audit.lisp	395	encodes	-	дг
knowledge/sanskrit-cyrillic-audit.lisp	404	encodes	-	бг
knowledge/sanskrit-cyrillic-audit.lisp	405	blocked	latin	BG 15.15: бга̄ґаватам̇
knowledge/sanskrit-cyrillic-audit.lisp	406	encodes	-	бг
knowledge/sanskrit-cyrillic-audit.lisp	418	blocked	combining-mark	джн̃
knowledge/sanskrit-cyrillic-audit.lisp	419	blocked	latin	BG 15.15: джн̃а̄нам
knowledge/sanskrit-cyrillic-audit.lisp	420	blocked	combining-mark	джн̃
knowledge/sanskrit-cyrillic-audit.lisp	429	blocked	combining-mark	шт̣
knowledge/sanskrit-cyrillic-audit.lisp	430	blocked	latin	BG 15.15: саннівішт̣о
knowledge/sanskrit-cyrillic-audit.lisp	431	blocked	combining-mark	шт̣
knowledge/sanskrit-cyrillic-audit.lisp	514	blocked	combining-mark	т̣ д̣ н̣ ш̣ р̣
knowledge/sanskrit-cyrillic-audit.lisp	515	blocked	combining-mark	а̄ ӣ ӯ
knowledge/sanskrit-cyrillic-audit.lisp	516	blocked	combining-mark	м̇
knowledge/sanskrit-cyrillic-audit.lisp	517	blocked	combining-mark	х̣
knowledge/sanskrit-cyrillic-audit.lisp	518	blocked	combining-mark	ш́
knowledge/sanskrit-cyrillic-audit.lisp	519	encodes	-	бг дг ґг кг дг ґг
knowledge/sanskrit-cyrillic-audit.lisp	520	blocked	combining-mark	р̣
knowledge/sanskrit-cyrillic-audit.lisp	521	blocked	combining-mark	н̃
knowledge/sanskrit-cyrillic-audit.lisp	522	blocked	combining-mark	ш́
knowledge/sanskrit-cyrillic-keyboard.lisp	26	encodes	-	т
knowledge/sanskrit-cyrillic-keyboard.lisp	26	blocked	combining-mark	т̣
knowledge/sanskrit-cyrillic-keyboard.lisp	27	encodes	-	д
knowledge/sanskrit-cyrillic-keyboard.lisp	27	blocked	combining-mark	д̣
knowledge/sanskrit-cyrillic-keyboard.lisp	28	encodes	-	н
knowledge/sanskrit-cyrillic-keyboard.lisp	28	blocked	combining-mark	н̣
knowledge/sanskrit-cyrillic-keyboard.lisp	29	encodes	-	ш
knowledge/sanskrit-cyrillic-keyboard.lisp	29	blocked	combining-mark	ш̣
knowledge/sanskrit-cyrillic-keyboard.lisp	30	encodes	-	р
knowledge/sanskrit-cyrillic-keyboard.lisp	30	blocked	combining-mark	р̣
knowledge/sanskrit-cyrillic-keyboard.lisp	31	encodes	-	с
knowledge/sanskrit-cyrillic-keyboard.lisp	31	blocked	combining-mark	с̣
knowledge/sanskrit-cyrillic-keyboard.lisp	39	encodes	-	ш
knowledge/sanskrit-cyrillic-keyboard.lisp	39	blocked	combining-mark	ш́
knowledge/sanskrit-cyrillic-keyboard.lisp	40	encodes	-	н
knowledge/sanskrit-cyrillic-keyboard.lisp	40	blocked	combining-mark	н̃
knowledge/sanskrit-cyrillic-keyboard.lisp	41	encodes	-	с
knowledge/sanskrit-cyrillic-keyboard.lisp	41	blocked	combining-mark	с́
knowledge/sanskrit-cyrillic-keyboard.lisp	42	encodes	-	з
knowledge/sanskrit-cyrillic-keyboard.lisp	42	blocked	combining-mark	з́
knowledge/sanskrit-cyrillic-keyboard.lisp	50	encodes	-	н
knowledge/sanskrit-cyrillic-keyboard.lisp	50	blocked	combining-mark	н̇
knowledge/sanskrit-cyrillic-keyboard.lisp	51	encodes	-	м
knowledge/sanskrit-cyrillic-keyboard.lisp	51	blocked	combining-mark	м̇
knowledge/sanskrit-cyrillic-keyboard.lisp	59	encodes	-	а
knowledge/sanskrit-cyrillic-keyboard.lisp	59	blocked	combining-mark	а̄
knowledge/sanskrit-cyrillic-keyboard.lisp	60	encodes	-	и
knowledge/sanskrit-cyrillic-keyboard.lisp	60	blocked	combining-mark	ӣ
knowledge/sanskrit-cyrillic-keyboard.lisp	61	encodes	-	у
knowledge/sanskrit-cyrillic-keyboard.lisp	61	blocked	combining-mark	ӯ
knowledge/sanskrit-cyrillic-keyboard.lisp	62	encodes	-	е
knowledge/sanskrit-cyrillic-keyboard.lisp	62	blocked	combining-mark	е̄
knowledge/sanskrit-cyrillic-keyboard.lisp	63	encodes	-	о
knowledge/sanskrit-cyrillic-keyboard.lisp	63	blocked	combining-mark	о̄
knowledge/sanskrit-cyrillic-keyboard.lisp	68	blocked	latin	Palatal nasal: tilde on н
knowledge/sanskrit-cyrillic-keyboard.lisp	71	encodes	-	н
knowledge/sanskrit-cyrillic-keyboard.lisp	71	blocked	combining-mark	н̃
knowledge/sanskrit-cyrillic-keyboard.lisp	76	blocked	latin	Visarga: dot below on х
knowledge/sanskrit-cyrillic-keyboard.lisp	79	encodes	-	х
knowledge/sanskrit-cyrillic-keyboard.lisp	79	blocked	combining-mark	х̣
knowledge/sanskrit-cyrillic-keyboard.lisp	84	blocked	latin	Vocalic r/l: dot below on р/л
knowledge/sanskrit-cyrillic-keyboard.lisp	87	encodes	-	р
knowledge/sanskrit-cyrillic-keyboard.lisp	87	blocked	combining-mark	р̣
knowledge/sanskrit-cyrillic-keyboard.lisp	88	encodes	-	л
knowledge/sanskrit-cyrillic-keyboard.lisp	88	blocked	combining-mark	л̣
knowledge/sanskrit-cyrillic-keyboard.lisp	100	encodes	-	к
knowledge/sanskrit-cyrillic-keyboard.lisp	100	encodes	-	кг
knowledge/sanskrit-cyrillic-keyboard.lisp	101	encodes	-	г
knowledge/sanskrit-cyrillic-keyboard.lisp	101	encodes	-	ґг
knowledge/sanskrit-cyrillic-keyboard.lisp	102	encodes	-	д
knowledge/sanskrit-cyrillic-keyboard.lisp	102	encodes	-	дг
knowledge/sanskrit-cyrillic-keyboard.lisp	103	encodes	-	б
knowledge/sanskrit-cyrillic-keyboard.lisp	103	encodes	-	бг
knowledge/sanskrit-cyrillic-keyboard.lisp	104	encodes	-	п
knowledge/sanskrit-cyrillic-keyboard.lisp	104	encodes	-	пг
knowledge/sanskrit-cyrillic-keyboard.lisp	105	encodes	-	ґ
knowledge/sanskrit-cyrillic-keyboard.lisp	105	encodes	-	ґг
knowledge/sanskrit-cyrillic-keyboard.lisp	112	encodes	-	т
knowledge/sanskrit-cyrillic-keyboard.lisp	112	blocked	combining-mark	т̣т̣
knowledge/sanskrit-cyrillic-keyboard.lisp	113	encodes	-	дг
knowledge/sanskrit-cyrillic-keyboard.lisp	114	encodes	-	кг
knowledge/sanskrit-cyrillic-keyboard.lisp	115	encodes	-	ґг
knowledge/sanskrit-cyrillic-keyboard.lisp	116	encodes	-	дг
knowledge/sanskrit-cyrillic-keyboard.lisp	117	encodes	-	бг
knowledge/sanskrit-cyrillic-keyboard.lisp	118	blocked	combining-mark	джн̃
knowledge/sanskrit-cyrillic-keyboard.lisp	119	blocked	combining-mark	шт̣
knowledge/sanskrit-cyrillic-keyboard.lisp	126	encodes	-	а
knowledge/sanskrit-cyrillic-keyboard.lisp	126	encodes	-	а
knowledge/sanskrit-cyrillic-keyboard.lisp	127	blocked	latin	LONG+а
knowledge/sanskrit-cyrillic-keyboard.lisp	127	blocked	combining-mark	а̄
knowledge/sanskrit-cyrillic-keyboard.lisp	128	encodes	-	и
knowledge/sanskrit-cyrillic-keyboard.lisp	128	encodes	-	и
knowledge/sanskrit-cyrillic-keyboard.lisp	129	blocked	latin	LONG+и
knowledge/sanskrit-cyrillic-keyboard.lisp	130	encodes	-	у
knowledge/sanskrit-cyrillic-keyboard.lisp	130	encodes	-	у
knowledge/sanskrit-cyrillic-keyboard.lisp	131	blocked	latin	LONG+у
knowledge/sanskrit-cyrillic-keyboard.lisp	131	blocked	cyrillic-other	ӯ
knowledge/sanskrit-cyrillic-keyboard.lisp	132	encodes	-	е
knowledge/sanskrit-cyrillic-keyboard.lisp	132	encodes	-	е
knowledge/sanskrit-cyrillic-keyboard.lisp	133	encodes	-	о
knowledge/sanskrit-cyrillic-keyboard.lisp	133	encodes	-	о
knowledge/sanskrit-cyrillic-keyboard.lisp	136	blocked	latin	VOCALIC+р
knowledge/sanskrit-cyrillic-keyboard.lisp	136	blocked	combining-mark	р̣
knowledge/sanskrit-cyrillic-keyboard.lisp	137	blocked	latin	LONG+VOCALIC+р
knowledge/sanskrit-cyrillic-keyboard.lisp	137	blocked	combining-mark	р̣̄
knowledge/sanskrit-cyrillic-keyboard.lisp	138	blocked	latin	VOCALIC+л
knowledge/sanskrit-cyrillic-keyboard.lisp	138	blocked	combining-mark	л̣
knowledge/sanskrit-cyrillic-keyboard.lisp	139	blocked	latin	LONG+VOCALIC+л
knowledge/sanskrit-cyrillic-keyboard.lisp	139	blocked	combining-mark	л̣̄
knowledge/sanskrit-cyrillic-keyboard.lisp	142	encodes	-	к
knowledge/sanskrit-cyrillic-keyboard.lisp	142	encodes	-	к
knowledge/sanskrit-cyrillic-keyboard.lisp	143	blocked	latin	ASP+к
knowledge/sanskrit-cyrillic-keyboard.lisp	143	encodes	-	кг
knowledge/sanskrit-cyrillic-keyboard.lisp	144	encodes	-	ґ
knowledge/sanskrit-cyrillic-keyboard.lisp	144	encodes	-	ґ
knowledge/sanskrit-cyrillic-keyboard.lisp	145	blocked	latin	ASP+ґ
knowledge/sanskrit-cyrillic-keyboard.lisp	145	encodes	-	ґг
knowledge/sanskrit-cyrillic-keyboard.lisp	146	blocked	latin	VEL+н
knowledge/sanskrit-cyrillic-keyboard.lisp	146	blocked	combining-mark	н̇
knowledge/sanskrit-cyrillic-keyboard.lisp	149	encodes	-	ч
knowledge/sanskrit-cyrillic-keyboard.lisp	149	encodes	-	ч
knowledge/sanskrit-cyrillic-keyboard.lisp	150	blocked	latin	ASP+ч
knowledge/sanskrit-cyrillic-keyboard.lisp	150	encodes	-	чг
knowledge/sanskrit-cyrillic-keyboard.lisp	151	encodes	-	дж
knowledge/sanskrit-cyrillic-keyboard.lisp	151	encodes	-	дж
knowledge/sanskrit-cyrillic-keyboard.lisp	152	blocked	latin	ASP+дж
knowledge/sanskrit-cyrillic-keyboard.lisp	152	encodes	-	джг
knowledge/sanskrit-cyrillic-keyboard.lisp	153	blocked	latin	PAL-NASAL+н
knowledge/sanskrit-cyrillic-keyboard.lisp	153	blocked	combining-mark	н̃
knowledge/sanskrit-cyrillic-keyboard.lisp	156	blocked	latin	RETRO+т
knowledge/sanskrit-cyrillic-keyboard.lisp	156	blocked	combining-mark	т̣
knowledge/sanskrit-cyrillic-keyboard.lisp	157	blocked	latin	RETRO+д
knowledge/sanskrit-cyrillic-keyboard.lisp	157	blocked	combining-mark	д̣
knowledge/sanskrit-cyrillic-keyboard.lisp	158	blocked	latin	RETRO+н
knowledge/sanskrit-cyrillic-keyboard.lisp	158	blocked	combining-mark	н̣
knowledge/sanskrit-cyrillic-keyboard.lisp	159	blocked	latin	RETRO+ш
knowledge/sanskrit-cyrillic-keyboard.lisp	159	blocked	combining-mark	ш̣
knowledge/sanskrit-cyrillic-keyboard.lisp	160	blocked	latin	RETRO+р
knowledge/sanskrit-cyrillic-keyboard.lisp	160	blocked	combining-mark	р̣
knowledge/sanskrit-cyrillic-keyboard.lisp	163	encodes	-	т
knowledge/sanskrit-cyrillic-keyboard.lisp	163	encodes	-	т
knowledge/sanskrit-cyrillic-keyboard.lisp	164	blocked	latin	ASP+т
knowledge/sanskrit-cyrillic-keyboard.lisp	164	encodes	-	тг
knowledge/sanskrit-cyrillic-keyboard.lisp	165	encodes	-	д
knowledge/sanskrit-cyrillic-keyboard.lisp	165	encodes	-	д
knowledge/sanskrit-cyrillic-keyboard.lisp	166	blocked	latin	ASP+д
knowledge/sanskrit-cyrillic-keyboard.lisp	166	encodes	-	дг
knowledge/sanskrit-cyrillic-keyboard.lisp	167	encodes	-	н
knowledge/sanskrit-cyrillic-keyboard.lisp	167	encodes	-	н
knowledge/sanskrit-cyrillic-keyboard.lisp	170	encodes	-	п
knowledge/sanskrit-cyrillic-keyboard.lisp	170	encodes	-	п
knowledge/sanskrit-cyrillic-keyboard.lisp	171	blocked	latin	ASP+п
knowledge/sanskrit-cyrillic-keyboard.lisp	171	encodes	-	пг
knowledge/sanskrit-cyrillic-keyboard.lisp	172	encodes	-	б
knowledge/sanskrit-cyrillic-keyboard.lisp	172	encodes	-	б
knowledge/sanskrit-cyrillic-keyboard.lisp	173	blocked	latin	ASP+б
knowledge/sanskrit-cyrillic-keyboard.lisp	173	encodes	-	бг
knowledge/sanskrit-cyrillic-keyboard.lisp	174	encodes	-	м
knowledge/sanskrit-cyrillic-keyboard.lisp	174	encodes	-	м
knowledge/sanskrit-cyrillic-keyboard.lisp	177	encodes	-	й
knowledge/sanskrit-cyrillic-keyboard.lisp	177	encodes	-	й
knowledge/sanskrit-cyrillic-keyboard.lisp	178	encodes	-	р
knowledge/sanskrit-cyrillic-keyboard.lisp	178	encodes	-	р
knowledge/sanskrit-cyrillic-keyboard.lisp	179	encodes	-	л
knowledge/sanskrit-cyrillic-keyboard.lisp	179	encodes	-	л
knowledge/sanskrit-cyrillic-keyboard.lisp	180	encodes	-	в
knowledge/sanskrit-cyrillic-keyboard.lisp	180	encodes	-	в
knowledge/sanskrit-cyrillic-keyboard.lisp	181	encodes	-	ш
knowledge/sanskrit-cyrillic-keyboard.lisp	181	blocked	combining-mark	ш̣
knowledge/sanskrit-cyrillic-keyboard.lisp	182	blocked	latin	PAL+ш
knowledge/sanskrit-cyrillic-keyboard.lisp	182	blocked	combining-mark	ш́
knowledge/sanskrit-cyrillic-keyboard.lisp	183	encodes	-	с
knowledge/sanskrit-cyrillic-keyboard.lisp	183	encodes	-	с
knowledge/sanskrit-cyrillic-keyboard.lisp	184	blocked	latin	PAL+с
knowledge/sanskrit-cyrillic-keyboard.lisp	184	blocked	combining-mark	с́
knowledge/sanskrit-cyrillic-keyboard.lisp	185	encodes	-	г
knowledge/sanskrit-cyrillic-keyboard.lisp	185	encodes	-	г
knowledge/sanskrit-cyrillic-keyboard.lisp	188	blocked	latin	VEL+м
knowledge/sanskrit-cyrillic-keyboard.lisp	188	blocked	combining-mark	м̇
knowledge/sanskrit-cyrillic-keyboard.lisp	189	blocked	latin	VISARGA+х
knowledge/sanskrit-cyrillic-keyboard.lisp	189	blocked	combining-mark	х̣
knowledge/sanskrit-cyrillic-keyboard.lisp	190	blocked	latin	PAL+ш
knowledge/sanskrit-cyrillic-keyboard.lisp	190	blocked	combining-mark	ш́
knowledge/sanskrit-cyrillic-keyboard.lisp	191	blocked	latin	PAL-NASAL+н
knowledge/sanskrit-cyrillic-keyboard.lisp	191	blocked	combining-mark	н̃
knowledge/sanskrit-cyrillic-keyboard.lisp	194	blocked	combining-mark	джн̃
knowledge/sanskrit-cyrillic-keyboard.lisp	194	blocked	combining-mark	джн̃
knowledge/sanskrit-cyrillic-keyboard.lisp	195	blocked	combining-mark	шт̣
knowledge/sanskrit-cyrillic-keyboard.lisp	195	blocked	combining-mark	шт̣
knowledge/sanskrit-cyrillic-keyboard.lisp	198	blocked	latin	VISARGA+х
knowledge/sanskrit-cyrillic-keyboard.lisp	198	blocked	combining-mark	х̣
knowledge/sanskrit-cyrillic-keyboard.lisp	199	blocked	latin	VEL+м
knowledge/sanskrit-cyrillic-keyboard.lisp	199	blocked	combining-mark	м̇
knowledge/sanskrit-cyrillic-keyboard.lisp	200	blocked	combining-mark	м̐
knowledge/sanskrit-cyrillic-keyboard.lisp	201	blocked	latin	VOCALIC+р
knowledge/sanskrit-cyrillic-keyboard.lisp	201	blocked	combining-mark	р̣
knowledge/sanskrit-cyrillic-keyboard.lisp	202	blocked	latin	VOCALIC+л
knowledge/sanskrit-cyrillic-keyboard.lisp	202	blocked	combining-mark	л̣
knowledge/sanskrit-cyrillic-phoneme-map.lisp	15	encodes	-	а
knowledge/sanskrit-cyrillic-phoneme-map.lisp	16	encodes	-	а
knowledge/sanskrit-cyrillic-phoneme-map.lisp	22	blocked	combining-mark	а̄
knowledge/sanskrit-cyrillic-phoneme-map.lisp	23	encodes	-	а
knowledge/sanskrit-cyrillic-phoneme-map.lisp	29	encodes	-	и
knowledge/sanskrit-cyrillic-phoneme-map.lisp	30	encodes	-	и
knowledge/sanskrit-cyrillic-phoneme-map.lisp	36	blocked	combining-mark	ӣ
knowledge/sanskrit-cyrillic-phoneme-map.lisp	37	encodes	-	и
knowledge/sanskrit-cyrillic-phoneme-map.lisp	43	encodes	-	у
knowledge/sanskrit-cyrillic-phoneme-map.lisp	44	encodes	-	у
knowledge/sanskrit-cyrillic-phoneme-map.lisp	50	blocked	combining-mark	ӯ
knowledge/sanskrit-cyrillic-phoneme-map.lisp	51	encodes	-	у
knowledge/sanskrit-cyrillic-phoneme-map.lisp	58	encodes	-	р
knowledge/sanskrit-cyrillic-phoneme-map.lisp	65	encodes	-	р
knowledge/sanskrit-cyrillic-phoneme-map.lisp	72	encodes	-	л
knowledge/sanskrit-cyrillic-phoneme-map.lisp	79	encodes	-	л
knowledge/sanskrit-cyrillic-phoneme-map.lisp	89	encodes	-	к
knowledge/sanskrit-cyrillic-phoneme-map.lisp	90	encodes	-	к
knowledge/sanskrit-cyrillic-phoneme-map.lisp	97	encodes	-	к
knowledge/sanskrit-cyrillic-phoneme-map.lisp	103	encodes	-	ґ
knowledge/sanskrit-cyrillic-phoneme-map.lisp	104	encodes	-	ґ
knowledge/sanskrit-cyrillic-phoneme-map.lisp	111	encodes	-	ґ
knowledge/sanskrit-cyrillic-phoneme-map.lisp	117	blocked	cyrillic-other	ӈ
knowledge/sanskrit-cyrillic-phoneme-map.lisp	118	encodes	-	н
knowledge/sanskrit-cyrillic-phoneme-map.lisp	125	encodes	-	ч
knowledge/sanskrit-cyrillic-phoneme-map.lisp	126	encodes	-	ч
knowledge/sanskrit-cyrillic-phoneme-map.lisp	133	encodes	-	ч
knowledge/sanskrit-cyrillic-phoneme-map.lisp	139	encodes	-	дж
knowledge/sanskrit-cyrillic-phoneme-map.lisp	140	encodes	-	дж
knowledge/sanskrit-cyrillic-phoneme-map.lisp	147	encodes	-	дж
knowledge/sanskrit-cyrillic-phoneme-map.lisp	153	blocked	cyrillic-other	њ
knowledge/sanskrit-cyrillic-phoneme-map.lisp	154	encodes	-	н
knowledge/sanskrit-cyrillic-phoneme-map.lisp	162	encodes	-	т
knowledge/sanskrit-cyrillic-phoneme-map.lisp	169	encodes	-	т
knowledge/sanskrit-cyrillic-phoneme-map.lisp	176	encodes	-	д
knowledge/sanskrit-cyrillic-phoneme-map.lisp	183	encodes	-	д
knowledge/sanskrit-cyrillic-phoneme-map.lisp	190	encodes	-	н
knowledge/sanskrit-cyrillic-phoneme-map.lisp	197	encodes	-	т
knowledge/sanskrit-cyrillic-phoneme-map.lisp	198	encodes	-	т
knowledge/sanskrit-cyrillic-phoneme-map.lisp	205	encodes	-	т
knowledge/sanskrit-cyrillic-phoneme-map.lisp	211	encodes	-	д
knowledge/sanskrit-cyrillic-phoneme-map.lisp	212	encodes	-	д
knowledge/sanskrit-cyrillic-phoneme-map.lisp	219	encodes	-	д
knowledge/sanskrit-cyrillic-phoneme-map.lisp	225	encodes	-	н
knowledge/sanskrit-cyrillic-phoneme-map.lisp	226	encodes	-	н
knowledge/sanskrit-cyrillic-phoneme-map.lisp	233	encodes	-	п
knowledge/sanskrit-cyrillic-phoneme-map.lisp	234	encodes	-	п
knowledge/sanskrit-cyrillic-phoneme-map.lisp	241	encodes	-	п
knowledge/sanskrit-cyrillic-phoneme-map.lisp	247	encodes	-	б
knowledge/sanskrit-cyrillic-phoneme-map.lisp	248	encodes	-	б
knowledge/sanskrit-cyrillic-phoneme-map.lisp	255	encodes	-	б
knowledge/sanskrit-cyrillic-phoneme-map.lisp	261	encodes	-	м
knowledge/sanskrit-cyrillic-phoneme-map.lisp	262	encodes	-	м
knowledge/sanskrit-cyrillic-phoneme-map.lisp	271	encodes	-	й
knowledge/sanskrit-cyrillic-phoneme-map.lisp	272	encodes	-	й
knowledge/sanskrit-cyrillic-phoneme-map.lisp	278	encodes	-	р
knowledge/sanskrit-cyrillic-phoneme-map.lisp	279	encodes	-	р
knowledge/sanskrit-cyrillic-phoneme-map.lisp	285	encodes	-	л
knowledge/sanskrit-cyrillic-phoneme-map.lisp	286	encodes	-	л
knowledge/sanskrit-cyrillic-phoneme-map.lisp	292	encodes	-	в
knowledge/sanskrit-cyrillic-phoneme-map.lisp	293	encodes	-	в
knowledge/sanskrit-cyrillic-phoneme-map.lisp	300	encodes	-	ш
knowledge/sanskrit-cyrillic-phoneme-map.lisp	307	encodes	-	ш
knowledge/sanskrit-cyrillic-phoneme-map.lisp	313	encodes	-	с
knowledge/sanskrit-cyrillic-phoneme-map.lisp	314	encodes	-	с
knowledge/sanskrit-cyrillic-phoneme-map.lisp	320	encodes	-	г
knowledge/sanskrit-cyrillic-phoneme-map.lisp	321	encodes	-	г
knowledge/semantic-ownership.lisp	10	blocked	latin	Canon 0: порожній список як ground object
knowledge/semantic-ownership.lisp	11	blocked	latin	QUOTE: evaluator meaning і зарезервована surface resolution
knowledge/semantic-ownership.lisp	12	blocked	latin	ATOM: first-class канонічна операція
knowledge/semantic-ownership.lisp	13	blocked	latin	EQ: канонічна операція тотожності
knowledge/semantic-ownership.lisp	14	blocked	latin	CONS: канонічна операція побудови
knowledge/semantic-ownership.lisp	15	blocked	latin	CAR: канонічна операція проєкції першого елемента
knowledge/semantic-ownership.lisp	16	blocked	latin	CDR: канонічна операція структурного залишку
knowledge/semantic-ownership.lisp	17	blocked	latin	COND: канонічна short-circuit syntax
knowledge/semantic-ownership.lisp	19	blocked	latin	LAMBDA: evaluator-controlled побудова closure
knowledge/semantic-ownership.lisp	21	blocked	cyrillic-uppercase	Поведінка визначення макросів виведена у lib/macro.lisp пове
knowledge/semantic-ownership.lisp	23	blocked	cyrillic-uppercase	Варіадичний list-конструктор виведений із lambda/rest семант
knowledge/semantic-ownership.lisp	24	blocked	cyrillic-uppercase	Політика свіжого символу складена в Lisp зі string-операцій 
knowledge/semantic-ownership.lisp	25	blocked	latin	Lisp-owned metacircular evaluator witness; усі 34 required p
knowledge/semantic-ownership.lisp	27	blocked	cyrillic-uppercase	Уніфікація логічних змінних з occurs-check
knowledge/semantic-ownership.lisp	28	blocked	latin	Backward-chaining пошук доказу й побудова provenance
knowledge/semantic-ownership.lisp	29	blocked	cyrillic-uppercase	Скінченний immutable predicate index із точним linear fallba
knowledge/semantic-ownership.lisp	31	blocked	latin	Append-only журнал знань і guarded knowledge admission
knowledge/semantic-ownership.lisp	32	blocked	latin	Immutable world snapshots і явні переходи стану світу
knowledge/semantic-ownership.lisp	33	blocked	cyrillic-uppercase	Валідація зовнішніх translation candidates і admission revie
knowledge/semantic-ownership.lisp	34	blocked	cyrillic-uppercase	Людське пояснення поверх структурованих reasoning outcomes
knowledge/semantic-ownership.lisp	36	blocked	latin	UTC/calendar/deadline meaning виводиться в Lisp із raw clock
knowledge/semantic-ownership.lisp	37	blocked	cyrillic-uppercase	Валідація та інтерпретація UTF-8 bytes → text
knowledge/semantic-ownership.lisp	38	blocked	cyrillic-uppercase	Публічна інтерпретація process-run result поверх process-run
knowledge/semantic-ownership.lisp	39	blocked	cyrillic-uppercase	Публічне декодування TCP text поверх raw socket bytes
knowledge/semantic-ownership.lisp	41	blocked	latin	Monotonic nanosecond observation без calendar policy
knowledge/semantic-ownership.lisp	42	blocked	latin	OS process execution і захоплення raw bytes
knowledge/semantic-ownership.lisp	43	blocked	latin	Per-session filesystem read/write scope і host canonicalizat
knowledge/semantic-ownership.lisp	44	blocked	latin	Per-session process allowlist, який Lisp-код не може видати 
knowledge/semantic-ownership.lisp	45	blocked	latin	Per-session connect/listen allowlists, перевірені до OS-опер
knowledge/semantic-ownership.lisp	48	blocked	latin	Rust projection/index mechanism читає numeric surface author
knowledge/semantic-ownership.lisp	49	blocked	latin	Tooling metadata ключується semantic identity, а spelling от
knowledge/semantic-ownership.lisp	52	blocked	latin	Rust special form list видалено; list визначено в lib/core4.
knowledge/semantic-ownership.lisp	53	blocked	latin	Rust defmacro evaluator fallback видалено; поведінкою володі
knowledge/semantic-ownership.lisp	54	blocked	latin	LAMBDA/DEFINE stable surface routing перенесено з Rust spell
knowledge/semantic-ownership.lisp	55	blocked	latin	Canon stable surface routing перенесено у shared numeric sem
knowledge/semantic-ownership.lisp	56	blocked	latin	Arithmetic/comparison peer names перенесено з Rust arrays у 
knowledge/semantic-ownership.lisp	57	blocked	punctuation-or-other	00001010 stable і compatibility peer names перенесено з load
knowledge/semantic-ownership.lisp	58	blocked	latin	Tooling syntax discovery перенесено з human spelling keys на
knowledge/semantic-ownership.lisp	59	blocked	latin	OS-touching filesystem/process/TCP операції перенесено з my-
knowledge/sens-primary.lisp	39	blocked	cyrillic-uppercase	Як прикрутити SENS до звичного Lisp?
lib/generated/uk-surface-audit.lisp	10	encodes	-	як-є
lib/generated/uk-surface-audit.lisp	11	encodes	-	атом?
lib/generated/uk-surface-audit.lisp	12	encodes	-	тотожне?
lib/generated/uk-surface-audit.lisp	13	encodes	-	сполучити
lib/generated/uk-surface-audit.lisp	14	encodes	-	перше
lib/generated/uk-surface-audit.lisp	15	encodes	-	решта
lib/generated/uk-surface-audit.lisp	16	encodes	-	за-умовою
lib/generated/uk-surface-audit.lisp	17	encodes	-	функція
lib/generated/uk-surface-audit.lisp	18	encodes	-	визначити
lib/generated/uk-surface-audit.lisp	19	encodes	-	визначити-макрос
lib/generated/uk-surface-audit.lisp	20	encodes	-	визначити
lib/generated/uk-surface-audit.lisp	21	encodes	-	додати
lib/generated/uk-surface-audit.lisp	22	encodes	-	відняти
lib/generated/uk-surface-audit.lisp	23	encodes	-	помножити
lib/generated/uk-surface-audit.lisp	24	encodes	-	поділити
lib/generated/uk-surface-audit.lisp	25	encodes	-	модуль
lib/generated/uk-surface-audit.lisp	26	encodes	-	найменше
lib/generated/uk-surface-audit.lisp	27	encodes	-	найбільше
lib/generated/uk-surface-audit.lisp	28	encodes	-	остача
lib/generated/uk-surface-audit.lisp	29	encodes	-	частка
lib/generated/uk-surface-audit.lisp	30	encodes	-	корінь
lib/generated/uk-surface-audit.lisp	31	encodes	-	цілий-корінь
lib/generated/uk-surface-audit.lisp	32	encodes	-	найменше-у-списку
lib/generated/uk-surface-audit.lisp	33	encodes	-	найбільше-у-списку
lib/generated/uk-surface-audit.lisp	34	encodes	-	найбільший-фрагмент
lib/generated/uk-surface-audit.lisp	35	encodes	-	менше?
lib/generated/uk-surface-audit.lisp	36	encodes	-	більше?
lib/generated/uk-surface-audit.lisp	37	encodes	-	рівне?
lib/generated/uk-surface-audit.lisp	38	encodes	-	не-більше?
lib/generated/uk-surface-audit.lisp	39	encodes	-	не-менше?
lib/generated/uk-surface-audit.lisp	40	encodes	-	неспадне-починаючи-з?
lib/generated/uk-surface-audit.lisp	41	encodes	-	незростаюче-починаючи-з?
lib/generated/uk-surface-audit.lisp	42	encodes	-	хибне?
lib/generated/uk-surface-audit.lisp	43	encodes	-	однакові?
lib/generated/uk-surface-audit.lisp	44	encodes	-	символ?
lib/generated/uk-surface-audit.lisp	45	encodes	-	текст?
lib/generated/uk-surface-audit.lisp	46	encodes	-	текст-передує?
lib/generated/uk-surface-audit.lisp	47	encodes	-	числовий-буфер?
lib/generated/uk-surface-audit.lisp	48	encodes	-	список
lib/generated/uk-surface-audit.lisp	49	encodes	-	довжина
lib/generated/uk-surface-audit.lisp	50	encodes	-	приєднати
lib/generated/uk-surface-audit.lisp	51	encodes	-	зворот
lib/generated/uk-surface-audit.lisp	52	encodes	-	елемент-списку-за-індексом
lib/generated/uk-surface-audit.lisp	53	encodes	-	значення-у-списку?
lib/generated/uk-surface-audit.lisp	54	encodes	-	знайти-за-ключем
lib/generated/uk-surface-audit.lisp	55	encodes	-	пара
lib/generated/uk-surface-audit.lisp	56	encodes	-	друге
lib/generated/uk-surface-audit.lisp	57	encodes	-	третє
lib/generated/uk-surface-audit.lisp	58	encodes	-	четверте
lib/generated/uk-surface-audit.lisp	59	encodes	-	п'яте
lib/generated/uk-surface-audit.lisp	60	encodes	-	перше-від-першого
lib/generated/uk-surface-audit.lisp	61	encodes	-	перше-від-решти
lib/generated/uk-surface-audit.lisp	62	encodes	-	решта-від-решти
lib/generated/uk-surface-audit.lisp	63	encodes	-	перше-після-трьох-решт
lib/generated/uk-surface-audit.lisp	64	encodes	-	відобразити
lib/generated/uk-surface-audit.lisp	65	encodes	-	відсіяти
lib/generated/uk-surface-audit.lisp	66	encodes	-	згорнути
lib/generated/uk-surface-audit.lisp	67	encodes	-	зчепити
lib/generated/uk-surface-audit.lisp	68	encodes	-	довжина-тексту
lib/generated/uk-surface-audit.lisp	69	encodes	-	порожній-текст?
lib/generated/uk-surface-audit.lisp	70	encodes	-	текст-починається-з?
lib/generated/uk-surface-audit.lisp	71	encodes	-	фрагмент-у-тексті?
lib/generated/uk-surface-audit.lisp	72	encodes	-	перший-символ-тексту
lib/generated/uk-surface-audit.lisp	73	encodes	-	решта-символів-тексту
lib/generated/uk-surface-audit.lisp	74	encodes	-	відрізати
lib/generated/uk-surface-audit.lisp	75	encodes	-	символ-у-текст
lib/generated/uk-surface-audit.lisp	76	encodes	-	текст-у-символ
lib/generated/uk-surface-audit.lisp	77	encodes	-	кодова-точка-у-текст
lib/generated/uk-surface-audit.lisp	78	encodes	-	текст-у-кодову-точку
lib/generated/uk-surface-audit.lisp	79	encodes	-	число-у-текст
lib/generated/uk-surface-audit.lisp	80	encodes	-	цифра-у-текст
lib/generated/uk-surface-audit.lisp	81	encodes	-	друкувати
lib/generated/uk-surface-audit.lisp	82	encodes	-	показати
lib/generated/uk-surface-audit.lisp	83	encodes	-	прочитати
lib/generated/uk-surface-audit.lisp	84	encodes	-	прочитати-усе
lib/generated/uk-surface-audit.lisp	85	encodes	-	значення-у-текст
lib/generated/uk-surface-audit.lisp	86	encodes	-	обчислити
lib/generated/uk-surface-audit.lisp	87	encodes	-	середовище
lib/generated/uk-surface-audit.lisp	88	encodes	-	вектор
lib/generated/uk-surface-audit.lisp	89	encodes	-	створити-вектор
lib/generated/uk-surface-audit.lisp	90	encodes	-	довжина-вектора
lib/generated/uk-surface-audit.lisp	91	encodes	-	елемент-вектора
lib/generated/uk-surface-audit.lisp	92	encodes	-	встановити-елемент-вектора!
lib/generated/uk-surface-audit.lisp	93	blocked	punctuation-or-other	буфер-32-бітних-цілих-зі-знаком
lib/generated/uk-surface-audit.lisp	94	blocked	punctuation-or-other	буфер-32-бітних-чисел-з-плавною-комою
lib/generated/uk-surface-audit.lisp	95	encodes	-	тип-числового-буфера
lib/generated/uk-surface-audit.lisp	96	encodes	-	довжина-числового-буфера
lib/generated/uk-surface-audit.lisp	97	encodes	-	елемент-числового-буфера
lib/generated/uk-surface-audit.lisp	98	encodes	-	відобразити-числовий-буфер
lib/generated/uk-surface-audit.lisp	99	encodes	-	монотонний-час-у-наносекундах
lib/generated/uk-surface-audit.lisp	100	encodes	-	поточний-юнікс-час
lib/generated/uk-surface-audit.lisp	101	encodes	-	сирий-запит-мережевого-часу
lib/generated/uk-surface-audit.lisp	102	encodes	-	сирі-декларації-часових-поясів
lib/generated/uk-surface-audit.lisp	103	encodes	-	поточний-всесвітній-координований-час
lib/generated/uk-surface-audit.lisp	104	encodes	-	всесвітній-координований-час-із-часу-юнікс
lib/generated/uk-surface-audit.lisp	105	encodes	-	спостереження-часу-юнікс-у-всесвітній-координований-час
lib/generated/uk-surface-audit.lisp	106	encodes	-	мілісекунди-із-наносекунд
lib/generated/uk-surface-audit.lisp	107	encodes	-	монотонний-час-у-мілісекундах
lib/generated/uk-surface-audit.lisp	108	encodes	-	назва-часового-поясу
lib/generated/uk-surface-audit.lisp	109	encodes	-	визначити-часовий-пояс
lib/generated/uk-surface-audit.lisp	110	encodes	-	зміщення-часового-поясу-в-секундах
lib/generated/uk-surface-audit.lisp	111	encodes	-	граничний-час-досягнуто?
lib/generated/uk-surface-audit.lisp	112	encodes	-	граничний-час-досягнуто-на-момент?
lib/generated/uk-surface-audit.lisp	113	encodes	-	минуло-наносекунд
lib/generated/uk-surface-audit.lisp	114	encodes	-	граничний-час-від
lib/generated/uk-surface-audit.lisp	115	encodes	-	граничний-час-через-наносекунди
lib/generated/uk-surface-audit.lisp	116	encodes	-	синхронізувати-час-через-інтернет
lib/generated/uk-surface-audit.lisp	117	encodes	-	порожня-карта
lib/generated/uk-surface-audit.lisp	118	encodes	-	отримати-з-карти
lib/generated/uk-surface-audit.lisp	119	encodes	-	вставити-в-карту
lib/generated/uk-surface-audit.lisp	120	encodes	-	ключ-у-карті?
lib/generated/uk-surface-audit.lisp	121	encodes	-	карта-у-список
lib/generated/uk-surface-audit.lisp	122	encodes	-	порожній-вектор
lib/generated/uk-surface-audit.lisp	123	encodes	-	додати-до-вектора
lib/generated/uk-surface-audit.lisp	124	encodes	-	розмір-вектора
lib/generated/uk-surface-audit.lisp	125	encodes	-	елемент-вектора-за-індексом
lib/generated/uk-surface-audit.lisp	126	encodes	-	вектор-у-список
lib/generated/uk-surface-audit.lisp	127	encodes	-	вектор-із-списку
lib/generated/uk-surface-audit.lisp	128	encodes	-	факт?
lib/generated/uk-surface-audit.lisp	129	encodes	-	описати
lib/generated/uk-surface-audit.lisp	130	encodes	-	зібрати-факти-про
lib/generated/uk-surface-audit.lisp	131	encodes	-	атом-у-списку?
lib/generated/uk-surface-audit.lisp	132	encodes	-	пряме-виведення
lib/generated/uk-surface-audit.lisp	133	encodes	-	логічний-висновок
lib/generated/uk-surface-audit.lisp	134	encodes	-	є-конфлікт?
lib/generated/uk-surface-audit.lisp	135	encodes	-	модуль-відомий?
lib/generated/uk-surface-audit.lisp	136	encodes	-	поточні-клаузи-модуля
lib/generated/uk-surface-audit.lisp	137	encodes	-	довести-мету
lib/generated/uk-surface-audit.lisp	138	encodes	-	довести-мети
lib/generated/uk-surface-audit.lisp	139	encodes	-	пояснити-доведення
lib/generated/uk-surface-audit.lisp	140	encodes	-	джерело-доведення
lib/generated/uk-surface-audit.lisp	141	encodes	-	походження
lib/generated/uk-surface-audit.lisp	142	encodes	-	міркування
lib/generated/uk-surface-audit.lisp	143	encodes	-	пояснити-міркування
lib/generated/uk-surface-audit.lisp	144	encodes	-	уніфікувати
lib/generated/uk-surface-audit.lisp	145	encodes	-	логічна-змінна
lib/generated/uk-surface-audit.lisp	146	encodes	-	змінна?
lib/generated/uk-surface-audit.lisp	147	encodes	-	підставити
lib/generated/uk-surface-audit.lisp	148	encodes	-	розіменувати
lib/generated/uk-surface-audit.lisp	149	encodes	-	змінна-зустрічається?
lib/generated/uk-surface-audit.lisp	150	encodes	-	твердження?
lib/generated/uk-surface-audit.lisp	151	encodes	-	зміст-твердження
lib/generated/uk-surface-audit.lisp	152	encodes	-	стан-розгляду-твердження
lib/generated/uk-surface-audit.lisp	153	encodes	-	доказ?
lib/generated/uk-surface-audit.lisp	154	encodes	-	метод-доказу
lib/generated/uk-surface-audit.lisp	155	encodes	-	результат-доказу
lib/generated/uk-surface-audit.lisp	156	encodes	-	спостереження?
lib/generated/uk-surface-audit.lisp	157	encodes	-	зміст-спостереження
lib/generated/uk-surface-audit.lisp	158	encodes	-	намір?
lib/generated/uk-surface-audit.lisp	159	encodes	-	мета-наміру
lib/generated/uk-surface-audit.lisp	160	encodes	-	підтримувальний-доказ
lib/generated/uk-surface-audit.lisp	161	encodes	-	повернути-без-змін
lib/generated/uk-surface-audit.lisp	162	encodes	-	створити-унікальний-символ
lib/generated/uk-surface-audit.lisp	163	encodes	-	та
lib/generated/uk-surface-audit.lisp	164	encodes	-	або
lib/generated/uk-surface-audit.lisp	165	encodes	-	нехай
lib/generated/uk-surface-audit.lisp	166	encodes	-	нехай-послідовно
lib/generated/uk-surface-audit.lisp	167	encodes	-	ланцюжок-першого-аргументу
lib/generated/uk-surface-audit.lisp	168	encodes	-	ланцюжок-останнього-аргументу
lib/generated/uk-surface-audit.lisp	169	encodes	-	розібрати-текст-формату-джейсон
lib/generated/uk-surface-audit.lisp	170	blocked	punctuation-or-other	обчислити-хеш-ша-256-тексту-у-шістнадцятковому-записі
lib/generated/uk-surface-audit.lisp	171	encodes	-	запустити-процес
lib/generated/uk-surface-audit.lisp	172	encodes	-	прочитати-текст-з-з'єднання-протоколу-керування-передаванням
lib/generated/uk-surface-audit.lisp	173	encodes	-	записати-текст-у-з'єднання-протоколу-керування-передаванням
lib/generated/uk-surface-audit.lisp	174	encodes	-	слухати-порт-протоколу-керування-передаванням
lib/generated/uk-surface-audit.lisp	175	encodes	-	прочитати-файл
lib/generated/uk-surface-audit.lisp	176	encodes	-	записати-файл
lib/generated/uk-surface-audit.lisp	177	encodes	-	викликати
lib/generated/uk-surface-audit.lisp	178	encodes	-	двійковий
lib/generated/uk-surface-audit.lisp	179	encodes	-	мітка
lib/generated/uk-surface-audit.lisp	180	encodes	-	порожній?
lib/generated/uk-surface-audit.lisp	181	encodes	-	замінити
lib/generated/uk-surface-audit.lisp	182	encodes	-	підставити-пари
lib/generated/uk-surface-audit.lisp	183	encodes	-	відобразити-залишки
lib/generated/uk-surface-audit.lisp	184	encodes	-	застосувати
lib/generated/uk-surface-audit.lisp	185	encodes	-	поділити-з-остачею
lib/generated/uk-surface-audit.lisp	186	encodes	-	відповідь-не
lib/generated/uk-surface-audit.lisp	187	encodes	-	відповідь-і
lib/generated/uk-surface-audit.lisp	188	encodes	-	відповідь-або
lib/generated/uk-surface-audit.lisp	189	encodes	-	відповідь-послабити
lib/generated/uk-surface-audit.lisp	190	encodes	-	відповідь-атом
lib/generated/uk-surface-audit.lisp	191	encodes	-	відповідь-тотожне
lib/surface/uk-acceptance.lisp	82	blocked	cyrillic-uppercase	Привіт, 
lib/surface/uk-acceptance.lisp	115	encodes	-	світе
lib/surface/uk-acceptance.lisp	115	blocked	cyrillic-uppercase	Привіт, світе
lib/surface/uk-acceptance.lisp	117	encodes	-	тест
lib/surface/uk-acceptance.lisp	119	encodes	-	кіт
lib/surface/uk-docs.lisp	13	encodes	-	(як-є форма)
lib/surface/uk-docs.lisp	13	blocked	cyrillic-uppercase	Повертає форму як дані, не обчислюючи її.
lib/surface/uk-docs.lisp	14	encodes	-	(атом? значення)
lib/surface/uk-docs.lisp	14	blocked	cyrillic-uppercase	Питає, чи значення є атомом, тобто не парою.
lib/surface/uk-docs.lisp	15	encodes	-	(тотожне? ліве праве)
lib/surface/uk-docs.lisp	15	blocked	cyrillic-uppercase	Питає про канонічну тотожність двох атомарних значень.
lib/surface/uk-docs.lisp	16	encodes	-	(сполучити голова хвіст)
lib/surface/uk-docs.lisp	16	blocked	cyrillic-uppercase	Створює пару з голови та хвоста.
lib/surface/uk-docs.lisp	17	encodes	-	(перше пара)
lib/surface/uk-docs.lisp	17	blocked	cyrillic-uppercase	Повертає голову пари.
lib/surface/uk-docs.lisp	18	encodes	-	(решта пара)
lib/surface/uk-docs.lisp	18	blocked	cyrillic-uppercase	Повертає хвіст пари.
lib/surface/uk-docs.lisp	19	encodes	-	(за-умовою (умова вираз) ...)
lib/surface/uk-docs.lisp	19	blocked	cyrillic-uppercase	Перевіряє гілки по черзі та обчислює вираз першої істинної у
lib/surface/uk-docs.lisp	20	encodes	-	(функція (параметри ...) тіло ...)
lib/surface/uk-docs.lisp	20	blocked	cyrillic-uppercase	Створює лексичне замикання з параметрами й тілом.
lib/surface/uk-docs.lisp	21	encodes	-	(визначити ім'я значення)
lib/surface/uk-docs.lisp	21	blocked	cyrillic-uppercase	Створює або оновлює зв'язування імені у поточному середовищі
lib/surface/uk-docs.lisp	22	encodes	-	(визначити-макрос ім'я (параметри ...) тіло)
lib/surface/uk-docs.lisp	22	blocked	cyrillic-uppercase	Визначає макрос, що отримує необчислені форми аргументів.
lib/surface/uk-docs.lisp	23	encodes	-	(додати число ...)
lib/surface/uk-docs.lisp	23	blocked	cyrillic-uppercase	Додає числа, зберігаючи точність exact-значень.
lib/surface/uk-docs.lisp	24	encodes	-	(відняти число ...)
lib/surface/uk-docs.lisp	24	blocked	cyrillic-uppercase	Віднімає наступні числа від першого.
lib/surface/uk-docs.lisp	25	encodes	-	(помножити число ...)
lib/surface/uk-docs.lisp	25	blocked	cyrillic-uppercase	Множить числа.
lib/surface/uk-docs.lisp	26	encodes	-	(поділити число дільник ...)
lib/surface/uk-docs.lisp	26	blocked	cyrillic-uppercase	Ділить і для exact-аргументів повертає точний раціональний р
lib/surface/uk-docs.lisp	27	encodes	-	(модуль число)
lib/surface/uk-docs.lisp	27	blocked	cyrillic-uppercase	Повертає абсолютне значення числа.
lib/surface/uk-docs.lisp	28	encodes	-	(найменше число ...)
lib/surface/uk-docs.lisp	28	blocked	cyrillic-uppercase	Повертає найменше з переданих чисел.
lib/surface/uk-docs.lisp	29	encodes	-	(найбільше число ...)
lib/surface/uk-docs.lisp	29	blocked	cyrillic-uppercase	Повертає найбільше з переданих чисел.
lib/surface/uk-docs.lisp	30	encodes	-	(остача число дільник)
lib/surface/uk-docs.lisp	30	blocked	cyrillic-uppercase	Повертає остачу від цілочисельного ділення.
lib/surface/uk-docs.lisp	31	encodes	-	(частка число дільник)
lib/surface/uk-docs.lisp	31	blocked	cyrillic-uppercase	Повертає цілу частку від ділення.
lib/surface/uk-docs.lisp	32	encodes	-	(корінь число)
lib/surface/uk-docs.lisp	32	blocked	cyrillic-uppercase	Обчислює квадратний корінь.
lib/surface/uk-docs.lisp	33	encodes	-	(цілий-корінь ціле)
lib/surface/uk-docs.lisp	33	blocked	cyrillic-uppercase	Повертає цілу частину квадратного кореня невід'ємного цілого
lib/surface/uk-docs.lisp	34	encodes	-	(найменше-у-списку числа)
lib/surface/uk-docs.lisp	34	blocked	cyrillic-uppercase	Повертає найменший елемент списку чисел.
lib/surface/uk-docs.lisp	35	encodes	-	(найбільше-у-списку числа)
lib/surface/uk-docs.lisp	35	blocked	cyrillic-uppercase	Повертає найбільший елемент списку чисел.
lib/surface/uk-docs.lisp	36	blocked	latin	(менше? a b ...)
lib/surface/uk-docs.lisp	36	blocked	cyrillic-uppercase	Питає, чи числа строго зростають зліва направо.
lib/surface/uk-docs.lisp	37	blocked	latin	(більше? a b ...)
lib/surface/uk-docs.lisp	37	blocked	cyrillic-uppercase	Питає, чи числа строго спадають зліва направо.
lib/surface/uk-docs.lisp	38	blocked	latin	(рівне? a b ...)
lib/surface/uk-docs.lisp	38	blocked	cyrillic-uppercase	Питає, чи числові значення рівні.
lib/surface/uk-docs.lisp	39	blocked	latin	(не-більше? a b ...)
lib/surface/uk-docs.lisp	39	blocked	cyrillic-uppercase	Питає, чи кожне наступне число не менше попереднього.
lib/surface/uk-docs.lisp	40	blocked	latin	(не-менше? a b ...)
lib/surface/uk-docs.lisp	40	blocked	cyrillic-uppercase	Питає, чи кожне наступне число не більше попереднього.
lib/surface/uk-docs.lisp	41	encodes	-	(хибне? значення)
lib/surface/uk-docs.lisp	41	blocked	cyrillic-uppercase	Повертає t рівно тоді, коли значення є ().
lib/surface/uk-docs.lisp	42	blocked	latin	(однакові? a b)
lib/surface/uk-docs.lisp	42	blocked	cyrillic-uppercase	Питає про глибоку структурну рівність значень.
lib/surface/uk-docs.lisp	43	encodes	-	(символ? значення)
lib/surface/uk-docs.lisp	43	blocked	cyrillic-uppercase	Питає, чи значення є символом.
lib/surface/uk-docs.lisp	44	encodes	-	(текст? значення)
lib/surface/uk-docs.lisp	44	blocked	cyrillic-uppercase	Питає, чи значення є текстовим рядком.
lib/surface/uk-docs.lisp	45	blocked	latin	(текст-передує? a b)
lib/surface/uk-docs.lisp	45	blocked	cyrillic-uppercase	Питає, чи рядок a лексикографічно менший за b.
lib/surface/uk-docs.lisp	46	encodes	-	(числовий-буфер? значення)
lib/surface/uk-docs.lisp	46	blocked	cyrillic-uppercase	Питає, чи значення є типізованим числовим буфером.
lib/surface/uk-docs.lisp	47	encodes	-	(список значення ...)
lib/surface/uk-docs.lisp	47	blocked	cyrillic-uppercase	Будує правильний список з усіх аргументів.
lib/surface/uk-docs.lisp	48	encodes	-	(довжина список)
lib/surface/uk-docs.lisp	48	blocked	cyrillic-uppercase	Повертає кількість елементів правильного списку.
lib/surface/uk-docs.lisp	49	encodes	-	(приєднати лівий правий)
lib/surface/uk-docs.lisp	49	blocked	cyrillic-uppercase	Приєднує елементи лівого списку перед правим.
lib/surface/uk-docs.lisp	50	encodes	-	(зворот список)
lib/surface/uk-docs.lisp	50	blocked	cyrillic-uppercase	Повертає список у зворотному порядку.
lib/surface/uk-docs.lisp	51	encodes	-	(елемент-списку-за-індексом індекс список)
lib/surface/uk-docs.lisp	51	blocked	cyrillic-uppercase	Повертає елемент списку за нульовим індексом.
lib/surface/uk-docs.lisp	52	encodes	-	(значення-у-списку? значення список)
lib/surface/uk-docs.lisp	52	blocked	cyrillic-uppercase	Питає, чи список містить структурно однакове значення.
lib/surface/uk-docs.lisp	53	blocked	latin	(знайти-за-ключем ключ alist)
lib/surface/uk-docs.lisp	53	blocked	cyrillic-uppercase	Шукає пару з ключем в асоціативному списку.
lib/surface/uk-docs.lisp	54	encodes	-	(пара ліве праве)
lib/surface/uk-docs.lisp	54	blocked	cyrillic-uppercase	Будує двоелементний правильний список.
lib/surface/uk-docs.lisp	55	encodes	-	(друге список)
lib/surface/uk-docs.lisp	55	blocked	cyrillic-uppercase	Повертає другий елемент списку.
lib/surface/uk-docs.lisp	56	encodes	-	(третє список)
lib/surface/uk-docs.lisp	56	blocked	cyrillic-uppercase	Повертає третій елемент списку.
lib/surface/uk-docs.lisp	57	encodes	-	(четверте список)
lib/surface/uk-docs.lisp	57	blocked	cyrillic-uppercase	Повертає четвертий елемент списку.
lib/surface/uk-docs.lisp	58	encodes	-	(п'яте список)
lib/surface/uk-docs.lisp	58	blocked	cyrillic-uppercase	Повертає п'ятий елемент списку.
lib/surface/uk-docs.lisp	59	encodes	-	(відобразити функція список)
lib/surface/uk-docs.lisp	59	blocked	cyrillic-uppercase	Застосовує функцію до кожного елемента й повертає список рез
lib/surface/uk-docs.lisp	60	encodes	-	(відсіяти предикат список)
lib/surface/uk-docs.lisp	60	blocked	cyrillic-uppercase	Залишає лише елементи, для яких предикат істинний.
lib/surface/uk-docs.lisp	61	encodes	-	(згорнути функція початкове список)
lib/surface/uk-docs.lisp	61	blocked	cyrillic-uppercase	Згортає список зліва направо через акумулятор.
lib/surface/uk-docs.lisp	62	blocked	latin	(зчепити текст-a текст-b)
lib/surface/uk-docs.lisp	62	blocked	?	З'єднує два текстові рядки.
lib/surface/uk-docs.lisp	63	encodes	-	(довжина-тексту текст)
lib/surface/uk-docs.lisp	63	blocked	cyrillic-uppercase	Повертає кількість Unicode-символів у рядку.
lib/surface/uk-docs.lisp	64	encodes	-	(текст-порожній? текст)
lib/surface/uk-docs.lisp	64	blocked	cyrillic-uppercase	Питає, чи рядок порожній.
lib/surface/uk-docs.lisp	65	encodes	-	(префікс-тексту? префікс текст)
lib/surface/uk-docs.lisp	65	blocked	cyrillic-uppercase	Питає, чи текст починається з указаного префікса.
lib/surface/uk-docs.lisp	66	encodes	-	(фрагмент-у-тексті? фрагмент текст)
lib/surface/uk-docs.lisp	66	blocked	cyrillic-uppercase	Питає, чи текст містить заданий фрагмент.
lib/surface/uk-docs.lisp	67	encodes	-	(перший-символ-тексту текст)
lib/surface/uk-docs.lisp	67	blocked	cyrillic-uppercase	Повертає перший Unicode-символ як односимвольний рядок.
lib/surface/uk-docs.lisp	68	encodes	-	(решта-символів-тексту текст)
lib/surface/uk-docs.lisp	68	blocked	cyrillic-uppercase	Повертає рядок без першого Unicode-символу.
lib/surface/uk-docs.lisp	69	encodes	-	(відрізати текст початок кінець)
lib/surface/uk-docs.lisp	69	blocked	cyrillic-uppercase	Повертає зріз рядка за індексами Unicode-символів.
lib/surface/uk-docs.lisp	70	encodes	-	(символ-у-текст символ)
lib/surface/uk-docs.lisp	70	blocked	cyrillic-uppercase	Перетворює символ на його текстове написання.
lib/surface/uk-docs.lisp	71	encodes	-	(текст-у-символ текст)
lib/surface/uk-docs.lisp	71	blocked	cyrillic-uppercase	Створює символ з текстового рядка.
lib/surface/uk-docs.lisp	72	encodes	-	(кодова-точка-у-текст код)
lib/surface/uk-docs.lisp	72	blocked	cyrillic-uppercase	Перетворює Unicode code point на односимвольний рядок.
lib/surface/uk-docs.lisp	73	encodes	-	(текст-у-кодову-точку текст)
lib/surface/uk-docs.lisp	73	blocked	cyrillic-uppercase	Повертає Unicode code point односимвольного рядка.
lib/surface/uk-docs.lisp	74	encodes	-	(число-у-текст число)
lib/surface/uk-docs.lisp	74	blocked	cyrillic-uppercase	Повертає канонічне текстове представлення числа.
lib/surface/uk-docs.lisp	75	encodes	-	(друкувати значення)
lib/surface/uk-docs.lisp	75	blocked	cyrillic-uppercase	Додає друковане представлення значення до виходу й повертає 
lib/surface/uk-docs.lisp	76	encodes	-	(показати значення)
lib/surface/uk-docs.lisp	76	blocked	cyrillic-uppercase	Виводить значення; текст показує без лапок та escape-послідо
lib/surface/uk-docs.lisp	77	encodes	-	(прочитати текст)
lib/surface/uk-docs.lisp	77	blocked	cyrillic-uppercase	Читає рівно одну Lisp-форму з рядка як дані, не обчислюючи ї
lib/surface/uk-docs.lisp	78	encodes	-	(прочитати-усе текст)
lib/surface/uk-docs.lisp	78	blocked	cyrillic-uppercase	Читає всі верхньорівневі форми з рядка як список даних.
lib/surface/uk-docs.lisp	79	encodes	-	(значення-у-текст значення)
lib/surface/uk-docs.lisp	79	blocked	cyrillic-uppercase	Серіалізує значення у канонічне Lisp-написання.
lib/surface/uk-docs.lisp	80	encodes	-	(обчислити форма)
lib/surface/uk-docs.lisp	80	blocked	cyrillic-uppercase	Обчислює форму-дані у поточному лексичному середовищі.
lib/surface/uk-docs.lisp	81	encodes	-	(середовище)
lib/surface/uk-docs.lisp	81	blocked	cyrillic-uppercase	Повертає видимі зв'язування поточного середовища як дані.
lib/surface/uk-docs.lisp	82	encodes	-	(вектор значення ...)
lib/surface/uk-docs.lisp	82	blocked	cyrillic-uppercase	Створює звичайний вектор з аргументів.
lib/surface/uk-docs.lisp	83	encodes	-	(створити-вектор розмір)
lib/surface/uk-docs.lisp	83	blocked	cyrillic-uppercase	Створює вектор заданого розміру.
lib/surface/uk-docs.lisp	84	encodes	-	(довжина-вектора вектор)
lib/surface/uk-docs.lisp	84	blocked	cyrillic-uppercase	Повертає кількість елементів звичайного вектора.
lib/surface/uk-docs.lisp	85	encodes	-	(елемент-вектора вектор індекс)
lib/surface/uk-docs.lisp	85	blocked	cyrillic-uppercase	Повертає елемент звичайного вектора за індексом.
lib/surface/uk-docs.lisp	86	encodes	-	(встановити-елемент-вектора! вектор індекс значення)
lib/surface/uk-docs.lisp	86	blocked	cyrillic-uppercase	Змінює елемент звичайного вектора на місці; знак ! попереджа
lib/surface/uk-docs.lisp	87	encodes	-	(монотонний-нс)
lib/surface/uk-docs.lisp	87	blocked	cyrillic-uppercase	Повертає монотонне спостереження часу в наносекундах від хос
lib/surface/uk-docs.lisp	88	encodes	-	(поточний-юнікс-час)
lib/surface/uk-docs.lisp	88	blocked	cyrillic-uppercase	Повертає сире спостереження Unix-часу від хоста.
lib/surface/uk-docs.lisp	89	encodes	-	(поточний-всч)
lib/surface/uk-docs.lisp	89	blocked	cyrillic-uppercase	Перетворює поточне Unix-спостереження на календарний ВСЧ у L
lib/surface/uk-docs.lisp	90	encodes	-	(всч-із-юнікс секунди наносекунда)
lib/surface/uk-docs.lisp	90	blocked	cyrillic-uppercase	Детерміновано перетворює Unix timestamp на календарний ВСЧ.
lib/surface/uk-docs.lisp	91	encodes	-	(юнікс-спостереження-у-всч спостереження)
lib/surface/uk-docs.lisp	91	blocked	cyrillic-uppercase	Інтерпретує сире (unix-time ...) спостереження як календарни
lib/surface/uk-docs.lisp	92	encodes	-	(мілісекунди-із-наносекунд наносекунди)
lib/surface/uk-docs.lisp	92	blocked	cyrillic-uppercase	Перетворює невід'ємні наносекунди на цілі мілісекунди.
lib/surface/uk-docs.lisp	93	encodes	-	(монотонний-мс)
lib/surface/uk-docs.lisp	93	blocked	cyrillic-uppercase	Повертає монотонне спостереження часу в цілих мілісекундах.
lib/surface/uk-docs.lisp	94	encodes	-	(назва-часового-поясу конфігурація)
lib/surface/uk-docs.lisp	94	blocked	cyrillic-uppercase	Повертає назву часового поясу з конфігурації.
lib/surface/uk-docs.lisp	95	encodes	-	(визначити-часовий-пояс)
lib/surface/uk-docs.lisp	95	blocked	cyrillic-uppercase	Інтерпретує оголошення хоста й повертає detected/unknown рез
lib/surface/uk-docs.lisp	96	encodes	-	(зміщення-часового-поясу-в-секундах конфігурація)
lib/surface/uk-docs.lisp	96	blocked	cyrillic-uppercase	Повертає зміщення часового поясу в секундах.
lib/surface/uk-docs.lisp	97	encodes	-	(дедлайн-досягнуто? дедлайн-нс)
lib/surface/uk-docs.lisp	97	blocked	cyrillic-uppercase	Питає, чи поточний монотонний час уже досяг дедлайну.
lib/surface/uk-docs.lisp	98	encodes	-	(дедлайн-досягнуто-на-момент? зараз-нс дедлайн-нс)
lib/surface/uk-docs.lisp	98	blocked	cyrillic-uppercase	Чиста версія питання: чи заданий час уже досяг дедлайну.
lib/surface/uk-docs.lisp	99	encodes	-	(минуло-нс початок-нс)
lib/surface/uk-docs.lisp	99	blocked	cyrillic-uppercase	Повертає наносекунди, що минули від заданого монотонного мом
lib/surface/uk-docs.lisp	100	encodes	-	(дедлайн-від зараз-нс дельта-нс)
lib/surface/uk-docs.lisp	100	blocked	cyrillic-uppercase	Будує дедлайн як суму заданого моменту й інтервалу.
lib/surface/uk-docs.lisp	101	encodes	-	(дедлайн-через-нс дельта-нс)
lib/surface/uk-docs.lisp	101	blocked	cyrillic-uppercase	Будує дедлайн від поточного монотонного часу.
lib/surface/uk-docs.lisp	102	encodes	-	(запитати-інтернет-час хост таймаут-мс)
lib/surface/uk-docs.lisp	102	blocked	cyrillic-uppercase	Виконує сирий NTP-запит і в Lisp інтерпретує його як accepte
lib/surface/uk-docs.lisp	103	encodes	-	порожня-карта
lib/surface/uk-docs.lisp	103	blocked	cyrillic-uppercase	Порожня персистентна AVL-карта; це значення, не предикат.
lib/surface/uk-docs.lisp	104	encodes	-	(отримати-з-карти ключ карта)
lib/surface/uk-docs.lisp	104	blocked	cyrillic-uppercase	Повертає () якщо ключа нема або одноелементний список (значе
lib/surface/uk-docs.lisp	105	encodes	-	(вставити-в-карту ключ значення карта)
lib/surface/uk-docs.lisp	105	blocked	cyrillic-uppercase	Повертає нову персистентну карту, не змінюючи стару.
lib/surface/uk-docs.lisp	106	encodes	-	(ключ-у-карті? ключ карта)
lib/surface/uk-docs.lisp	106	blocked	cyrillic-uppercase	Питає, чи карта містить ключ.
lib/surface/uk-docs.lisp	107	encodes	-	(карта-у-список карта)
lib/surface/uk-docs.lisp	107	blocked	cyrillic-uppercase	Повертає пари карти як список у відсортованому порядку ключі
lib/surface/uk-docs.lisp	108	encodes	-	порожній-вектор
lib/surface/uk-docs.lisp	108	blocked	cyrillic-uppercase	Порожній персистентний вектор; це значення, не предикат.
lib/surface/uk-docs.lisp	109	encodes	-	(додати-до-вектора значення вектор)
lib/surface/uk-docs.lisp	109	blocked	cyrillic-uppercase	Повертає новий персистентний вектор з елементом у кінці.
lib/surface/uk-docs.lisp	110	encodes	-	(розмір-вектора вектор)
lib/surface/uk-docs.lisp	110	blocked	cyrillic-uppercase	Повертає кількість елементів персистентного вектора.
lib/surface/uk-docs.lisp	111	encodes	-	(елемент-вектора-за-індексом індекс вектор)
lib/surface/uk-docs.lisp	111	blocked	cyrillic-uppercase	Повертає () поза межами або (значення) для наявного індексу.
lib/surface/uk-docs.lisp	112	encodes	-	(вектор-у-список вектор)
lib/surface/uk-docs.lisp	112	blocked	cyrillic-uppercase	Перетворює персистентний вектор на звичайний список.
lib/surface/uk-docs.lisp	113	encodes	-	(вектор-із-списку список)
lib/surface/uk-docs.lisp	113	blocked	cyrillic-uppercase	Будує персистентний вектор зі списку, зберігаючи порядок.
lib/surface/uk-docs.lisp	114	blocked	latin	(факт? clause)
lib/surface/uk-docs.lisp	114	blocked	cyrillic-uppercase	Питає, чи clause є фактом без умов, а не правилом.
lib/surface/uk-docs.lisp	115	encodes	-	(описати елемент модуль)
lib/surface/uk-docs.lisp	115	blocked	cyrillic-uppercase	Повертає відомі факти про елемент у модулі або Module-not-fo
lib/surface/uk-docs.lisp	116	blocked	latin	(зібрати-факти-про елемент clauses)
lib/surface/uk-docs.lisp	116	blocked	cyrillic-uppercase	Відбирає факти, голова яких згадує заданий атом.
lib/surface/uk-docs.lisp	117	encodes	-	(атом-у-списку? атом список)
lib/surface/uk-docs.lisp	117	blocked	cyrillic-uppercase	Питає, чи список безпечно містить заданий атом.
lib/surface/uk-docs.lisp	118	encodes	-	(пряме-виведення модуль)
lib/surface/uk-docs.lisp	118	blocked	cyrillic-uppercase	Матеріалізує всі вивідні факти модуля forward-chaining до фі
lib/surface/uk-docs.lisp	119	encodes	-	(логічний-висновок модуль мета)
lib/surface/uk-docs.lisp	119	blocked	cyrillic-uppercase	Шукає backward-chaining доведення мети в указаному модулі.
lib/surface/uk-docs.lisp	120	encodes	-	(конфлікт? модуль правила)
lib/surface/uk-docs.lisp	120	blocked	cyrillic-uppercase	Питає, чи протилежність голови запропонованого правила вже д
lib/surface/uk-docs.lisp	121	encodes	-	(модуль-відомий? модуль)
lib/surface/uk-docs.lisp	121	blocked	cyrillic-uppercase	Питає, чи модуль коли-небудь мав події у журналі знань.
lib/surface/uk-docs.lisp	122	encodes	-	(поточні-клаузи-модуля модуль)
lib/surface/uk-docs.lisp	122	blocked	cyrillic-uppercase	Проєктує поточний список clauses модуля з append-only журнал
lib/surface/uk-docs.lisp	123	encodes	-	(довести-мету мета правила підстановка всі-правила глибина)
lib/surface/uk-docs.lisp	123	blocked	cyrillic-uppercase	Шукає всі доведення однієї мети, протягуючи підстановку й ін
lib/surface/uk-docs.lisp	124	encodes	-	(довести-мети цілі підстановка всі-правила глибина)
lib/surface/uk-docs.lisp	124	blocked	cyrillic-uppercase	Доводить кон'юнкцію цілей, протягуючи підстановки.
lib/surface/uk-docs.lisp	125	encodes	-	(пояснити-доведення доведення)
lib/surface/uk-docs.lisp	125	blocked	cyrillic-uppercase	Друкує деревоподібне пояснення того, як отримано доведення.
lib/surface/uk-docs.lisp	126	encodes	-	(джерело-доведення вузол)
lib/surface/uk-docs.lisp	126	blocked	cyrillic-uppercase	Класифікує вузол доведення як fact або rule.
lib/surface/uk-docs.lisp	127	encodes	-	(походження вузол)
lib/surface/uk-docs.lisp	127	blocked	cyrillic-uppercase	Будує структуроване походження твердження з дерева доведення
lib/surface/uk-docs.lisp	128	encodes	-	(міркування мета правила-або-індекс)
lib/surface/uk-docs.lisp	128	blocked	cyrillic-uppercase	Публічний backward-chaining пошук: повертає список пар (підс
lib/surface/uk-docs.lisp	129	encodes	-	(пояснити-міркування мета правила)
lib/surface/uk-docs.lisp	129	blocked	cyrillic-uppercase	Запускає міркування й друкує людське пояснення першого довед
lib/surface/uk-docs.lisp	130	blocked	latin	(уніфікувати a b підстановка)
lib/surface/uk-docs.lisp	130	blocked	cyrillic-uppercase	Уніфікує два терми й повертає нову підстановку або атом fail
lib/surface/uk-docs.lisp	131	encodes	-	(логічна-змінна ім'я)
lib/surface/uk-docs.lisp	131	blocked	cyrillic-uppercase	Створює логічну змінну у формі (var ім'я).
lib/surface/uk-docs.lisp	132	encodes	-	(змінна? терм)
lib/surface/uk-docs.lisp	132	blocked	cyrillic-uppercase	Питає, чи терм має канонічну форму логічної змінної.
lib/surface/uk-docs.lisp	133	encodes	-	(підставити терм підстановка)
lib/surface/uk-docs.lisp	133	blocked	cyrillic-uppercase	Повністю застосовує підстановку до терма, включно з вкладени
lib/surface/uk-docs.lisp	134	encodes	-	(розіменувати терм підстановка)
lib/surface/uk-docs.lisp	134	blocked	cyrillic-uppercase	Розіменовує зв'язану логічну змінну через підстановку.
lib/surface/uk-docs.lisp	135	encodes	-	(змінна-зустрічається? змінна терм підстановка)
lib/surface/uk-docs.lisp	135	blocked	cyrillic-uppercase	Питає, чи змінна трапляється в термі після розіменування; за
lib/surface/uk-docs.lisp	136	encodes	-	(твердження? значення)
lib/surface/uk-docs.lisp	136	blocked	cyrillic-uppercase	Питає, чи значення має канонічну форму епістемічного твердже
lib/surface/uk-docs.lisp	137	encodes	-	(зміст-твердження твердження)
lib/surface/uk-docs.lisp	137	blocked	cyrillic-uppercase	Повертає statement-поле твердження.
lib/surface/uk-docs.lisp	138	encodes	-	(стан-розгляду-твердження твердження)
lib/surface/uk-docs.lisp	138	blocked	cyrillic-uppercase	Повертає review-поле твердження.
lib/surface/uk-docs.lisp	139	encodes	-	(доказ? значення)
lib/surface/uk-docs.lisp	139	blocked	cyrillic-uppercase	Питає, чи значення має канонічну форму evidence-запису.
lib/surface/uk-docs.lisp	140	encodes	-	(метод-доказу доказ)
lib/surface/uk-docs.lisp	140	blocked	cyrillic-uppercase	Повертає метод отримання evidence.
lib/surface/uk-docs.lisp	141	encodes	-	(результат-доказу доказ)
lib/surface/uk-docs.lisp	141	blocked	cyrillic-uppercase	Повертає outcome evidence-запису.
lib/surface/uk-docs.lisp	142	encodes	-	(спостереження? значення)
lib/surface/uk-docs.lisp	142	blocked	cyrillic-uppercase	Питає, чи значення має канонічну форму спостереження.
lib/surface/uk-docs.lisp	143	encodes	-	(зміст-спостереження спостереження)
lib/surface/uk-docs.lisp	143	blocked	cyrillic-uppercase	Повертає statement-поле спостереження.
lib/surface/uk-docs.lisp	144	encodes	-	(намір? значення)
lib/surface/uk-docs.lisp	144	blocked	cyrillic-uppercase	Питає, чи значення має канонічну форму наміру.
lib/surface/uk-docs.lisp	145	encodes	-	(мета-наміру намір)
lib/surface/uk-docs.lisp	145	blocked	cyrillic-uppercase	Повертає ціль із запису наміру.
lib/surface/uk-docs.lisp	146	blocked	latin	(підтримувальний-доказ claim-ref evidence-list)
lib/surface/uk-docs.lisp	146	blocked	cyrillic-uppercase	Повертає відповідний evidence-запис або (); це не предикат, 
lib/surface/uk-docs.lisp	147	encodes	-	(без-змін значення)
lib/surface/uk-docs.lisp	147	blocked	cyrillic-uppercase	Повертає аргумент без змін.
lib/surface/uk-docs.lisp	148	encodes	-	(генерувати-символ префікс)
lib/surface/uk-docs.lisp	148	blocked	cyrillic-uppercase	Створює свіже символічне ім'я з указаним текстовим префіксом
lib/surface/uk-docs.lisp	149	encodes	-	(та вираз ...)
lib/surface/uk-docs.lisp	149	blocked	cyrillic-uppercase	Короткозамикально обчислює кон'юнкцію й повертає саме останн
lib/surface/uk-docs.lisp	150	encodes	-	(або вираз ...)
lib/surface/uk-docs.lisp	150	blocked	cyrillic-uppercase	Короткозамикально повертає перше істинне значення або ().
lib/surface/uk-docs.lisp	151	encodes	-	(нехай ((ім'я значення) ...) тіло)
lib/surface/uk-docs.lisp	151	blocked	cyrillic-uppercase	Створює паралельні лексичні зв'язування для одного тіла.
lib/surface/uk-docs.lisp	152	encodes	-	(нехай* ((ім'я значення) ...) тіло)
lib/surface/uk-docs.lisp	152	blocked	cyrillic-uppercase	Створює послідовні лексичні зв'язування: кожне наступне бачи
lib/surface/uk-name-audit.lisp	12	blocked	cyrillic-uppercase	Лексикографічний порядок: «передує» не плутається з довжиною
lib/surface/uk-name-audit.lisp	13	blocked	cyrillic-uppercase	Назва сама вказує домен і те, що саме повертається.
lib/surface/uk-name-audit.lisp	14	blocked	cyrillic-uppercase	Явно відрізняє Unicode-символ тексту від інших значень слова
lib/surface/uk-name-audit.lisp	15	blocked	cyrillic-uppercase	Симетрична й доменно явна назва до string-first.
lib/surface/uk-name-audit.lisp	16	blocked	cyrillic-uppercase	Мутація змінює елемент, а не «встановлює вектор» цілком.
lib/surface/uk-name-audit.lisp	17	blocked	cyrillic-uppercase	Одиниця наносекунд є частиною значення і має бути видима в і
lib/surface/uk-name-audit.lisp	18	blocked	cyrillic-uppercase	Стара назва читалася у зворотному напрямку; результатом є ВС
lib/surface/uk-name-audit.lisp	19	blocked	cyrillic-uppercase	Природний український порядок слів.
lib/surface/uk-name-audit.lisp	20	blocked	cyrillic-uppercase	Природний дієслівний порядок і точне значення операції.
lib/surface/uk-name-audit.lisp	21	blocked	cyrillic-uppercase	Природний порядок слів та явна одиниця виміру.
lib/surface/uk-name-audit.lisp	22	blocked	cyrillic-uppercase	Виправляє явне «-о» і робить часовий аргумент зрозумілим.
lib/surface/uk-name-audit.lisp	23	blocked	punctuation-or-other	«Від» природно передає побудову дедлайну від заданого момент
lib/surface/uk-name-audit.lisp	24	blocked	cyrillic-uppercase	Функція робить один NTP-запит і повертає спостереження; сист
lib/surface/uk-name-audit.lisp	25	blocked	cyrillic-uppercase	Природний порядок прикметника й іменника для значення.
lib/surface/uk-name-audit.lisp	26	blocked	cyrillic-uppercase	Природний дієслівний порядок і явний напрям доступу.
lib/surface/uk-name-audit.lisp	27	blocked	cyrillic-uppercase	Природний дієслівний порядок; відсутність ! зберігає ознаку 
lib/surface/uk-name-audit.lisp	28	blocked	cyrillic-uppercase	Природний порядок прикметника й іменника для значення.
lib/surface/uk-name-audit.lisp	29	blocked	cyrillic-uppercase	Природний дієслівний порядок; операція повертає новий вектор
lib/surface/uk-name-audit.lisp	30	blocked	cyrillic-uppercase	Природна іменна конструкція.
lib/surface/uk-name-audit.lisp	31	blocked	cyrillic-uppercase	Назва явно каже, що повертається елемент за індексом.
lib/surface/uk-name-audit.lisp	32	blocked	cyrillic-uppercase	У логіці forward chaining природніше називається прямим виве
lib/surface/uk-name-audit.lisp	33	blocked	latin	Clause не тотожний умові; функція проєктує поточні клаузи мо
lib/surface/uk-name-audit.lisp	34	blocked	latin	Explain означає пояснити вже отримане доведення, а не обґрун
lib/surface/uk-name-audit.lisp	35	blocked	cyrillic-uppercase	Природний український порядок дієслова й об'єкта.
lib/surface/uk-name-audit.lisp	36	blocked	cyrillic-uppercase	Уніфікаційний walk виконує dereference логічної змінної, а н
lib/surface/uk-name-audit.lisp	37	blocked	latin	Statement може бути структурованими Lisp-даними, не лише тек
lib/surface/uk-name-audit.lisp	38	blocked	cyrillic-uppercase	Поле review є скінченним станом proposed/reviewed/rejected, 
lib/surface/uk-name-audit.lisp	39	blocked	cyrillic-uppercase	Природна українська родова конструкція.
lib/surface/uk-name-audit.lisp	40	blocked	cyrillic-uppercase	Природна українська родова конструкція.
lib/surface/uk-name-audit.lisp	41	blocked	latin	Statement спостереження може бути структурованими даними, не
lib/surface/uk-name-audit.lisp	42	blocked	cyrillic-uppercase	Природна українська родова конструкція.
lib/surface/uk-name-audit.lisp	43	blocked	cyrillic-uppercase	Нормативніша прикметникова форма без калькованого активного 
lib/surface/uk-name-audit.lisp	44	blocked	cyrillic-uppercase	У виклику прямо видно відношення: значення належить списку.
lib/surface/uk-name-audit.lisp	45	blocked	cyrillic-uppercase	Аргументи мають порядок префікс, текст; назва читається як п
lib/surface/uk-name-audit.lisp	46	blocked	cyrillic-uppercase	Аргументи мають порядок фрагмент, текст; назва більше не при
lib/surface/uk-name-audit.lisp	47	blocked	punctuation-or-other	«Кодова точка» точно називає Unicode code point, а не довіль
lib/surface/uk-name-audit.lisp	48	blocked	cyrillic-uppercase	Результат точно названо Unicode кодовою точкою.
lib/surface/uk-name-audit.lisp	49	blocked	cyrillic-uppercase	Функція серіалізує довільне Lisp-значення; назва більше не в
lib/surface/uk-name-audit.lisp	50	blocked	cyrillic-uppercase	Природний український порядок слів.
lib/surface/uk-name-audit.lisp	51	blocked	punctuation-or-other	«Через N наносекунд» природно описує дельту від поточного мо
lib/surface/uk-name-audit.lisp	52	blocked	cyrillic-uppercase	У виклику прямо видно відношення ключа до карти й порядок ар
lib/surface/uk-name-audit.lisp	53	blocked	latin	Helper перевіряє заданий атом у списку; назва читається прир
lib/surface/uk-sa-coverage.lisp	92	blocked	latin	use друге instead
lib/surface/uk-sa-coverage.lisp	94	blocked	latin	use четверте instead
lib/surface/uk-sa-coverage.lisp	148	blocked	cyrillic-uppercase	ВСЧ = всесвітній скоординований час
lib/surface/uk-sa-coverage.lisp	149	blocked	cyrillic-uppercase	ВСЧ from Unix timestamp
lib/surface/uk-sa-coverage.lisp	150	blocked	latin	observation to ВСЧ conversion
lib/yantra.lisp	353	encodes	-	виконав
lib/yantra.lisp	353	encodes	-	виконано
my-lisp-constitution.lisp	8	blocked	cyrillic-uppercase	Писати про можливості, не про обмеження.
my-lisp-constitution.lisp	9	blocked	cyrillic-uppercase	Бути Lisp-ом у повному розумінні цього слова — гомоіконність
my-lisp-constitution.lisp	10	blocked	cyrillic-uppercase	Реалізувати розумну машину — задокументована ціль МакКарті 1
my-lisp-constitution.lisp	11	blocked	cyrillic-uppercase	Кросплатформеність, або простіше — універсальність — тест на
my-lisp-constitution.lisp	12	blocked	cyrillic-uppercase	Максимальна обізнаність у сьогоднішніх технологіях, застосов
my-lisp-constitution.lisp	13	blocked	cyrillic-uppercase	Значення value може бути повністю визначене спостережуваною 
my-lisp-constitution.lisp	14	blocked	cyrillic-uppercase	Кожне значення можна побудувати лише з двох речей: атомів і 
my-lisp-constitution.lisp	15	blocked	cyrillic-uppercase	Структуру програми можна оглядати, трансформувати й будувати
my-lisp-constitution.lisp	16	blocked	cyrillic-uppercase	Мінімальне ядро може вирощувати всю мову всередині себе.
my-lisp-constitution.lisp	17	blocked	cyrillic-uppercase	Усе, що виразне мовою, може жити над межею реалізації.
my-lisp-constitution.lisp	18	blocked	cyrillic-uppercase	Конформність можна визначити суто спостережуваною поведінкою
my-lisp-constitution.lisp	19	blocked	cyrillic-uppercase	Той самий вираз може означати те саме всюди.
my-lisp-constitution.lisp	20	blocked	cyrillic-uppercase	Відсутність будь-якого елемента й відсутність істини можуть 
my-lisp-constitution.lisp	21	blocked	cyrillic-uppercase	Ніколи мовчки не перетворювати точне значення на наближення.
my-lisp-constitution.lisp	22	blocked	cyrillic-uppercase	Ніколи не провалюватись мовчки — кожен провал є названим, сп
my-lisp-constitution.lisp	23	blocked	cyrillic-uppercase	Ніколи не дозволяти обмеженню ресурсу мовчки переозначити се
my-lisp-constitution.lisp	159	blocked	latin	(string-slice \"привіт\" 1 3)
my-lisp-constitution.lisp	159	encodes	-	\"ри\"
mylisp-cml-export.lisp	5	encodes	-	) (ук 
mylisp-cml-export.lisp	5	encodes	-	) (укр 
mylisp-cml-export.lisp	6	encodes	-	) (ук 
mylisp-cml-export.lisp	6	encodes	-	) (укр 
mylisp-cml-export.lisp	7	encodes	-	) (ук 
mylisp-cml-export.lisp	7	encodes	-	) (укр 
mylisp-cml-export.lisp	8	encodes	-	) (ук 
mylisp-cml-export.lisp	8	encodes	-	) (укр 
mylisp-cml-export.lisp	9	encodes	-	) (ук 
mylisp-cml-export.lisp	9	encodes	-	) (укр 
mylisp-cml-export.lisp	10	encodes	-	) (ук 
mylisp-cml-export.lisp	10	encodes	-	) (укр 
mylisp-cml-export.lisp	11	encodes	-	) (ук 
mylisp-cml-export.lisp	11	encodes	-	) (укр 
mylisp-cml-export.lisp	12	encodes	-	) (ук 
mylisp-cml-export.lisp	12	encodes	-	) (укр 
mylisp-cml-export.lisp	13	encodes	-	) (ук 
mylisp-cml-export.lisp	13	encodes	-	) (укр 
mylisp-cml-export.lisp	14	encodes	-	) (ук 
mylisp-cml-export.lisp	14	encodes	-	) (укр 
mylisp-cml-export.lisp	15	encodes	-	) (ук 
mylisp-cml-export.lisp	15	encodes	-	) (укр 
prototype/lisp_core_phonetics/prototype_phonetics.lisp	62	encodes	-	т'
prototype/lisp_core_phonetics/prototype_phonetics.lisp	62	encodes	-	д'
prototype/lisp_core_phonetics/prototype_phonetics.lisp	62	encodes	-	н'
prototype/lisp_core_phonetics/prototype_phonetics.lisp	62	encodes	-	л'
prototype/lisp_core_phonetics/prototype_phonetics.lisp	62	encodes	-	с'
prototype/lisp_core_phonetics/prototype_phonetics.lisp	62	encodes	-	з'
prototype/lisp_core_phonetics/prototype_phonetics.lisp	62	encodes	-	ц'
scripts/build-constitution.lisp	38	blocked	cyrillic-uppercase	Писати про можливості, не про обмеження.
scripts/build-constitution.lisp	39	blocked	cyrillic-uppercase	Бути Lisp-ом у повному розумінні цього слова — гомоіконність
scripts/build-constitution.lisp	40	blocked	cyrillic-uppercase	Реалізувати розумну машину — задокументована ціль МакКарті 1
scripts/build-constitution.lisp	41	blocked	cyrillic-uppercase	Кросплатформеність, або простіше — універсальність — тест на
scripts/build-constitution.lisp	42	blocked	cyrillic-uppercase	Максимальна обізнаність у сьогоднішніх технологіях, застосов
scripts/build-constitution.lisp	44	blocked	cyrillic-uppercase	Значення value може бути повністю визначене спостережуваною 
scripts/build-constitution.lisp	45	blocked	cyrillic-uppercase	Кожне значення можна побудувати лише з двох речей: атомів і 
scripts/build-constitution.lisp	46	blocked	cyrillic-uppercase	Структуру програми можна оглядати, трансформувати й будувати
scripts/build-constitution.lisp	47	blocked	cyrillic-uppercase	Мінімальне ядро може вирощувати всю мову всередині себе.
scripts/build-constitution.lisp	48	blocked	cyrillic-uppercase	Усе, що виразне мовою, може жити над межею реалізації.
scripts/build-constitution.lisp	49	blocked	cyrillic-uppercase	Конформність можна визначити суто спостережуваною поведінкою
scripts/build-constitution.lisp	50	blocked	cyrillic-uppercase	Той самий вираз може означати те саме всюди.
scripts/build-constitution.lisp	51	blocked	cyrillic-uppercase	Відсутність будь-якого елемента й відсутність істини можуть 
scripts/build-constitution.lisp	52	blocked	cyrillic-uppercase	Ніколи мовчки не перетворювати точне значення на наближення.
scripts/build-constitution.lisp	53	blocked	cyrillic-uppercase	Ніколи не провалюватись мовчки — кожен провал є названим, сп
scripts/build-constitution.lisp	54	blocked	cyrillic-uppercase	Ніколи не дозволяти обмеженню ресурсу мовчки переозначити се
scripts/check-core4-predicate-answer-scale.lisp	132	encodes	-	невідомо
scripts/check-core4-predicate-answer-scale.lisp	136	encodes	-	тверда певність
scripts/check-core4-predicate-answer-scale.lisp	137	encodes	-	певність
scripts/check-core4-predicate-answer-scale.lisp	138	encodes	-	висновок
scripts/check-core4-predicate-answer-scale.lisp	139	encodes	-	правдоподібність
scripts/check-core4-predicate-answer-scale.lisp	140	encodes	-	сумнів
scripts/check-core4-predicate-answer-scale.lisp	141	encodes	-	непевність
scripts/check-core4-predicate-answer-scale.lisp	142	encodes	-	межа невідомого
scripts/check-core4-predicate-answer-scale.lisp	145	encodes	-	невідомо
scripts/generate-function-table.lisp	245	encodes	-	 (ук 
scripts/generate-function-table.lisp	246	encodes	-	 (укр 
scripts/generate-function-table.lisp	275	blocked	latin	; Schema ft/2: (sid-bitstring formal ук укр en sa sym author
scripts/generate-function-table.lisp	276	blocked	latin	; ук = current Ukrainian; укр = full Ukrainian peer surface
scripts/generate-function-table.lisp	277	blocked	latin	; Display order for humans: ук → укр → English → Sanskrit
scripts/generate-function-table.lisp	299	blocked	latin	| ID | ук | укр | English | Sanskrit | Symbol | Intel Core i
scripts/generate-uk-surface-audit.lisp	78	blocked	latin	lib/surface/український-профіль-джерела.lisp
scripts/generate-uk-surface-audit.lisp	236	blocked	latin	; Candidate evidence only: lib/surface/український-профіль-д
scripts/release.lisp	29	blocked	cyrillic-uppercase	Потрібна одна версія: 0.41.0
scripts/release.lisp	31	blocked	cyrillic-uppercase	Потрібен рівно один аргумент
scripts/release.lisp	38	blocked	latin	Checkout має бути чистим
scripts/release.lisp	40	blocked	latin	Release запускається тільки з main
scripts/release.lisp	43	blocked	latin	HEAD має дорівнювати свіжому origin/main
scripts/release.lisp	60	blocked	cyrillic-uppercase	Не вдалося визначити стан regenerated FASL
scripts/release.lisp	65	blocked	latin	HEAD має дорівнювати свіжому origin/main
scripts/release.lisp	86	blocked	cyrillic-uppercase	Потрібен успішний CI для точного HEAD на main
scripts/release.lisp	94	blocked	latin	origin/main змінився; підготуй новий snapshot
scripts/release.lisp	96	blocked	cyrillic-uppercase	Релізний тег уже існує
scripts/release.lisp	98	blocked	latin	Checkout змінився під час перевірок
scripts/release.lisp	102	blocked	cyrillic-uppercase	Тег опубліковано; очікуй завершення workflow Release: 
scripts/semantic-authority-guard.lisp	37	blocked	latin	tests/semantic-authority-guard-probe.сенс
scripts/verify-repo.lisp	60	encodes	-	референсна реалізація
scripts/verify-repo.lisp	63	blocked	latin	канонічна реалізація на Rust
scripts/verify-repo.lisp	68	blocked	punctuation-or-other	канонічне розширення вихідного коду — **`.lisp`**
scripts/verify-repo.lisp	69	blocked	cyrillic-uppercase	Канонічне розширення вихідного коду — **`.lisp`**
scripts/verify-repo.lisp	144	blocked	cyrillic-uppercase	Стара coordination surface на `:9999` фізично видалена
scripts/verify-repo.lisp	145	blocked	latin	мають повертати `unknown op`
scripts/verify-repo.lisp	224	blocked	latin	документаційний ID 
scripts/verify-repo.lisp	224	blocked	latin	 не має stable UK projection у registry
scripts/verify-repo.lisp	241	encodes	-	публічний каталог мутацій схлопнувся
scripts/verify-repo.lisp	242	encodes	-	публічний каталог предикатів схлопнувся
scripts/verify-repo.lisp	247	blocked	latin	документаційний join key має бути 8-бітним SID: 
scripts/verify-repo.lisp	248	blocked	latin	документаційний join key має бути 8-бітним SID: 
scripts/verify-repo.lisp	257	encodes	-	українська назва 
scripts/verify-repo.lisp	257	blocked	latin	: знак ? і predicate мусять збігатися
scripts/verify-repo.lisp	259	encodes	-	: ! зарезервований для мутації
scripts/verify-repo.lisp	262	encodes	-	встановити-елемент-вектора!
scripts/verify-repo.lisp	264	encodes	-	несподівана мутація: 
scripts/verify-repo.lisp	285	blocked	latin	публічне українське ім'я відсутнє у Markdown-довіднику: 
scripts/verify-repo.lisp	289	blocked	latin	замало stable UK-назв у таблиці
scripts/verify-repo.lisp	304	blocked	latin	смисловий аудит мусить покривати рівно documented UK-покритт
scripts/verify-repo.lisp	305	blocked	latin	(renamed N) розійшовся з фактичною кількістю (rename ...)
scripts/verify-repo.lisp	306	blocked	latin	stable-reviewed мусить дорівнювати renamed+retained
scripts/verify-repo.lisp	320	blocked	punctuation-or-other	(00001001 середовище env)
scripts/verify-repo.lisp	321	blocked	latin	uk.lisp: (00001001 середовище env) мусить бути лише в реєстр
scripts/verify-repo.lisp	341	blocked	cyrillic-uppercase	абвгґдеєжзиіїйклмнопрстуфхцчшщьюяАБВГҐДЕЄЖЗИІЇЙКЛМНОПРСТУФХЦ
scripts/verify-repo.lisp	396	encodes	-	: латинські літери у виконуваному коді 
tasks.lisp	488	blocked	cyrillic-uppercase	Пряма мрія власника (2026-09-10, дослівно): 'для мене дуже в
tasks.lisp	489	blocked	cyrillic-uppercase	Перевірено цієї сесії: lib/core.my вже має обов'язкову білін
tasks.lisp	506	blocked	latin	Enforce the DOCUMENTATION LANGUAGE / МОВА ДОКУМЕНТАЦІЇ polic
tasks.lisp	1104	blocked	latin	Completed 2026-09-07: Canon 0+7 and функція/визначити are st
tasks.lisp	1206	blocked	latin	Completed 2026-09-07 by Anviksha: визначити-макрос closes th
tasks.lisp	1214	blocked	cyrillic-uppercase	Створити малий версіонований semantic export для CML з єдино
tasks.lisp	1215	blocked	cyrillic-uppercase	Пряма настанова власника 2026-09-10: компілятор має завжди б
tasks.lisp	1222	blocked	cyrillic-uppercase	Стиснути та впорядкувати тестову архітектуру my-lisp за прин
tasks.lisp	1223	blocked	cyrillic-uppercase	Власник 2026-09-12 надав детальний критичний аналіз: cyrilli
tasks.lisp	1224	blocked	cyrillic-uppercase	Виконано у явно узгодженому порядку, кожен крок окремим комі
tasks.lisp	1225	blocked	cyrillic-uppercase	Зміна самого evaluator/runtime-семантики; зміна CI workflow 
tasks.lisp	1226	blocked	cyrillic-uppercase	Список тестів з класифікацією (крок 1) як окремий документ а
tasks/pending-replay-2026-09-14-research-vertical.lisp	21	blocked	cyrillic-uppercase	Чиста машина або VM, одна canonical README/entrypoint процед
tasks/pending-replay-2026-09-14-research-vertical.lisp	22	blocked	cyrillic-uppercase	Незалежний clean run без усних підказок проходить semantic w
tasks/pending-replay-2026-09-14-research-vertical.lisp	34	blocked	latin	Rule-15 prior-art registry замість есе з пам'яті. Для Scheme
tasks/pending-replay-2026-09-14-research-vertical.lisp	35	blocked	cyrillic-uppercase	Є versioned evidence registry з усіма стартовими кандидатами
tasks/pending-replay-2026-09-14-research-vertical.lisp	47	blocked	latin	Research milestone, не просто implementation task: (перше (с
tasks/pending-replay-2026-09-14-research-vertical.lisp	48	blocked	latin	Pair layout має одне machine-readable authority; CAR/CDR/CON
tasks/pending-replay-2026-09-14-research-vertical.lisp	60	blocked	cyrillic-uppercase	До завершення prior-art survey активні тексти використовують
tasks/pending-replay-2026-09-14-research-vertical.lisp	61	blocked	latin	Active docs не мають universal uniqueness claims без evidenc
tests/fixtures/conformance.lisp	168	blocked	latin	(string-slice \"привіт\" 1 3)
tests/fixtures/conformance.lisp	168	encodes	-	\"ри\"
tests/fixtures/inventory.lisp	139	encodes	-	\"ри\"
tests/fixtures/meta-semantic-registry-witness.lisp	98	blocked	latin	(атом? (як-є x))
tests/fixtures/meta-semantic-registry-witness.lisp	112	blocked	latin	(атом? (як-є x))
tests/fixtures/meta-semantic-registry-witness.lisp	126	blocked	latin	((функція (x) x) 42)
tests/fixtures/meta-semantic-registry-witness.lisp	132	blocked	latin	(визначити registry-native-uk-answer 42)
tests/fixtures/meta-semantic-registry-witness.lisp	143	blocked	latin	((функція (x) x) 42)
tests/fixtures/meta-semantic-registry-witness.lisp	149	blocked	latin	(визначити registry-meta-uk-answer 42)
tests/fixtures/oracle-results.lisp	28	blocked	cyrillic-uppercase	Перевірте вказаний діапазон і повторіть oracle-check · Inspe
tests/fixtures/oracle-results.lisp	29	blocked	cyrillic-uppercase	Перевірте вказаний діапазон і повторіть oracle-check · Inspe
tests/fixtures/oracle-results.lisp	30	blocked	cyrillic-uppercase	Перевірте вказаний діапазон і повторіть oracle-check · Inspe
tests/fixtures/oracle-results.lisp	31	blocked	cyrillic-uppercase	Перевірте вказаний діапазон і повторіть oracle-check · Inspe
tests/fixtures/oracle-results.lisp	32	blocked	cyrillic-uppercase	Перевірте вказаний діапазон і повторіть oracle-check · Inspe
tests/fixtures/oracle-results.lisp	33	blocked	cyrillic-uppercase	Перевірте вказаний діапазон і повторіть oracle-check · Inspe
tests/fixtures/oracle-results.lisp	34	blocked	cyrillic-uppercase	Перевірте вказаний діапазон і повторіть oracle-check · Inspe
tests/fixtures/oracle-results.lisp	35	blocked	cyrillic-uppercase	Перевірте вказаний діапазон і повторіть oracle-check · Inspe
tests/fixtures/oracle-results.lisp	36	blocked	cyrillic-uppercase	Перевірте вказаний діапазон і повторіть oracle-check · Inspe
tests/fixtures/oracle-results.lisp	37	blocked	cyrillic-uppercase	Перевірте вказаний діапазон і повторіть oracle-check · Inspe
tests/fixtures/oracle-results.lisp	38	blocked	cyrillic-uppercase	Перевірте вказаний діапазон і повторіть oracle-check · Inspe
tests/fixtures/oracle-results.lisp	50	blocked	cyrillic-uppercase	Перевірте вказаний діапазон і повторіть oracle-check · Inspe
tests/fixtures/oracle-results.lisp	90	blocked	cyrillic-uppercase	Перевірте вказаний діапазон і повторіть oracle-check · Inspe
tests/fixtures/oracle-results.lisp	91	blocked	cyrillic-uppercase	Перевірте вказаний діапазон і повторіть oracle-check · Inspe
tests/fixtures/oracle-results.lisp	92	blocked	cyrillic-uppercase	Перевірте вказаний діапазон і повторіть oracle-check · Inspe
tests/fixtures/oracle-results.lisp	93	blocked	cyrillic-uppercase	Перевірте вказаний діапазон і повторіть oracle-check · Inspe
tests/fixtures/oracle-results.lisp	94	blocked	cyrillic-uppercase	Перевірте вказаний діапазон і повторіть oracle-check · Inspe
tests/fixtures/oracle-results.lisp	95	blocked	cyrillic-uppercase	Перевірте вказаний діапазон і повторіть oracle-check · Inspe
tests/fixtures/oracle-results.lisp	96	blocked	cyrillic-uppercase	Перевірте вказаний діапазон і повторіть oracle-check · Inspe
tests/fixtures/oracle-results.lisp	97	blocked	cyrillic-uppercase	Перевірте вказаний діапазон і повторіть oracle-check · Inspe
tests/fixtures/oracle-results.lisp	103	blocked	cyrillic-uppercase	Перевірте вказаний діапазон і повторіть oracle-check · Inspe
tests/fixtures/oracle-results.lisp	104	blocked	cyrillic-uppercase	Перевірте вказаний діапазон і повторіть oracle-check · Inspe
tests/fixtures/oracle-results.lisp	105	blocked	cyrillic-uppercase	Перевірте вказаний діапазон і повторіть oracle-check · Inspe
tests/fixtures/oracle-results.lisp	106	blocked	cyrillic-uppercase	Перевірте вказаний діапазон і повторіть oracle-check · Inspe
tests/fixtures/oracle-results.lisp	107	blocked	cyrillic-uppercase	Перевірте вказаний діапазон і повторіть oracle-check · Inspe
tests/fixtures/oracle-results.lisp	108	blocked	cyrillic-uppercase	Перевірте вказаний діапазон і повторіть oracle-check · Inspe
tests/fixtures/oracle-results.lisp	109	blocked	cyrillic-uppercase	Перевірте вказаний діапазон і повторіть oracle-check · Inspe
tests/fixtures/oracle-results.lisp	110	blocked	cyrillic-uppercase	Перевірте вказаний діапазон і повторіть oracle-check · Inspe
tests/fixtures/oracle-results.lisp	114	blocked	cyrillic-uppercase	Перевірте вказаний діапазон і повторіть oracle-check · Inspe
tests/fixtures/oracle-results.lisp	115	blocked	cyrillic-uppercase	Перевірте вказаний діапазон і повторіть oracle-check · Inspe
tests/fixtures/oracle-results.lisp	116	blocked	cyrillic-uppercase	Перевірте вказаний діапазон і повторіть oracle-check · Inspe
tests/fixtures/oracle-results.lisp	123	blocked	cyrillic-uppercase	Перевірте вказаний діапазон і повторіть oracle-check · Inspe
tests/fixtures/oracle-results.lisp	136	encodes	-	ри
tests/fixtures/oracle-results.lisp	144	blocked	cyrillic-uppercase	Перевірте вказаний діапазон і повторіть oracle-check · Inspe
tests/fixtures/oracle-results.lisp	145	blocked	cyrillic-uppercase	Перевірте вказаний діапазон і повторіть oracle-check · Inspe
tests/fixtures/oracle-results.lisp	146	blocked	cyrillic-uppercase	Перевірте вказаний діапазон і повторіть oracle-check · Inspe
tests/fixtures/oracle-results.lisp	147	blocked	cyrillic-uppercase	Перевірте вказаний діапазон і повторіть oracle-check · Inspe
tests/fixtures/oracle-results.lisp	148	blocked	cyrillic-uppercase	Перевірте вказаний діапазон і повторіть oracle-check · Inspe
tests/fixtures/oracle-results.lisp	149	blocked	cyrillic-uppercase	Перевірте вказаний діапазон і повторіть oracle-check · Inspe
tests/fixtures/oracle-results.lisp	150	blocked	cyrillic-uppercase	Перевірте вказаний діапазон і повторіть oracle-check · Inspe
tests/fixtures/oracle-results.lisp	165	blocked	cyrillic-uppercase	Перевірте вказаний діапазон і повторіть oracle-check · Inspe
tests/fixtures/oracle-results.lisp	166	blocked	cyrillic-uppercase	Перевірте вказаний діапазон і повторіть oracle-check · Inspe
tests/fixtures/oracle-results.lisp	173	blocked	cyrillic-uppercase	Перевірте вказаний діапазон і повторіть oracle-check · Inspe
tests/fixtures/oracle-results.lisp	174	blocked	cyrillic-uppercase	Перевірте вказаний діапазон і повторіть oracle-check · Inspe
tests/fixtures/oracle-results.lisp	175	blocked	cyrillic-uppercase	Перевірте вказаний діапазон і повторіть oracle-check · Inspe
tests/fixtures/oracle-results.lisp	176	blocked	cyrillic-uppercase	Перевірте вказаний діапазон і повторіть oracle-check · Inspe
tests/fixtures/oracle-results.lisp	177	blocked	cyrillic-uppercase	Перевірте вказаний діапазон і повторіть oracle-check · Inspe
tests/fixtures/oracle-results.lisp	184	blocked	cyrillic-uppercase	Перевірте вказаний діапазон і повторіть oracle-check · Inspe
tests/fixtures/oracle-results.lisp	185	blocked	cyrillic-uppercase	Перевірте вказаний діапазон і повторіть oracle-check · Inspe
tests/fixtures/oracle-results.lisp	186	blocked	cyrillic-uppercase	Перевірте вказаний діапазон і повторіть oracle-check · Inspe
tests/fixtures/oracle-results.lisp	224	blocked	cyrillic-uppercase	Перевірте вказаний діапазон і повторіть oracle-check · Inspe
tests/fixtures/oracle-results.lisp	225	blocked	cyrillic-uppercase	Перевірте вказаний діапазон і повторіть oracle-check · Inspe
tests/fixtures/oracle-results.lisp	228	blocked	cyrillic-uppercase	Перевірте вказаний діапазон і повторіть oracle-check · Inspe
tests/fixtures/semantic/atom-1bit-v1.lisp	20	blocked	latin	ATOM цілого — YES
tests/fixtures/semantic/atom-1bit-v1.lisp	23	blocked	cyrillic-uppercase	Ціле — не пара, тому YES.
tests/fixtures/semantic/atom-1bit-v1.lisp	29	blocked	latin	ATOM пари — NO
tests/fixtures/semantic/atom-1bit-v1.lisp	32	blocked	cyrillic-uppercase	Пара — NO; це єдина категорія, яка відповідає 0.
tests/fixtures/semantic/atom-1bit-v1.lisp	37	blocked	latin	ATOM пустого списку — YES, не третє представлення
tests/fixtures/semantic/atom-1bit-v1.lisp	40	blocked	cyrillic-uppercase	Неактивний: поточний рантайм відповідає (). Головний конфлік
tests/fixtures/semantic/atom-1bit-v1.lisp	46	blocked	latin	atom? пари — NO
tests/fixtures/semantic/atom-1bit-v1.lisp	49	blocked	cyrillic-uppercase	Сигнатурний предикат ATOMP ділиться ту саму відповідь 1 біт.
tests/fixtures/semantic/cond-2part-v1.lisp	26	blocked	latin	COND: test 1 вибирає клаузу
tests/fixtures/semantic/cond-2part-v1.lisp	29	blocked	cyrillic-uppercase	Точний біт 1 select -> значення виразу 7.
tests/fixtures/semantic/cond-2part-v1.lisp	35	blocked	latin	COND: test 0 пропускає, вичерпання дає структурне ()
tests/fixtures/semantic/cond-2part-v1.lisp	38	blocked	cyrillic-uppercase	Точний біт 0 skip -> (), де () — вичерпання, а не відповідь 
tests/fixtures/semantic/cond-2part-v1.lisp	44	blocked	latin	COND: skip 0 продовжує до наступної клаузи з 1
tests/fixtures/semantic/cond-2part-v1.lisp	47	blocked	punctuation-or-other	0 пропускається, наступний 1 вибирає 9 — не перший ненулльов
tests/fixtures/semantic/cond-2part-v1.lisp	60	blocked	latin	COND: тричастинна клауза не допускається читачем
tests/fixtures/semantic/cond-2part-v1.lisp	63	blocked	cyrillic-uppercase	Неактивний: main ще приймає 3-частинну форму. Порожній cond 
tests/fixtures/semantic/core-universal-v1.lisp	18	blocked	latin	universal: equal? 1 1 -> 1 біт
tests/fixtures/semantic/core-universal-v1.lisp	21	blocked	cyrillic-uppercase	Однакова відповідь у кожному профілі.
tests/fixtures/semantic/core-universal-v1.lisp	27	blocked	latin	universal: equal? 1 2 -> 1 біт
tests/fixtures/semantic/core-universal-v1.lisp	30	blocked	cyrillic-uppercase	Відсутність збігу теж має бути 0, а не ().
tests/fixtures/semantic/core-universal-v1.lisp	36	blocked	latin	universal: ATOM не-пара -> 1
tests/fixtures/semantic/core-universal-v1.lisp	39	blocked	cyrillic-uppercase	Спільна істина для всіх профілів.
tests/fixtures/semantic/core-universal-v1.lisp	45	blocked	latin	universal: ATOM пара -> 0
tests/fixtures/semantic/core-universal-v1.lisp	48	blocked	cyrillic-uppercase	Спільна істина для всіх профілів.
tests/fixtures/semantic/core-universal-v1.lisp	54	blocked	latin	universal: EQ той самий атом -> 1
tests/fixtures/semantic/core-universal-v1.lisp	57	blocked	cyrillic-uppercase	Спільна істина для всіх профілів.
tests/fixtures/semantic/core-universal-v1.lisp	63	blocked	latin	universal: EQ різні атоми -> 0
tests/fixtures/semantic/core-universal-v1.lisp	66	blocked	cyrillic-uppercase	Спільна істина для всіх профілів.
tests/fixtures/semantic/core-universal-v1.lisp	72	blocked	latin	universal: незакрита форма відхиляється, а не ремонтується
tests/fixtures/semantic/core-universal-v1.lisp	75	blocked	cyrillic-uppercase	Корпус є Lisp-джерелом: пошкоджене джерело відхиляється чита
tests/fixtures/semantic/eq-1bit-v1.lisp	18	blocked	latin	EQ того самого атома — YES
tests/fixtures/semantic/eq-1bit-v1.lisp	21	blocked	cyrillic-uppercase	Тот самий admitted atom -> 1 біт.
tests/fixtures/semantic/eq-1bit-v1.lisp	27	blocked	latin	EQ різних атомів — NO
tests/fixtures/semantic/eq-1bit-v1.lisp	30	blocked	cyrillic-uppercase	Різні admitted atoms -> 1 біт NO, не помилка.
tests/fixtures/semantic/eq-1bit-v1.lisp	36	blocked	latin	EQ пари — іменована помилка, не біт
tests/fixtures/semantic/eq-1bit-v1.lisp	39	blocked	cyrillic-uppercase	Пара поза admitted-діапазоном EQ: іменована помилка, а не 0 
tests/fixtures/semantic/eq-1bit-v1.lisp	45	blocked	latin	eq? того самого атома — YES
tests/fixtures/semantic/eq-1bit-v1.lisp	48	blocked	cyrillic-uppercase	Сигнатурний предикат EQP ділиться ту саму відповідь 1 біт.
tests/fixtures/semantic/eq-1bit-v1.lisp	54	blocked	latin	eq? різних атомів — NO
tests/fixtures/semantic/eq-1bit-v1.lisp	57	blocked	cyrillic-uppercase	Той самий закон, що й для answer-eq.
tests/fixtures/semantic/predicate-1bit-v1.lisp	19	blocked	latin	equal? 1 1 — точно один біт YES
tests/fixtures/semantic/predicate-1bit-v1.lisp	22	blocked	cyrillic-uppercase	Відповідь предиката — один біт YES; не () і не T.
tests/fixtures/semantic/predicate-1bit-v1.lisp	28	blocked	latin	equal? 1 2 — точно один біт NO
tests/fixtures/semantic/predicate-1bit-v1.lisp	31	blocked	cyrillic-uppercase	Відповідь предиката — один біт NO; не () і не T.
tests/fixtures/semantic/predicate-1bit-v1.lisp	37	blocked	latin	ATOM не-пара — один біт YES
tests/fixtures/semantic/predicate-1bit-v1.lisp	40	blocked	cyrillic-uppercase	Будь-який не-структурний аргумент відповідає YES.
tests/fixtures/semantic/predicate-1bit-v1.lisp	46	blocked	latin	ATOM пара — один біт NO
tests/fixtures/semantic/predicate-1bit-v1.lisp	49	blocked	cyrillic-uppercase	Пара відповідає NO; третє представлення тут неможливе.
tests/fixtures/semantic/predicate-1bit-v1.lisp	61	blocked	latin	ATOM пустого списку — один біт YES, а не третє представлення
tests/fixtures/semantic/predicate-1bit-v1.lisp	64	blocked	cyrillic-uppercase	Поки неактивний: main відповідає (). Це і є четвертий тип, я
