proposal_id	surface_uk	surface_ukr	semantic_name	semantic_law	width	donor_provenance	dedup_check	ownership_test	blocked_source	status	ratified
D10P-0001	clips-deftemplate-form?	clips-deftemplate-form?	clips-deftemplate-form?	імпортує/оперує CLIPS-семантикою	D10	juv4uk/sens@7fd5a01f86fc33e7651de7880a8fda434629354a:lib/clips-import.lisp:121	D1-D9@main=NO-MATCH;D10@main=NO-MATCH (checked vs 2083)	UNIVERSAL-BORDER: мова-незалежна семантика знань/виводу, не host/IO	juv4uk/sens@7fd5a01f86fc33e7651de7880a8fda434629354a:lib/clips-import.lisp:121	pending-review	0
D10P-0002	clips-string-empty?	clips-string-empty?	clips-string-empty?	імпортує/оперує CLIPS-семантикою	D10	juv4uk/sens@7fd5a01f86fc33e7651de7880a8fda434629354a:lib/clips-import.lisp:158	D1-D9@main=NO-MATCH;D10@main=NO-MATCH (checked vs 2083)	UNIVERSAL-BORDER: мова-незалежна семантика знань/виводу, не host/IO	juv4uk/sens@7fd5a01f86fc33e7651de7880a8fda434629354a:lib/clips-import.lisp:158	pending-review	0
D10P-0003	clips-string-starts-with-double-colon?	clips-string-starts-with-double-colon?	clips-string-starts-with-double-colon?	імпортує/оперує CLIPS-семантикою	D10	juv4uk/sens@7fd5a01f86fc33e7651de7880a8fda434629354a:lib/clips-import.lisp:160	D1-D9@main=NO-MATCH;D10@main=NO-MATCH (checked vs 2083)	UNIVERSAL-BORDER: мова-незалежна семантика знань/виводу, не host/IO	juv4uk/sens@7fd5a01f86fc33e7651de7880a8fda434629354a:lib/clips-import.lisp:160	pending-review	0
D10P-0004	clips-string-after-last-double-colon	clips-string-after-last-double-colon	clips-string-after-last-double-colon	імпортує/оперує CLIPS-семантикою	D10	juv4uk/sens@7fd5a01f86fc33e7651de7880a8fda434629354a:lib/clips-import.lisp:168	D1-D9@main=NO-MATCH;D10@main=NO-MATCH (checked vs 2083)	UNIVERSAL-BORDER: мова-незалежна семантика знань/виводу, не host/IO	juv4uk/sens@7fd5a01f86fc33e7651de7880a8fda434629354a:lib/clips-import.lisp:168	pending-review	0
D10P-0005	clips-deftemplate-name	clips-deftemplate-name	clips-deftemplate-name	імпортує/оперує CLIPS-семантикою	D10	juv4uk/sens@7fd5a01f86fc33e7651de7880a8fda434629354a:lib/clips-import.lisp:189	D1-D9@main=NO-MATCH;D10@main=NO-MATCH (checked vs 2083)	UNIVERSAL-BORDER: мова-незалежна семантика знань/виводу, не host/IO	juv4uk/sens@7fd5a01f86fc33e7651de7880a8fda434629354a:lib/clips-import.lisp:189	pending-review	0
D10P-0006	clips-slot-name	clips-slot-name	clips-slot-name	імпортує/оперує CLIPS-семантикою	D10	juv4uk/sens@7fd5a01f86fc33e7651de7880a8fda434629354a:lib/clips-import.lisp:191	D1-D9@main=NO-MATCH;D10@main=NO-MATCH (checked vs 2083)	UNIVERSAL-BORDER: мова-незалежна семантика знань/виводу, не host/IO	juv4uk/sens@7fd5a01f86fc33e7651de7880a8fda434629354a:lib/clips-import.lisp:191	pending-review	0
D10P-0007	clips-slot-names	clips-slot-names	clips-slot-names	імпортує/оперує CLIPS-семантикою	D10	juv4uk/sens@7fd5a01f86fc33e7651de7880a8fda434629354a:lib/clips-import.lisp:193	D1-D9@main=NO-MATCH;D10@main=NO-MATCH (checked vs 2083)	UNIVERSAL-BORDER: мова-незалежна семантика знань/виводу, не host/IO	juv4uk/sens@7fd5a01f86fc33e7651de7880a8fda434629354a:lib/clips-import.lisp:193	pending-review	0
D10P-0008	clips-deftemplate-slots	clips-deftemplate-slots	clips-deftemplate-slots	імпортує/оперує CLIPS-семантикою	D10	juv4uk/sens@7fd5a01f86fc33e7651de7880a8fda434629354a:lib/clips-import.lisp:200	D1-D9@main=NO-MATCH;D10@main=NO-MATCH (checked vs 2083)	UNIVERSAL-BORDER: мова-незалежна семантика знань/виводу, не host/IO	juv4uk/sens@7fd5a01f86fc33e7651de7880a8fda434629354a:lib/clips-import.lisp:200	pending-review	0
D10P-0009	clips-templates-from-forms	clips-templates-from-forms	clips-templates-from-forms	імпортує/оперує CLIPS-семантикою	D10	juv4uk/sens@7fd5a01f86fc33e7651de7880a8fda434629354a:lib/clips-import.lisp:204	D1-D9@main=NO-MATCH;D10@main=NO-MATCH (checked vs 2083)	UNIVERSAL-BORDER: мова-незалежна семантика знань/виводу, не host/IO	juv4uk/sens@7fd5a01f86fc33e7651de7880a8fda434629354a:lib/clips-import.lisp:204	pending-review	0
D10P-0010	clips-template-slot-order	clips-template-slot-order	clips-template-slot-order	імпортує/оперує CLIPS-семантикою	D10	juv4uk/sens@7fd5a01f86fc33e7651de7880a8fda434629354a:lib/clips-import.lisp:214	D1-D9@main=NO-MATCH;D10@main=NO-MATCH (checked vs 2083)	UNIVERSAL-BORDER: мова-незалежна семантика знань/виводу, не host/IO	juv4uk/sens@7fd5a01f86fc33e7651de7880a8fda434629354a:lib/clips-import.lisp:214	pending-review	0
D10P-0011	clips-slot-value-of	clips-slot-value-of	clips-slot-value-of	імпортує/оперує CLIPS-семантикою	D10	juv4uk/sens@7fd5a01f86fc33e7651de7880a8fda434629354a:lib/clips-import.lisp:248	D1-D9@main=NO-MATCH;D10@main=NO-MATCH (checked vs 2083)	UNIVERSAL-BORDER: мова-незалежна семантика знань/виводу, не host/IO	juv4uk/sens@7fd5a01f86fc33e7651de7880a8fda434629354a:lib/clips-import.lisp:248	pending-review	0
D10P-0012	clips-convert-template	clips-convert-template	clips-convert-template	імпортує/оперує CLIPS-семантикою	D10	juv4uk/sens@7fd5a01f86fc33e7651de7880a8fda434629354a:lib/clips-import.lisp:314	D1-D9@main=NO-MATCH;D10@main=NO-MATCH (checked vs 2083)	UNIVERSAL-BORDER: мова-незалежна семантика знань/виводу, не host/IO	juv4uk/sens@7fd5a01f86fc33e7651de7880a8fda434629354a:lib/clips-import.lisp:314	pending-review	0
D10P-0013	clips-convert-template-list	clips-convert-template-list	clips-convert-template-list	імпортує/оперує CLIPS-семантикою	D10	juv4uk/sens@7fd5a01f86fc33e7651de7880a8fda434629354a:lib/clips-import.lisp:343	D1-D9@main=NO-MATCH;D10@main=NO-MATCH (checked vs 2083)	UNIVERSAL-BORDER: мова-незалежна семантика знань/виводу, не host/IO	juv4uk/sens@7fd5a01f86fc33e7651de7880a8fda434629354a:lib/clips-import.lisp:343	pending-review	0
D10P-0014	clips-fact-clause	clips-fact-clause	clips-fact-clause	імпортує/оперує CLIPS-семантикою	D10	juv4uk/sens@7fd5a01f86fc33e7651de7880a8fda434629354a:lib/clips-import.lisp:351	D1-D9@main=NO-MATCH;D10@main=NO-MATCH (checked vs 2083)	UNIVERSAL-BORDER: мова-незалежна семантика знань/виводу, не host/IO	juv4uk/sens@7fd5a01f86fc33e7651de7880a8fda434629354a:lib/clips-import.lisp:351	pending-review	0
D10P-0015	clips-facts->clauses-onto	clips-facts->clauses-onto	clips-facts->clauses-onto	імпортує/оперує CLIPS-семантикою	D10	juv4uk/sens@7fd5a01f86fc33e7651de7880a8fda434629354a:lib/clips-import.lisp:372	D1-D9@main=NO-MATCH;D10@main=NO-MATCH (checked vs 2083)	UNIVERSAL-BORDER: мова-незалежна семантика знань/виводу, не host/IO	juv4uk/sens@7fd5a01f86fc33e7651de7880a8fda434629354a:lib/clips-import.lisp:372	pending-review	0
D10P-0016	facts	facts	facts	поведінка визначена джерелом facts	D10	juv4uk/sens@7fd5a01f86fc33e7651de7880a8fda434629354a:lib/clips-import.lisp:378	D1-D9@main=NO-MATCH;D10@main=NO-MATCH (checked vs 2083)	UNIVERSAL-BORDER: мова-незалежна семантика знань/виводу, не host/IO	juv4uk/sens@7fd5a01f86fc33e7651de7880a8fda434629354a:lib/clips-import.lisp:378	pending-review	0
D10P-0017	clips-facts->clauses	clips-facts->clauses	clips-facts->clauses	імпортує/оперує CLIPS-семантикою	D10	juv4uk/sens@7fd5a01f86fc33e7651de7880a8fda434629354a:lib/clips-import.lisp:381	D1-D9@main=NO-MATCH;D10@main=NO-MATCH (checked vs 2083)	UNIVERSAL-BORDER: мова-незалежна семантика знань/виводу, не host/IO	juv4uk/sens@7fd5a01f86fc33e7651de7880a8fda434629354a:lib/clips-import.lisp:381	pending-review	0
D10P-0018	clips-deffacts->clauses	clips-deffacts->clauses	clips-deffacts->clauses	імпортує/оперує CLIPS-семантикою	D10	juv4uk/sens@7fd5a01f86fc33e7651de7880a8fda434629354a:lib/clips-import.lisp:387	D1-D9@main=NO-MATCH;D10@main=NO-MATCH (checked vs 2083)	UNIVERSAL-BORDER: мова-незалежна семантика знань/виводу, не host/IO	juv4uk/sens@7fd5a01f86fc33e7651de7880a8fda434629354a:lib/clips-import.lisp:387	pending-review	0
D10P-0019	clips-var?	clips-var?	clips-var?	імпортує/оперує CLIPS-семантикою	D10	juv4uk/sens@7fd5a01f86fc33e7651de7880a8fda434629354a:lib/clips-import.lisp:444	D1-D9@main=NO-MATCH;D10@main=NO-MATCH (checked vs 2083)	UNIVERSAL-BORDER: мова-незалежна семантика знань/виводу, не host/IO	juv4uk/sens@7fd5a01f86fc33e7651de7880a8fda434629354a:lib/clips-import.lisp:444	pending-review	0
D10P-0020	clips-symbol-starts-with-?	clips-symbol-starts-with-?	clips-symbol-starts-with-?	імпортує/оперує CLIPS-семантикою	D10	juv4uk/sens@7fd5a01f86fc33e7651de7880a8fda434629354a:lib/clips-import.lisp:455	D1-D9@main=NO-MATCH;D10@main=NO-MATCH (checked vs 2083)	UNIVERSAL-BORDER: мова-незалежна семантика знань/виводу, не host/IO	juv4uk/sens@7fd5a01f86fc33e7651de7880a8fda434629354a:lib/clips-import.lisp:455	pending-review	0
D10P-0021	clips-var-term	clips-var-term	clips-var-term	імпортує/оперує CLIPS-семантикою	D10	juv4uk/sens@7fd5a01f86fc33e7651de7880a8fda434629354a:lib/clips-import.lisp:459	D1-D9@main=NO-MATCH;D10@main=NO-MATCH (checked vs 2083)	UNIVERSAL-BORDER: мова-незалежна семантика знань/виводу, не host/IO	juv4uk/sens@7fd5a01f86fc33e7651de7880a8fda434629354a:lib/clips-import.lisp:459	pending-review	0
D10P-0022	clips-convert-vars	clips-convert-vars	clips-convert-vars	імпортує/оперує CLIPS-семантикою	D10	juv4uk/sens@7fd5a01f86fc33e7651de7880a8fda434629354a:lib/clips-import.lisp:465	D1-D9@main=NO-MATCH;D10@main=NO-MATCH (checked vs 2083)	UNIVERSAL-BORDER: мова-незалежна семантика знань/виводу, не host/IO	juv4uk/sens@7fd5a01f86fc33e7651de7880a8fda434629354a:lib/clips-import.lisp:465	pending-review	0
D10P-0023	clips-defrule->clauses	clips-defrule->clauses	clips-defrule->clauses	імпортує/оперує CLIPS-семантикою	D10	juv4uk/sens@7fd5a01f86fc33e7651de7880a8fda434629354a:lib/clips-import.lisp:815	D1-D9@main=NO-MATCH;D10@main=NO-MATCH (checked vs 2083)	UNIVERSAL-BORDER: мова-незалежна семантика знань/виводу, не host/IO	juv4uk/sens@7fd5a01f86fc33e7651de7880a8fda434629354a:lib/clips-import.lisp:815	pending-review	0
D10P-0024	clips-form->clauses	clips-form->clauses	clips-form->clauses	імпортує/оперує CLIPS-семантикою	D10	juv4uk/sens@7fd5a01f86fc33e7651de7880a8fda434629354a:lib/clips-import.lisp:832	D1-D9@main=NO-MATCH;D10@main=NO-MATCH (checked vs 2083)	UNIVERSAL-BORDER: мова-незалежна семантика знань/виводу, не host/IO	juv4uk/sens@7fd5a01f86fc33e7651de7880a8fda434629354a:lib/clips-import.lisp:832	pending-review	0
D10P-0025	clips-cons-each-onto	clips-cons-each-onto	clips-cons-each-onto	імпортує/оперує CLIPS-семантикою	D10	juv4uk/sens@7fd5a01f86fc33e7651de7880a8fda434629354a:lib/clips-import.lisp:871	D1-D9@main=NO-MATCH;D10@main=NO-MATCH (checked vs 2083)	UNIVERSAL-BORDER: мова-незалежна семантика знань/виводу, не host/IO	juv4uk/sens@7fd5a01f86fc33e7651de7880a8fda434629354a:lib/clips-import.lisp:871	pending-review	0
D10P-0026	clips-import-forms-onto	clips-import-forms-onto	clips-import-forms-onto	імпортує/оперує CLIPS-семантикою	D10	juv4uk/sens@7fd5a01f86fc33e7651de7880a8fda434629354a:lib/clips-import.lisp:878	D1-D9@main=NO-MATCH;D10@main=NO-MATCH (checked vs 2083)	UNIVERSAL-BORDER: мова-незалежна семантика знань/виводу, не host/IO	juv4uk/sens@7fd5a01f86fc33e7651de7880a8fda434629354a:lib/clips-import.lisp:878	pending-review	0
D10P-0027	forms	forms	forms	поведінка визначена джерелом forms	D10	juv4uk/sens@7fd5a01f86fc33e7651de7880a8fda434629354a:lib/clips-import.lisp:884	D1-D9@main=NO-MATCH;D10@main=NO-MATCH (checked vs 2083)	UNIVERSAL-BORDER: мова-незалежна семантика знань/виводу, не host/IO	juv4uk/sens@7fd5a01f86fc33e7651de7880a8fda434629354a:lib/clips-import.lisp:884	pending-review	0
D10P-0028	clips-import-forms	clips-import-forms	clips-import-forms	імпортує/оперує CLIPS-семантикою	D10	juv4uk/sens@7fd5a01f86fc33e7651de7880a8fda434629354a:lib/clips-import.lisp:887	D1-D9@main=NO-MATCH;D10@main=NO-MATCH (checked vs 2083)	UNIVERSAL-BORDER: мова-незалежна семантика знань/виводу, не host/IO	juv4uk/sens@7fd5a01f86fc33e7651de7880a8fda434629354a:lib/clips-import.lisp:887	pending-review	0
D10P-0029	clips-import	clips-import	clips-import	імпортує/оперує CLIPS-семантикою	D10	juv4uk/sens@7fd5a01f86fc33e7651de7880a8fda434629354a:lib/clips-import.lisp:891	D1-D9@main=NO-MATCH;D10@main=NO-MATCH (checked vs 2083)	UNIVERSAL-BORDER: мова-незалежна семантика знань/виводу, не host/IO	juv4uk/sens@7fd5a01f86fc33e7651de7880a8fda434629354a:lib/clips-import.lisp:891	pending-review	0
D10P-0030	clips-import-file	clips-import-file	clips-import-file	імпортує/оперує CLIPS-семантикою	D10	juv4uk/sens@7fd5a01f86fc33e7651de7880a8fda434629354a:lib/clips-import.lisp:915	D1-D9@main=NO-MATCH;D10@main=NO-MATCH (checked vs 2083)	UNIVERSAL-BORDER: мова-незалежна семантика знань/виводу, не host/IO	juv4uk/sens@7fd5a01f86fc33e7651de7880a8fda434629354a:lib/clips-import.lisp:915	pending-review	0
D10P-0031	assert-fact!	assert-fact!	assert-fact!	додає твердження у базу знань	D10	juv4uk/sens@3335d09015cb8c96d4e2ed96f8d1339b4eb4f984:lib/forward.lisp:62	D1-D9@main=NO-MATCH;D10@main=NO-MATCH (checked vs 2083)	UNIVERSAL-BORDER: мова-незалежна семантика знань/виводу, не host/IO	juv4uk/sens@3335d09015cb8c96d4e2ed96f8d1339b4eb4f984:lib/forward.lisp:62	pending-review	0
D10P-0032	fire-rule	fire-rule	fire-rule	запускає правило проти фактів	D10	juv4uk/sens@3335d09015cb8c96d4e2ed96f8d1339b4eb4f984:lib/forward.lisp:70	D1-D9@main=NO-MATCH;D10@main=NO-MATCH (checked vs 2083)	UNIVERSAL-BORDER: мова-незалежна семантика знань/виводу, не host/IO	juv4uk/sens@3335d09015cb8c96d4e2ed96f8d1339b4eb4f984:lib/forward.lisp:70	pending-review	0
D10P-0033	fire-rule-on-facts	fire-rule-on-facts	fire-rule-on-facts	запускає правило проти фактів	D10	juv4uk/sens@3335d09015cb8c96d4e2ed96f8d1339b4eb4f984:lib/forward.lisp:107	D1-D9@main=NO-MATCH;D10@main=NO-MATCH (checked vs 2083)	UNIVERSAL-BORDER: мова-незалежна семантика знань/виводу, не host/IO	juv4uk/sens@3335d09015cb8c96d4e2ed96f8d1339b4eb4f984:lib/forward.lisp:107	pending-review	0
D10P-0034	fire-rule-on-working-memory	fire-rule-on-working-memory	fire-rule-on-working-memory	запускає правило проти фактів	D10	juv4uk/sens@3335d09015cb8c96d4e2ed96f8d1339b4eb4f984:lib/forward.lisp:124	D1-D9@main=NO-MATCH;D10@main=NO-MATCH (checked vs 2083)	UNIVERSAL-BORDER: мова-незалежна семантика знань/виводу, не host/IO	juv4uk/sens@3335d09015cb8c96d4e2ed96f8d1339b4eb4f984:lib/forward.lisp:124	pending-review	0
D10P-0035	fire-rules-on-facts	fire-rules-on-facts	fire-rules-on-facts	запускає правило проти фактів	D10	juv4uk/sens@3335d09015cb8c96d4e2ed96f8d1339b4eb4f984:lib/forward.lisp:146	D1-D9@main=NO-MATCH;D10@main=NO-MATCH (checked vs 2083)	UNIVERSAL-BORDER: мова-незалежна семантика знань/виводу, не host/IO	juv4uk/sens@3335d09015cb8c96d4e2ed96f8d1339b4eb4f984:lib/forward.lisp:146	pending-review	0
D10P-0036	fire-rules-on-working-memory	fire-rules-on-working-memory	fire-rules-on-working-memory	запускає правило проти фактів	D10	juv4uk/sens@3335d09015cb8c96d4e2ed96f8d1339b4eb4f984:lib/forward.lisp:154	D1-D9@main=NO-MATCH;D10@main=NO-MATCH (checked vs 2083)	UNIVERSAL-BORDER: мова-незалежна семантика знань/виводу, не host/IO	juv4uk/sens@3335d09015cb8c96d4e2ed96f8d1339b4eb4f984:lib/forward.lisp:154	pending-review	0
D10P-0037	append-new	append-new	append-new	поведінка визначена джерелом append-new	D10	juv4uk/sens@3335d09015cb8c96d4e2ed96f8d1339b4eb4f984:lib/forward.lisp:198	D1-D9@main=NO-MATCH;D10@main=NO-MATCH (checked vs 2083)	UNIVERSAL-BORDER: мова-незалежна семантика знань/виводу, не host/IO	juv4uk/sens@3335d09015cb8c96d4e2ed96f8d1339b4eb4f984:lib/forward.lisp:198	pending-review	0
D10P-0038	run	run	run	поведінка визначена джерелом run	D10	juv4uk/sens@3335d09015cb8c96d4e2ed96f8d1339b4eb4f984:lib/forward.lisp:206	D1-D9@main=NO-MATCH;D10@main=NO-MATCH (checked vs 2083)	UNIVERSAL-BORDER: мова-незалежна семантика знань/виводу, не host/IO	juv4uk/sens@3335d09015cb8c96d4e2ed96f8d1339b4eb4f984:lib/forward.lisp:206	pending-review	0
D10P-0039	assert-facts!	assert-facts!	assert-facts!	додає твердження у базу знань	D10	juv4uk/sens@3335d09015cb8c96d4e2ed96f8d1339b4eb4f984:lib/forward.lisp:213	D1-D9@main=NO-MATCH;D10@main=NO-MATCH (checked vs 2083)	UNIVERSAL-BORDER: мова-незалежна семантика знань/виводу, не host/IO	juv4uk/sens@3335d09015cb8c96d4e2ed96f8d1339b4eb4f984:lib/forward.lisp:213	pending-review	0
D10P-0040	retract-fact	retract-fact	retract-fact	відкликає твердження з бази знань	D10	juv4uk/sens@3335d09015cb8c96d4e2ed96f8d1339b4eb4f984:lib/forward.lisp:246	D1-D9@main=NO-MATCH;D10@main=NO-MATCH (checked vs 2083)	UNIVERSAL-BORDER: мова-незалежна семантика знань/виводу, не host/IO	juv4uk/sens@3335d09015cb8c96d4e2ed96f8d1339b4eb4f984:lib/forward.lisp:246	pending-review	0
D10P-0041	retract-fact!	retract-fact!	retract-fact!	відкликає твердження з бази знань	D10	juv4uk/sens@3335d09015cb8c96d4e2ed96f8d1339b4eb4f984:lib/forward.lisp:254	D1-D9@main=NO-MATCH;D10@main=NO-MATCH (checked vs 2083)	UNIVERSAL-BORDER: мова-незалежна семантика знань/виводу, не host/IO	juv4uk/sens@3335d09015cb8c96d4e2ed96f8d1339b4eb4f984:lib/forward.lisp:254	pending-review	0
D10P-0042	make-justified	make-justified	make-justified	конструює значення	D10	juv4uk/sens@3335d09015cb8c96d4e2ed96f8d1339b4eb4f984:lib/forward.lisp:316	D1-D9@main=NO-MATCH;D10@main=NO-MATCH (checked vs 2083)	UNIVERSAL-BORDER: мова-незалежна семантика знань/виводу, не host/IO	juv4uk/sens@3335d09015cb8c96d4e2ed96f8d1339b4eb4f984:lib/forward.lisp:316	pending-review	0
D10P-0043	fact	fact	fact	поведінка визначена джерелом fact	D10	juv4uk/sens@3335d09015cb8c96d4e2ed96f8d1339b4eb4f984:lib/forward.lisp:318	D1-D9@main=NO-MATCH;D10@main=NO-MATCH (checked vs 2083)	UNIVERSAL-BORDER: мова-незалежна семантика знань/виводу, не host/IO	juv4uk/sens@3335d09015cb8c96d4e2ed96f8d1339b4eb4f984:lib/forward.lisp:318	pending-review	0
D10P-0044	fact-of	fact-of	fact-of	поведінка визначена джерелом fact-of	D10	juv4uk/sens@3335d09015cb8c96d4e2ed96f8d1339b4eb4f984:lib/forward.lisp:320	D1-D9@main=NO-MATCH;D10@main=NO-MATCH (checked vs 2083)	UNIVERSAL-BORDER: мова-незалежна семантика знань/виводу, не host/IO	juv4uk/sens@3335d09015cb8c96d4e2ed96f8d1339b4eb4f984:lib/forward.lisp:320	pending-review	0
D10P-0045	supports-of	supports-of	supports-of	поведінка визначена джерелом supports-of	D10	juv4uk/sens@3335d09015cb8c96d4e2ed96f8d1339b4eb4f984:lib/forward.lisp:321	D1-D9@main=NO-MATCH;D10@main=NO-MATCH (checked vs 2083)	UNIVERSAL-BORDER: мова-незалежна семантика знань/виводу, не host/IO	juv4uk/sens@3335d09015cb8c96d4e2ed96f8d1339b4eb4f984:lib/forward.lisp:321	pending-review	0
D10P-0046	axiom	axiom	axiom	поведінка визначена джерелом axiom	D10	juv4uk/sens@3335d09015cb8c96d4e2ed96f8d1339b4eb4f984:lib/forward.lisp:322	D1-D9@main=NO-MATCH;D10@main=NO-MATCH (checked vs 2083)	UNIVERSAL-BORDER: мова-незалежна семантика знань/виводу, не host/IO	juv4uk/sens@3335d09015cb8c96d4e2ed96f8d1339b4eb4f984:lib/forward.lisp:322	pending-review	0
D10P-0047	map-fact-of	map-fact-of	map-fact-of	поведінка визначена джерелом map-fact-of	D10	juv4uk/sens@3335d09015cb8c96d4e2ed96f8d1339b4eb4f984:lib/forward.lisp:324	D1-D9@main=NO-MATCH;D10@main=NO-MATCH (checked vs 2083)	UNIVERSAL-BORDER: мова-незалежна семантика знань/виводу, не host/IO	juv4uk/sens@3335d09015cb8c96d4e2ed96f8d1339b4eb4f984:lib/forward.lisp:324	pending-review	0
D10P-0048	fire-rule-tms	fire-rule-tms	fire-rule-tms	запускає правило проти фактів	D10	juv4uk/sens@3335d09015cb8c96d4e2ed96f8d1339b4eb4f984:lib/forward.lisp:333	D1-D9@main=NO-MATCH;D10@main=NO-MATCH (checked vs 2083)	UNIVERSAL-BORDER: мова-незалежна семантика знань/виводу, не host/IO	juv4uk/sens@3335d09015cb8c96d4e2ed96f8d1339b4eb4f984:lib/forward.lisp:333	pending-review	0
D10P-0049	fire-rule-on-facts-tms	fire-rule-on-facts-tms	fire-rule-on-facts-tms	запускає правило проти фактів	D10	juv4uk/sens@3335d09015cb8c96d4e2ed96f8d1339b4eb4f984:lib/forward.lisp:345	D1-D9@main=NO-MATCH;D10@main=NO-MATCH (checked vs 2083)	UNIVERSAL-BORDER: мова-незалежна семантика знань/виводу, не host/IO	juv4uk/sens@3335d09015cb8c96d4e2ed96f8d1339b4eb4f984:lib/forward.lisp:345	pending-review	0
D10P-0050	fire-rules-on-facts-tms	fire-rules-on-facts-tms	fire-rules-on-facts-tms	запускає правило проти фактів	D10	juv4uk/sens@3335d09015cb8c96d4e2ed96f8d1339b4eb4f984:lib/forward.lisp:356	D1-D9@main=NO-MATCH;D10@main=NO-MATCH (checked vs 2083)	UNIVERSAL-BORDER: мова-незалежна семантика знань/виводу, не host/IO	juv4uk/sens@3335d09015cb8c96d4e2ed96f8d1339b4eb4f984:lib/forward.lisp:356	pending-review	0
D10P-0051	justified-member?	justified-member?	justified-member?	поведінка визначена джерелом justified-member?	D10	juv4uk/sens@3335d09015cb8c96d4e2ed96f8d1339b4eb4f984:lib/forward.lisp:364	D1-D9@main=NO-MATCH;D10@main=NO-MATCH (checked vs 2083)	UNIVERSAL-BORDER: мова-незалежна семантика знань/виводу, не host/IO	juv4uk/sens@3335d09015cb8c96d4e2ed96f8d1339b4eb4f984:lib/forward.lisp:364	pending-review	0
D10P-0052	add-new-justified	add-new-justified	add-new-justified	поведінка визначена джерелом add-new-justified	D10	juv4uk/sens@3335d09015cb8c96d4e2ed96f8d1339b4eb4f984:lib/forward.lisp:372	D1-D9@main=NO-MATCH;D10@main=NO-MATCH (checked vs 2083)	UNIVERSAL-BORDER: мова-незалежна семантика знань/виводу, не host/IO	juv4uk/sens@3335d09015cb8c96d4e2ed96f8d1339b4eb4f984:lib/forward.lisp:372	pending-review	0
D10P-0053	run-tms	run-tms	run-tms	поведінка визначена джерелом run-tms	D10	juv4uk/sens@3335d09015cb8c96d4e2ed96f8d1339b4eb4f984:lib/forward.lisp:382	D1-D9@main=NO-MATCH;D10@main=NO-MATCH (checked vs 2083)	UNIVERSAL-BORDER: мова-незалежна семантика знань/виводу, не host/IO	juv4uk/sens@3335d09015cb8c96d4e2ed96f8d1339b4eb4f984:lib/forward.lisp:382	pending-review	0
D10P-0054	assert-fact-tms!	assert-fact-tms!	assert-fact-tms!	додає твердження у базу знань	D10	juv4uk/sens@3335d09015cb8c96d4e2ed96f8d1339b4eb4f984:lib/forward.lisp:392	D1-D9@main=NO-MATCH;D10@main=NO-MATCH (checked vs 2083)	UNIVERSAL-BORDER: мова-незалежна семантика знань/виводу, не host/IO	juv4uk/sens@3335d09015cb8c96d4e2ed96f8d1339b4eb4f984:lib/forward.lisp:392	pending-review	0
D10P-0055	run-tms!	run-tms!	run-tms!	поведінка визначена джерелом run-tms!	D10	juv4uk/sens@3335d09015cb8c96d4e2ed96f8d1339b4eb4f984:lib/forward.lisp:395	D1-D9@main=NO-MATCH;D10@main=NO-MATCH (checked vs 2083)	UNIVERSAL-BORDER: мова-незалежна семантика знань/виводу, не host/IO	juv4uk/sens@3335d09015cb8c96d4e2ed96f8d1339b4eb4f984:lib/forward.lisp:395	pending-review	0
D10P-0056	remove-justified	remove-justified	remove-justified	поведінка визначена джерелом remove-justified	D10	juv4uk/sens@3335d09015cb8c96d4e2ed96f8d1339b4eb4f984:lib/forward.lisp:398	D1-D9@main=NO-MATCH;D10@main=NO-MATCH (checked vs 2083)	UNIVERSAL-BORDER: мова-незалежна семантика знань/виводу, не host/IO	juv4uk/sens@3335d09015cb8c96d4e2ed96f8d1339b4eb4f984:lib/forward.lisp:398	pending-review	0
D10P-0057	dependents-of	dependents-of	dependents-of	поведінка визначена джерелом dependents-of	D10	juv4uk/sens@3335d09015cb8c96d4e2ed96f8d1339b4eb4f984:lib/forward.lisp:406	D1-D9@main=NO-MATCH;D10@main=NO-MATCH (checked vs 2083)	UNIVERSAL-BORDER: мова-незалежна семантика знань/виводу, не host/IO	juv4uk/sens@3335d09015cb8c96d4e2ed96f8d1339b4eb4f984:lib/forward.lisp:406	pending-review	0
D10P-0058	retract-fact-tms	retract-fact-tms	retract-fact-tms	відкликає твердження з бази знань	D10	juv4uk/sens@3335d09015cb8c96d4e2ed96f8d1339b4eb4f984:lib/forward.lisp:417	D1-D9@main=NO-MATCH;D10@main=NO-MATCH (checked vs 2083)	UNIVERSAL-BORDER: мова-незалежна семантика знань/виводу, не host/IO	juv4uk/sens@3335d09015cb8c96d4e2ed96f8d1339b4eb4f984:lib/forward.lisp:417	pending-review	0
D10P-0059	retract-facts-tms	retract-facts-tms	retract-facts-tms	відкликає твердження з бази знань	D10	juv4uk/sens@3335d09015cb8c96d4e2ed96f8d1339b4eb4f984:lib/forward.lisp:421	D1-D9@main=NO-MATCH;D10@main=NO-MATCH (checked vs 2083)	UNIVERSAL-BORDER: мова-незалежна семантика знань/виводу, не host/IO	juv4uk/sens@3335d09015cb8c96d4e2ed96f8d1339b4eb4f984:lib/forward.lisp:421	pending-review	0
D10P-0060	retract-fact-tms!	retract-fact-tms!	retract-fact-tms!	відкликає твердження з бази знань	D10	juv4uk/sens@3335d09015cb8c96d4e2ed96f8d1339b4eb4f984:lib/forward.lisp:428	D1-D9@main=NO-MATCH;D10@main=NO-MATCH (checked vs 2083)	UNIVERSAL-BORDER: мова-незалежна семантика знань/виводу, не host/IO	juv4uk/sens@3335d09015cb8c96d4e2ed96f8d1339b4eb4f984:lib/forward.lisp:428	pending-review	0
D10P-0061	justifications-of	justifications-of	justifications-of	поведінка визначена джерелом justifications-of	D10	juv4uk/sens@3335d09015cb8c96d4e2ed96f8d1339b4eb4f984:lib/forward.lisp:479	D1-D9@main=NO-MATCH;D10@main=NO-MATCH (checked vs 2083)	UNIVERSAL-BORDER: мова-незалежна семантика знань/виводу, не host/IO	juv4uk/sens@3335d09015cb8c96d4e2ed96f8d1339b4eb4f984:lib/forward.lisp:479	pending-review	0
D10P-0062	fire-rule-jtms	fire-rule-jtms	fire-rule-jtms	запускає правило проти фактів	D10	juv4uk/sens@3335d09015cb8c96d4e2ed96f8d1339b4eb4f984:lib/forward.lisp:481	D1-D9@main=NO-MATCH;D10@main=NO-MATCH (checked vs 2083)	UNIVERSAL-BORDER: мова-незалежна семантика знань/виводу, не host/IO	juv4uk/sens@3335d09015cb8c96d4e2ed96f8d1339b4eb4f984:lib/forward.lisp:481	pending-review	0
D10P-0063	fire-rule-on-facts-jtms	fire-rule-on-facts-jtms	fire-rule-on-facts-jtms	запускає правило проти фактів	D10	juv4uk/sens@3335d09015cb8c96d4e2ed96f8d1339b4eb4f984:lib/forward.lisp:493	D1-D9@main=NO-MATCH;D10@main=NO-MATCH (checked vs 2083)	UNIVERSAL-BORDER: мова-незалежна семантика знань/виводу, не host/IO	juv4uk/sens@3335d09015cb8c96d4e2ed96f8d1339b4eb4f984:lib/forward.lisp:493	pending-review	0
D10P-0064	fire-rules-on-facts-jtms	fire-rules-on-facts-jtms	fire-rules-on-facts-jtms	запускає правило проти фактів	D10	juv4uk/sens@3335d09015cb8c96d4e2ed96f8d1339b4eb4f984:lib/forward.lisp:504	D1-D9@main=NO-MATCH;D10@main=NO-MATCH (checked vs 2083)	UNIVERSAL-BORDER: мова-незалежна семантика знань/виводу, не host/IO	juv4uk/sens@3335d09015cb8c96d4e2ed96f8d1339b4eb4f984:lib/forward.lisp:504	pending-review	0
D10P-0065	find-entry	find-entry	find-entry	поведінка визначена джерелом find-entry	D10	juv4uk/sens@3335d09015cb8c96d4e2ed96f8d1339b4eb4f984:lib/forward.lisp:512	D1-D9@main=NO-MATCH;D10@main=NO-MATCH (checked vs 2083)	UNIVERSAL-BORDER: мова-незалежна семантика знань/виводу, не host/IO	juv4uk/sens@3335d09015cb8c96d4e2ed96f8d1339b4eb4f984:lib/forward.lisp:512	pending-review	0
D10P-0066	remove-entry-jtms	remove-entry-jtms	remove-entry-jtms	поведінка визначена джерелом remove-entry-jtms	D10	juv4uk/sens@3335d09015cb8c96d4e2ed96f8d1339b4eb4f984:lib/forward.lisp:520	D1-D9@main=NO-MATCH;D10@main=NO-MATCH (checked vs 2083)	UNIVERSAL-BORDER: мова-незалежна семантика знань/виводу, не host/IO	juv4uk/sens@3335d09015cb8c96d4e2ed96f8d1339b4eb4f984:lib/forward.lisp:520	pending-review	0
D10P-0067	add-justification	add-justification	add-justification	поведінка визначена джерелом add-justification	D10	juv4uk/sens@3335d09015cb8c96d4e2ed96f8d1339b4eb4f984:lib/forward.lisp:532	D1-D9@main=NO-MATCH;D10@main=NO-MATCH (checked vs 2083)	UNIVERSAL-BORDER: мова-незалежна семантика знань/виводу, не host/IO	juv4uk/sens@3335d09015cb8c96d4e2ed96f8d1339b4eb4f984:lib/forward.lisp:532	pending-review	0
D10P-0068	add-new-entries-jtms	add-new-entries-jtms	add-new-entries-jtms	поведінка визначена джерелом add-new-entries-jtms	D10	juv4uk/sens@3335d09015cb8c96d4e2ed96f8d1339b4eb4f984:lib/forward.lisp:542	D1-D9@main=NO-MATCH;D10@main=NO-MATCH (checked vs 2083)	UNIVERSAL-BORDER: мова-незалежна семантика знань/виводу, не host/IO	juv4uk/sens@3335d09015cb8c96d4e2ed96f8d1339b4eb4f984:lib/forward.lisp:542	pending-review	0
D10P-0069	new-entries	new-entries	new-entries	поведінка визначена джерелом new-entries	D10	juv4uk/sens@3335d09015cb8c96d4e2ed96f8d1339b4eb4f984:lib/forward.lisp:548	D1-D9@main=NO-MATCH;D10@main=NO-MATCH (checked vs 2083)	UNIVERSAL-BORDER: мова-незалежна семантика знань/виводу, не host/IO	juv4uk/sens@3335d09015cb8c96d4e2ed96f8d1339b4eb4f984:lib/forward.lisp:548	pending-review	0
D10P-0070	run-jtms	run-jtms	run-jtms	поведінка визначена джерелом run-jtms	D10	juv4uk/sens@3335d09015cb8c96d4e2ed96f8d1339b4eb4f984:lib/forward.lisp:556	D1-D9@main=NO-MATCH;D10@main=NO-MATCH (checked vs 2083)	UNIVERSAL-BORDER: мова-незалежна семантика знань/виводу, не host/IO	juv4uk/sens@3335d09015cb8c96d4e2ed96f8d1339b4eb4f984:lib/forward.lisp:556	pending-review	0
D10P-0071	assert-fact-jtms!	assert-fact-jtms!	assert-fact-jtms!	додає твердження у базу знань	D10	juv4uk/sens@3335d09015cb8c96d4e2ed96f8d1339b4eb4f984:lib/forward.lisp:565	D1-D9@main=NO-MATCH;D10@main=NO-MATCH (checked vs 2083)	UNIVERSAL-BORDER: мова-незалежна семантика знань/виводу, не host/IO	juv4uk/sens@3335d09015cb8c96d4e2ed96f8d1339b4eb4f984:lib/forward.lisp:565	pending-review	0
D10P-0072	run-jtms!	run-jtms!	run-jtms!	поведінка визначена джерелом run-jtms!	D10	juv4uk/sens@3335d09015cb8c96d4e2ed96f8d1339b4eb4f984:lib/forward.lisp:568	D1-D9@main=NO-MATCH;D10@main=NO-MATCH (checked vs 2083)	UNIVERSAL-BORDER: мова-незалежна семантика знань/виводу, не host/IO	juv4uk/sens@3335d09015cb8c96d4e2ed96f8d1339b4eb4f984:lib/forward.lisp:568	pending-review	0
D10P-0073	map-apply-head-jtms	map-apply-head-jtms	map-apply-head-jtms	поведінка визначена джерелом map-apply-head-jtms	D10	juv4uk/sens@3335d09015cb8c96d4e2ed96f8d1339b4eb4f984:lib/forward.lisp:690	D1-D9@main=NO-MATCH;D10@main=NO-MATCH (checked vs 2083)	UNIVERSAL-BORDER: мова-незалежна семантика знань/виводу, не host/IO	juv4uk/sens@3335d09015cb8c96d4e2ed96f8d1339b4eb4f984:lib/forward.lisp:690	pending-review	0
D10P-0074	fire-rule-jtms-multi	fire-rule-jtms-multi	fire-rule-jtms-multi	запускає правило проти фактів	D10	juv4uk/sens@3335d09015cb8c96d4e2ed96f8d1339b4eb4f984:lib/forward.lisp:698	D1-D9@main=NO-MATCH;D10@main=NO-MATCH (checked vs 2083)	UNIVERSAL-BORDER: мова-незалежна семантика знань/виводу, не host/IO	juv4uk/sens@3335d09015cb8c96d4e2ed96f8d1339b4eb4f984:lib/forward.lisp:698	pending-review	0
D10P-0075	fire-rules-jtms-multi	fire-rules-jtms-multi	fire-rules-jtms-multi	запускає правило проти фактів	D10	juv4uk/sens@3335d09015cb8c96d4e2ed96f8d1339b4eb4f984:lib/forward.lisp:702	D1-D9@main=NO-MATCH;D10@main=NO-MATCH (checked vs 2083)	UNIVERSAL-BORDER: мова-незалежна семантика знань/виводу, не host/IO	juv4uk/sens@3335d09015cb8c96d4e2ed96f8d1339b4eb4f984:lib/forward.lisp:702	pending-review	0
D10P-0076	run-jtms-multi	run-jtms-multi	run-jtms-multi	поведінка визначена джерелом run-jtms-multi	D10	juv4uk/sens@3335d09015cb8c96d4e2ed96f8d1339b4eb4f984:lib/forward.lisp:710	D1-D9@main=NO-MATCH;D10@main=NO-MATCH (checked vs 2083)	UNIVERSAL-BORDER: мова-незалежна семантика знань/виводу, не host/IO	juv4uk/sens@3335d09015cb8c96d4e2ed96f8d1339b4eb4f984:lib/forward.lisp:710	pending-review	0
D10P-0077	run-jtms-multi!	run-jtms-multi!	run-jtms-multi!	поведінка визначена джерелом run-jtms-multi!	D10	juv4uk/sens@3335d09015cb8c96d4e2ed96f8d1339b4eb4f984:lib/forward.lisp:717	D1-D9@main=NO-MATCH;D10@main=NO-MATCH (checked vs 2083)	UNIVERSAL-BORDER: мова-незалежна семантика знань/виводу, не host/IO	juv4uk/sens@3335d09015cb8c96d4e2ed96f8d1339b4eb4f984:lib/forward.lisp:717	pending-review	0
D10P-0078	prune-justifications	prune-justifications	prune-justifications	поведінка визначена джерелом prune-justifications	D10	juv4uk/sens@3335d09015cb8c96d4e2ed96f8d1339b4eb4f984:lib/forward.lisp:720	D1-D9@main=NO-MATCH;D10@main=NO-MATCH (checked vs 2083)	UNIVERSAL-BORDER: мова-незалежна семантика знань/виводу, не host/IO	juv4uk/sens@3335d09015cb8c96d4e2ed96f8d1339b4eb4f984:lib/forward.lisp:720	pending-review	0
D10P-0079	prune-entry	prune-entry	prune-entry	поведінка визначена джерелом prune-entry	D10	juv4uk/sens@3335d09015cb8c96d4e2ed96f8d1339b4eb4f984:lib/forward.lisp:728	D1-D9@main=NO-MATCH;D10@main=NO-MATCH (checked vs 2083)	UNIVERSAL-BORDER: мова-незалежна семантика знань/виводу, не host/IO	juv4uk/sens@3335d09015cb8c96d4e2ed96f8d1339b4eb4f984:lib/forward.lisp:728	pending-review	0
D10P-0080	prune-all-entries	prune-all-entries	prune-all-entries	поведінка визначена джерелом prune-all-entries	D10	juv4uk/sens@3335d09015cb8c96d4e2ed96f8d1339b4eb4f984:lib/forward.lisp:732	D1-D9@main=NO-MATCH;D10@main=NO-MATCH (checked vs 2083)	UNIVERSAL-BORDER: мова-незалежна семантика знань/виводу, не host/IO	juv4uk/sens@3335d09015cb8c96d4e2ed96f8d1339b4eb4f984:lib/forward.lisp:732	pending-review	0
D10P-0081	unsupported-facts	unsupported-facts	unsupported-facts	поведінка визначена джерелом unsupported-facts	D10	juv4uk/sens@3335d09015cb8c96d4e2ed96f8d1339b4eb4f984:lib/forward.lisp:739	D1-D9@main=NO-MATCH;D10@main=NO-MATCH (checked vs 2083)	UNIVERSAL-BORDER: мова-незалежна семантика знань/виводу, не host/IO	juv4uk/sens@3335d09015cb8c96d4e2ed96f8d1339b4eb4f984:lib/forward.lisp:739	pending-review	0
D10P-0082	drop-unsupported	drop-unsupported	drop-unsupported	поведінка визначена джерелом drop-unsupported	D10	juv4uk/sens@3335d09015cb8c96d4e2ed96f8d1339b4eb4f984:lib/forward.lisp:748	D1-D9@main=NO-MATCH;D10@main=NO-MATCH (checked vs 2083)	UNIVERSAL-BORDER: мова-незалежна семантика знань/виводу, не host/IO	juv4uk/sens@3335d09015cb8c96d4e2ed96f8d1339b4eb4f984:lib/forward.lisp:748	pending-review	0
D10P-0083	retract-fact-jtms	retract-fact-jtms	retract-fact-jtms	відкликає твердження з бази знань	D10	juv4uk/sens@3335d09015cb8c96d4e2ed96f8d1339b4eb4f984:lib/forward.lisp:762	D1-D9@main=NO-MATCH;D10@main=NO-MATCH (checked vs 2083)	UNIVERSAL-BORDER: мова-незалежна семантика знань/виводу, не host/IO	juv4uk/sens@3335d09015cb8c96d4e2ed96f8d1339b4eb4f984:lib/forward.lisp:762	pending-review	0
D10P-0084	retract-facts-jtms	retract-facts-jtms	retract-facts-jtms	відкликає твердження з бази знань	D10	juv4uk/sens@3335d09015cb8c96d4e2ed96f8d1339b4eb4f984:lib/forward.lisp:772	D1-D9@main=NO-MATCH;D10@main=NO-MATCH (checked vs 2083)	UNIVERSAL-BORDER: мова-незалежна семантика знань/виводу, не host/IO	juv4uk/sens@3335d09015cb8c96d4e2ed96f8d1339b4eb4f984:lib/forward.lisp:772	pending-review	0
D10P-0085	retract-fact-jtms!	retract-fact-jtms!	retract-fact-jtms!	відкликає твердження з бази знань	D10	juv4uk/sens@3335d09015cb8c96d4e2ed96f8d1339b4eb4f984:lib/forward.lisp:779	D1-D9@main=NO-MATCH;D10@main=NO-MATCH (checked vs 2083)	UNIVERSAL-BORDER: мова-незалежна семантика знань/виводу, не host/IO	juv4uk/sens@3335d09015cb8c96d4e2ed96f8d1339b4eb4f984:lib/forward.lisp:779	pending-review	0
D10P-0086	bindings	bindings	bindings	поведінка визначена джерелом bindings	D10	juv4uk/sens@3335d09015cb8c96d4e2ed96f8d1339b4eb4f984:lib/forward.lisp:1086	D1-D9@main=NO-MATCH;D10@main=NO-MATCH (checked vs 2083)	UNIVERSAL-BORDER: мова-незалежна семантика знань/виводу, не host/IO	juv4uk/sens@3335d09015cb8c96d4e2ed96f8d1339b4eb4f984:lib/forward.lisp:1086	pending-review	0
D10P-0087	bindings	bindings	bindings	поведінка визначена джерелом bindings	D10	juv4uk/sens@3335d09015cb8c96d4e2ed96f8d1339b4eb4f984:lib/forward.lisp:1219	D1-D9@main=NO-MATCH;D10@main=NO-MATCH (checked vs 2083)	UNIVERSAL-BORDER: мова-незалежна семантика знань/виводу, не host/IO	juv4uk/sens@3335d09015cb8c96d4e2ed96f8d1339b4eb4f984:lib/forward.lisp:1219	pending-review	0
D10P-0088	map-apply-head	map-apply-head	map-apply-head	поведінка визначена джерелом map-apply-head	D10	juv4uk/sens@3335d09015cb8c96d4e2ed96f8d1339b4eb4f984:lib/forward.lisp:1245	D1-D9@main=NO-MATCH;D10@main=NO-MATCH (checked vs 2083)	UNIVERSAL-BORDER: мова-незалежна семантика знань/виводу, не host/IO	juv4uk/sens@3335d09015cb8c96d4e2ed96f8d1339b4eb4f984:lib/forward.lisp:1245	pending-review	0
D10P-0089	defmodule	defmodule	defmodule	оперує модулем знань	D10	juv4uk/sens@4bf50fc8e93f1b57a9cc10aa250e0b530b8424ae:lib/knowledge.lisp:70	D1-D9@main=NO-MATCH;D10@main=NO-MATCH (checked vs 2083)	UNIVERSAL-BORDER: мова-незалежна семантика знань/виводу, не host/IO	juv4uk/sens@4bf50fc8e93f1b57a9cc10aa250e0b530b8424ae:lib/knowledge.lisp:70	pending-review	0
D10P-0090	retract-knowledge	retract-knowledge	retract-knowledge	відкликає твердження з бази знань	D10	juv4uk/sens@4bf50fc8e93f1b57a9cc10aa250e0b530b8424ae:lib/knowledge.lisp:81	D1-D9@main=NO-MATCH;D10@main=NO-MATCH (checked vs 2083)	UNIVERSAL-BORDER: мова-незалежна семантика знань/виводу, не host/IO	juv4uk/sens@4bf50fc8e93f1b57a9cc10aa250e0b530b8424ae:lib/knowledge.lisp:81	pending-review	0
D10P-0091	module-journal-events-onto	module-journal-events-onto	module-journal-events-onto	оперує модулем знань	D10	juv4uk/sens@4bf50fc8e93f1b57a9cc10aa250e0b530b8424ae:lib/knowledge.lisp:91	D1-D9@main=NO-MATCH;D10@main=NO-MATCH (checked vs 2083)	UNIVERSAL-BORDER: мова-незалежна семантика знань/виводу, не host/IO	juv4uk/sens@4bf50fc8e93f1b57a9cc10aa250e0b530b8424ae:lib/knowledge.lisp:91	pending-review	0
D10P-0092	journal	journal	journal	веде журнал подій	D10	juv4uk/sens@4bf50fc8e93f1b57a9cc10aa250e0b530b8424ae:lib/knowledge.lisp:99	D1-D9@main=NO-MATCH;D10@main=NO-MATCH (checked vs 2083)	UNIVERSAL-BORDER: мова-незалежна семантика знань/виводу, не host/IO	juv4uk/sens@4bf50fc8e93f1b57a9cc10aa250e0b530b8424ae:lib/knowledge.lisp:99	pending-review	0
D10P-0093	journal	journal	journal	веде журнал подій	D10	juv4uk/sens@4bf50fc8e93f1b57a9cc10aa250e0b530b8424ae:lib/knowledge.lisp:104	D1-D9@main=NO-MATCH;D10@main=NO-MATCH (checked vs 2083)	UNIVERSAL-BORDER: мова-незалежна семантика знань/виводу, не host/IO	juv4uk/sens@4bf50fc8e93f1b57a9cc10aa250e0b530b8424ae:lib/knowledge.lisp:104	pending-review	0
D10P-0094	module-known?	module-known?	module-known?	оперує модулем знань	D10	juv4uk/sens@4bf50fc8e93f1b57a9cc10aa250e0b530b8424ae:lib/knowledge.lisp:129	D1-D9@main=NO-MATCH;D10@main=NO-MATCH (checked vs 2083)	UNIVERSAL-BORDER: мова-незалежна семантика знань/виводу, не host/IO	juv4uk/sens@4bf50fc8e93f1b57a9cc10aa250e0b530b8424ae:lib/knowledge.lisp:129	pending-review	0
D10P-0095	module-clauses-now	module-clauses-now	module-clauses-now	оперує модулем знань	D10	juv4uk/sens@4bf50fc8e93f1b57a9cc10aa250e0b530b8424ae:lib/knowledge.lisp:150	D1-D9@main=NO-MATCH;D10@main=NO-MATCH (checked vs 2083)	UNIVERSAL-BORDER: мова-незалежна семантика знань/виводу, не host/IO	juv4uk/sens@4bf50fc8e93f1b57a9cc10aa250e0b530b8424ae:lib/knowledge.lisp:150	pending-review	0
D10P-0096	load-knowledge	load-knowledge	load-knowledge	поведінка визначена джерелом load-knowledge	D10	juv4uk/sens@4bf50fc8e93f1b57a9cc10aa250e0b530b8424ae:lib/knowledge.lisp:156	D1-D9@main=NO-MATCH;D10@main=NO-MATCH (checked vs 2083)	UNIVERSAL-BORDER: мова-незалежна семантика знань/виводу, не host/IO	juv4uk/sens@4bf50fc8e93f1b57a9cc10aa250e0b530b8424ae:lib/knowledge.lisp:156	pending-review	0
D10P-0097	reason-in	reason-in	reason-in	виконує виведення	D10	juv4uk/sens@4bf50fc8e93f1b57a9cc10aa250e0b530b8424ae:lib/knowledge.lisp:160	D1-D9@main=NO-MATCH;D10@main=NO-MATCH (checked vs 2083)	UNIVERSAL-BORDER: мова-незалежна семантика знань/виводу, не host/IO	juv4uk/sens@4bf50fc8e93f1b57a9cc10aa250e0b530b8424ae:lib/knowledge.lisp:160	pending-review	0
D10P-0098	forward-in	forward-in	forward-in	пряме виведення	D10	juv4uk/sens@4bf50fc8e93f1b57a9cc10aa250e0b530b8424ae:lib/knowledge.lisp:202	D1-D9@main=NO-MATCH;D10@main=NO-MATCH (checked vs 2083)	UNIVERSAL-BORDER: мова-незалежна семантика знань/виводу, не host/IO	juv4uk/sens@4bf50fc8e93f1b57a9cc10aa250e0b530b8424ae:lib/knowledge.lisp:202	pending-review	0
D10P-0099	check-conflict?	check-conflict?	check-conflict?	поведінка визначена джерелом check-conflict?	D10	juv4uk/sens@4bf50fc8e93f1b57a9cc10aa250e0b530b8424ae:lib/knowledge.lisp:213	D1-D9@main=NO-MATCH;D10@main=NO-MATCH (checked vs 2083)	UNIVERSAL-BORDER: мова-незалежна семантика знань/виводу, не host/IO	juv4uk/sens@4bf50fc8e93f1b57a9cc10aa250e0b530b8424ae:lib/knowledge.lisp:213	pending-review	0
D10P-0100	tell-knowledge	tell-knowledge	tell-knowledge	додає факт у світ/знання	D10	juv4uk/sens@4bf50fc8e93f1b57a9cc10aa250e0b530b8424ae:lib/knowledge.lisp:232	D1-D9@main=NO-MATCH;D10@main=NO-MATCH (checked vs 2083)	UNIVERSAL-BORDER: мова-незалежна семантика знань/виводу, не host/IO	juv4uk/sens@4bf50fc8e93f1b57a9cc10aa250e0b530b8424ae:lib/knowledge.lisp:232	pending-review	0
D10P-0101	advise	advise	advise	поведінка визначена джерелом advise	D10	juv4uk/sens@4bf50fc8e93f1b57a9cc10aa250e0b530b8424ae:lib/knowledge.lisp:406	D1-D9@main=NO-MATCH;D10@main=NO-MATCH (checked vs 2083)	UNIVERSAL-BORDER: мова-незалежна семантика знань/виводу, не host/IO	juv4uk/sens@4bf50fc8e93f1b57a9cc10aa250e0b530b8424ae:lib/knowledge.lisp:406	pending-review	0
D10P-0102	module-name	module-name	module-name	оперує модулем знань	D10	juv4uk/sens@4bf50fc8e93f1b57a9cc10aa250e0b530b8424ae:lib/knowledge.lisp:509	D1-D9@main=NO-MATCH;D10@main=NO-MATCH (checked vs 2083)	UNIVERSAL-BORDER: мова-незалежна семантика знань/виводу, не host/IO	juv4uk/sens@4bf50fc8e93f1b57a9cc10aa250e0b530b8424ae:lib/knowledge.lisp:509	pending-review	0
D10P-0103	clauses	clauses	clauses	поведінка визначена джерелом clauses	D10	juv4uk/sens@4bf50fc8e93f1b57a9cc10aa250e0b530b8424ae:lib/knowledge.lisp:512	D1-D9@main=NO-MATCH;D10@main=NO-MATCH (checked vs 2083)	UNIVERSAL-BORDER: мова-незалежна семантика знань/виводу, не host/IO	juv4uk/sens@4bf50fc8e93f1b57a9cc10aa250e0b530b8424ae:lib/knowledge.lisp:512	pending-review	0
D10P-0104	advise-all	advise-all	advise-all	поведінка визначена джерелом advise-all	D10	juv4uk/sens@4bf50fc8e93f1b57a9cc10aa250e0b530b8424ae:lib/knowledge.lisp:532	D1-D9@main=NO-MATCH;D10@main=NO-MATCH (checked vs 2083)	UNIVERSAL-BORDER: мова-незалежна семантика знань/виводу, не host/IO	juv4uk/sens@4bf50fc8e93f1b57a9cc10aa250e0b530b8424ae:lib/knowledge.lisp:532	pending-review	0
D10P-0105	import-knowledge-package	import-knowledge-package	import-knowledge-package	поведінка визначена джерелом import-knowledge-package	D10	juv4uk/sens@4bf50fc8e93f1b57a9cc10aa250e0b530b8424ae:lib/knowledge.lisp:631	D1-D9@main=NO-MATCH;D10@main=NO-MATCH (checked vs 2083)	UNIVERSAL-BORDER: мова-незалежна семантика знань/виводу, не host/IO	juv4uk/sens@4bf50fc8e93f1b57a9cc10aa250e0b530b8424ae:lib/knowledge.lisp:631	pending-review	0
D10P-0106	import-knowledge-file	import-knowledge-file	import-knowledge-file	поведінка визначена джерелом import-knowledge-file	D10	juv4uk/sens@4bf50fc8e93f1b57a9cc10aa250e0b530b8424ae:lib/knowledge.lisp:650	D1-D9@main=NO-MATCH;D10@main=NO-MATCH (checked vs 2083)	UNIVERSAL-BORDER: мова-незалежна семантика знань/виводу, не host/IO	juv4uk/sens@4bf50fc8e93f1b57a9cc10aa250e0b530b8424ae:lib/knowledge.lisp:650	pending-review	0
D10P-0107	write-knowledge-package	write-knowledge-package	write-knowledge-package	поведінка визначена джерелом write-knowledge-package	D10	juv4uk/sens@4bf50fc8e93f1b57a9cc10aa250e0b530b8424ae:lib/knowledge.lisp:659	D1-D9@main=NO-MATCH;D10@main=NO-MATCH (checked vs 2083)	UNIVERSAL-BORDER: мова-незалежна семантика знань/виводу, не host/IO	juv4uk/sens@4bf50fc8e93f1b57a9cc10aa250e0b530b8424ae:lib/knowledge.lisp:659	pending-review	0
D10P-0108	tcp-read-to-eof	tcp-read-to-eof	tcp-read-to-eof	поведінка визначена джерелом tcp-read-to-eof	D10	juv4uk/sens@4bf50fc8e93f1b57a9cc10aa250e0b530b8424ae:lib/knowledge.lisp:680	D1-D9@main=NO-MATCH;D10@main=NO-MATCH (checked vs 2083)	UNIVERSAL-BORDER: мова-незалежна семантика знань/виводу, не host/IO	juv4uk/sens@4bf50fc8e93f1b57a9cc10aa250e0b530b8424ae:lib/knowledge.lisp:680	pending-review	0
D10P-0109	accumulated	accumulated	accumulated	поведінка визначена джерелом accumulated	D10	juv4uk/sens@4bf50fc8e93f1b57a9cc10aa250e0b530b8424ae:lib/knowledge.lisp:686	D1-D9@main=NO-MATCH;D10@main=NO-MATCH (checked vs 2083)	UNIVERSAL-BORDER: мова-незалежна семантика знань/виводу, не host/IO	juv4uk/sens@4bf50fc8e93f1b57a9cc10aa250e0b530b8424ae:lib/knowledge.lisp:686	pending-review	0
D10P-0110	send-knowledge-package	send-knowledge-package	send-knowledge-package	поведінка визначена джерелом send-knowledge-package	D10	juv4uk/sens@4bf50fc8e93f1b57a9cc10aa250e0b530b8424ae:lib/knowledge.lisp:688	D1-D9@main=NO-MATCH;D10@main=NO-MATCH (checked vs 2083)	UNIVERSAL-BORDER: мова-незалежна семантика знань/виводу, не host/IO	juv4uk/sens@4bf50fc8e93f1b57a9cc10aa250e0b530b8424ae:lib/knowledge.lisp:688	pending-review	0
D10P-0111	receive-knowledge-package	receive-knowledge-package	receive-knowledge-package	поведінка визначена джерелом receive-knowledge-package	D10	juv4uk/sens@4bf50fc8e93f1b57a9cc10aa250e0b530b8424ae:lib/knowledge.lisp:705	D1-D9@main=NO-MATCH;D10@main=NO-MATCH (checked vs 2083)	UNIVERSAL-BORDER: мова-незалежна семантика знань/виводу, не host/IO	juv4uk/sens@4bf50fc8e93f1b57a9cc10aa250e0b530b8424ae:lib/knowledge.lisp:705	pending-review	0
D10P-0112	string-through-line	string-through-line	string-through-line	поведінка визначена джерелом string-through-line	D10	juv4uk/sens@4bf50fc8e93f1b57a9cc10aa250e0b530b8424ae:lib/knowledge.lisp:719	D1-D9@main=NO-MATCH;D10@main=NO-MATCH (checked vs 2083)	UNIVERSAL-BORDER: мова-незалежна семантика знань/виводу, не host/IO	juv4uk/sens@4bf50fc8e93f1b57a9cc10aa250e0b530b8424ae:lib/knowledge.lisp:719	pending-review	0
D10P-0113	text	text	text	поведінка визначена джерелом text	D10	juv4uk/sens@4bf50fc8e93f1b57a9cc10aa250e0b530b8424ae:lib/knowledge.lisp:725	D1-D9@main=NO-MATCH;D10@main=NO-MATCH (checked vs 2083)	UNIVERSAL-BORDER: мова-незалежна семантика знань/виводу, не host/IO	juv4uk/sens@4bf50fc8e93f1b57a9cc10aa250e0b530b8424ae:lib/knowledge.lisp:725	pending-review	0
D10P-0114	accumulated	accumulated	accumulated	поведінка визначена джерелом accumulated	D10	juv4uk/sens@4bf50fc8e93f1b57a9cc10aa250e0b530b8424ae:lib/knowledge.lisp:726	D1-D9@main=NO-MATCH;D10@main=NO-MATCH (checked vs 2083)	UNIVERSAL-BORDER: мова-незалежна семантика знань/виводу, не host/IO	juv4uk/sens@4bf50fc8e93f1b57a9cc10aa250e0b530b8424ae:lib/knowledge.lisp:726	pending-review	0
D10P-0115	tcp-read-frame	tcp-read-frame	tcp-read-frame	поведінка визначена джерелом tcp-read-frame	D10	juv4uk/sens@4bf50fc8e93f1b57a9cc10aa250e0b530b8424ae:lib/knowledge.lisp:728	D1-D9@main=NO-MATCH;D10@main=NO-MATCH (checked vs 2083)	UNIVERSAL-BORDER: мова-незалежна семантика знань/виводу, не host/IO	juv4uk/sens@4bf50fc8e93f1b57a9cc10aa250e0b530b8424ae:lib/knowledge.lisp:728	pending-review	0
D10P-0116	accumulated	accumulated	accumulated	поведінка визначена джерелом accumulated	D10	juv4uk/sens@4bf50fc8e93f1b57a9cc10aa250e0b530b8424ae:lib/knowledge.lisp:735	D1-D9@main=NO-MATCH;D10@main=NO-MATCH (checked vs 2083)	UNIVERSAL-BORDER: мова-незалежна семантика знань/виводу, не host/IO	juv4uk/sens@4bf50fc8e93f1b57a9cc10aa250e0b530b8424ae:lib/knowledge.lisp:735	pending-review	0
D10P-0117	exchange-knowledge-package	exchange-knowledge-package	exchange-knowledge-package	поведінка визначена джерелом exchange-knowledge-package	D10	juv4uk/sens@4bf50fc8e93f1b57a9cc10aa250e0b530b8424ae:lib/knowledge.lisp:741	D1-D9@main=NO-MATCH;D10@main=NO-MATCH (checked vs 2083)	UNIVERSAL-BORDER: мова-незалежна семантика знань/виводу, не host/IO	juv4uk/sens@4bf50fc8e93f1b57a9cc10aa250e0b530b8424ae:lib/knowledge.lisp:741	pending-review	0
D10P-0118	connection	connection	connection	поведінка визначена джерелом connection	D10	juv4uk/sens@4bf50fc8e93f1b57a9cc10aa250e0b530b8424ae:lib/knowledge.lisp:756	D1-D9@main=NO-MATCH;D10@main=NO-MATCH (checked vs 2083)	UNIVERSAL-BORDER: мова-незалежна семантика знань/виводу, не host/IO	juv4uk/sens@4bf50fc8e93f1b57a9cc10aa250e0b530b8424ae:lib/knowledge.lisp:756	pending-review	0
D10P-0119	accept-knowledge-exchange	accept-knowledge-exchange	accept-knowledge-exchange	поведінка визначена джерелом accept-knowledge-exchange	D10	juv4uk/sens@4bf50fc8e93f1b57a9cc10aa250e0b530b8424ae:lib/knowledge.lisp:762	D1-D9@main=NO-MATCH;D10@main=NO-MATCH (checked vs 2083)	UNIVERSAL-BORDER: мова-незалежна семантика знань/виводу, не host/IO	juv4uk/sens@4bf50fc8e93f1b57a9cc10aa250e0b530b8424ae:lib/knowledge.lisp:762	pending-review	0
D10P-0120	decision	decision	decision	поведінка визначена джерелом decision	D10	juv4uk/sens@4bf50fc8e93f1b57a9cc10aa250e0b530b8424ae:lib/knowledge.lisp:780	D1-D9@main=NO-MATCH;D10@main=NO-MATCH (checked vs 2083)	UNIVERSAL-BORDER: мова-незалежна семантика знань/виводу, не host/IO	juv4uk/sens@4bf50fc8e93f1b57a9cc10aa250e0b530b8424ae:lib/knowledge.lisp:780	pending-review	0
D10P-0121	contains-atom?	contains-atom?	contains-atom?	поведінка визначена джерелом contains-atom?	D10	juv4uk/sens@4bf50fc8e93f1b57a9cc10aa250e0b530b8424ae:lib/knowledge.lisp:795	D1-D9@main=NO-MATCH;D10@main=NO-MATCH (checked vs 2083)	UNIVERSAL-BORDER: мова-незалежна семантика знань/виводу, не host/IO	juv4uk/sens@4bf50fc8e93f1b57a9cc10aa250e0b530b8424ae:lib/knowledge.lisp:795	pending-review	0
D10P-0122	is-fact?	is-fact?	is-fact?	поведінка визначена джерелом is-fact?	D10	juv4uk/sens@4bf50fc8e93f1b57a9cc10aa250e0b530b8424ae:lib/knowledge.lisp:812	D1-D9@main=NO-MATCH;D10@main=NO-MATCH (checked vs 2083)	UNIVERSAL-BORDER: мова-незалежна семантика знань/виводу, не host/IO	juv4uk/sens@4bf50fc8e93f1b57a9cc10aa250e0b530b8424ae:lib/knowledge.lisp:812	pending-review	0
D10P-0123	collect-facts-about	collect-facts-about	collect-facts-about	поведінка визначена джерелом collect-facts-about	D10	juv4uk/sens@4bf50fc8e93f1b57a9cc10aa250e0b530b8424ae:lib/knowledge.lisp:824	D1-D9@main=NO-MATCH;D10@main=NO-MATCH (checked vs 2083)	UNIVERSAL-BORDER: мова-незалежна семантика знань/виводу, не host/IO	juv4uk/sens@4bf50fc8e93f1b57a9cc10aa250e0b530b8424ae:lib/knowledge.lisp:824	pending-review	0
D10P-0124	item	item	item	поведінка визначена джерелом item	D10	juv4uk/sens@4bf50fc8e93f1b57a9cc10aa250e0b530b8424ae:lib/knowledge.lisp:834	D1-D9@main=NO-MATCH;D10@main=NO-MATCH (checked vs 2083)	UNIVERSAL-BORDER: мова-незалежна семантика знань/виводу, не host/IO	juv4uk/sens@4bf50fc8e93f1b57a9cc10aa250e0b530b8424ae:lib/knowledge.lisp:834	pending-review	0
D10P-0125	item	item	item	поведінка визначена джерелом item	D10	juv4uk/sens@4bf50fc8e93f1b57a9cc10aa250e0b530b8424ae:lib/knowledge.lisp:839	D1-D9@main=NO-MATCH;D10@main=NO-MATCH (checked vs 2083)	UNIVERSAL-BORDER: мова-незалежна семантика знань/виводу, не host/IO	juv4uk/sens@4bf50fc8e93f1b57a9cc10aa250e0b530b8424ae:lib/knowledge.lisp:839	pending-review	0
D10P-0126	head	head	head	поведінка визначена джерелом head	D10	juv4uk/sens@4bf50fc8e93f1b57a9cc10aa250e0b530b8424ae:lib/knowledge.lisp:841	D1-D9@main=NO-MATCH;D10@main=NO-MATCH (checked vs 2083)	UNIVERSAL-BORDER: мова-незалежна семантика знань/виводу, не host/IO	juv4uk/sens@4bf50fc8e93f1b57a9cc10aa250e0b530b8424ae:lib/knowledge.lisp:841	pending-review	0
D10P-0127	describe	describe	describe	поведінка визначена джерелом describe	D10	juv4uk/sens@4bf50fc8e93f1b57a9cc10aa250e0b530b8424ae:lib/knowledge.lisp:845	D1-D9@main=NO-MATCH;D10@main=NO-MATCH (checked vs 2083)	UNIVERSAL-BORDER: мова-незалежна семантика знань/виводу, не host/IO	juv4uk/sens@4bf50fc8e93f1b57a9cc10aa250e0b530b8424ae:lib/knowledge.lisp:845	pending-review	0
D10P-0128	record-usage!	record-usage!	record-usage!	поведінка визначена джерелом record-usage!	D10	juv4uk/sens@4bf50fc8e93f1b57a9cc10aa250e0b530b8424ae:lib/knowledge.lisp:882	D1-D9@main=NO-MATCH;D10@main=NO-MATCH (checked vs 2083)	UNIVERSAL-BORDER: мова-незалежна семантика знань/виводу, не host/IO	juv4uk/sens@4bf50fc8e93f1b57a9cc10aa250e0b530b8424ae:lib/knowledge.lisp:882	pending-review	0
D10P-0129	usage-of	usage-of	usage-of	поведінка визначена джерелом usage-of	D10	juv4uk/sens@4bf50fc8e93f1b57a9cc10aa250e0b530b8424ae:lib/knowledge.lisp:886	D1-D9@main=NO-MATCH;D10@main=NO-MATCH (checked vs 2083)	UNIVERSAL-BORDER: мова-незалежна семантика знань/виводу, не host/IO	juv4uk/sens@4bf50fc8e93f1b57a9cc10aa250e0b530b8424ae:lib/knowledge.lisp:886	pending-review	0
D10P-0130	narrate-fact	narrate-fact	narrate-fact	будує оповідь із фактів	D10	juv4uk/sens@65947fdab49b3b503827102720a17c3d512df62d:lib/narrate.lisp:60	D1-D9@main=NO-MATCH;D10@main=NO-MATCH (checked vs 2083)	UNIVERSAL-BORDER: мова-незалежна семантика знань/виводу, не host/IO	juv4uk/sens@65947fdab49b3b503827102720a17c3d512df62d:lib/narrate.lisp:60	pending-review	0
D10P-0131	provenance-goal	provenance-goal	provenance-goal	поведінка визначена джерелом provenance-goal	D10	juv4uk/sens@65947fdab49b3b503827102720a17c3d512df62d:lib/narrate.lisp:68	D1-D9@main=NO-MATCH;D10@main=NO-MATCH (checked vs 2083)	UNIVERSAL-BORDER: мова-незалежна семантика знань/виводу, не host/IO	juv4uk/sens@65947fdab49b3b503827102720a17c3d512df62d:lib/narrate.lisp:68	pending-review	0
D10P-0132	provenance-source	provenance-source	provenance-source	поведінка визначена джерелом provenance-source	D10	juv4uk/sens@65947fdab49b3b503827102720a17c3d512df62d:lib/narrate.lisp:69	D1-D9@main=NO-MATCH;D10@main=NO-MATCH (checked vs 2083)	UNIVERSAL-BORDER: мова-незалежна семантика знань/виводу, не host/IO	juv4uk/sens@65947fdab49b3b503827102720a17c3d512df62d:lib/narrate.lisp:69	pending-review	0
D10P-0133	provenance-rule	provenance-rule	provenance-rule	поведінка визначена джерелом provenance-rule	D10	juv4uk/sens@65947fdab49b3b503827102720a17c3d512df62d:lib/narrate.lisp:70	D1-D9@main=NO-MATCH;D10@main=NO-MATCH (checked vs 2083)	UNIVERSAL-BORDER: мова-незалежна семантика знань/виводу, не host/IO	juv4uk/sens@65947fdab49b3b503827102720a17c3d512df62d:lib/narrate.lisp:70	pending-review	0
D10P-0134	provenance-derived-from	provenance-derived-from	provenance-derived-from	поведінка визначена джерелом provenance-derived-from	D10	juv4uk/sens@65947fdab49b3b503827102720a17c3d512df62d:lib/narrate.lisp:71	D1-D9@main=NO-MATCH;D10@main=NO-MATCH (checked vs 2083)	UNIVERSAL-BORDER: мова-незалежна семантика знань/виводу, не host/IO	juv4uk/sens@65947fdab49b3b503827102720a17c3d512df62d:lib/narrate.lisp:71	pending-review	0
D10P-0135	narrate-derivation	narrate-derivation	narrate-derivation	будує оповідь із фактів	D10	juv4uk/sens@65947fdab49b3b503827102720a17c3d512df62d:lib/narrate.lisp:73	D1-D9@main=NO-MATCH;D10@main=NO-MATCH (checked vs 2083)	UNIVERSAL-BORDER: мова-незалежна семантика знань/виводу, не host/IO	juv4uk/sens@65947fdab49b3b503827102720a17c3d512df62d:lib/narrate.lisp:73	pending-review	0
D10P-0136	narrate-provenance	narrate-provenance	narrate-provenance	будує оповідь із фактів	D10	juv4uk/sens@65947fdab49b3b503827102720a17c3d512df62d:lib/narrate.lisp:83	D1-D9@main=NO-MATCH;D10@main=NO-MATCH (checked vs 2083)	UNIVERSAL-BORDER: мова-незалежна семантика знань/виводу, не host/IO	juv4uk/sens@65947fdab49b3b503827102720a17c3d512df62d:lib/narrate.lisp:83	pending-review	0
D10P-0137	narrate-answer	narrate-answer	narrate-answer	будує оповідь із фактів	D10	juv4uk/sens@65947fdab49b3b503827102720a17c3d512df62d:lib/narrate.lisp:107	D1-D9@main=NO-MATCH;D10@main=NO-MATCH (checked vs 2083)	UNIVERSAL-BORDER: мова-незалежна семантика знань/виводу, не host/IO	juv4uk/sens@65947fdab49b3b503827102720a17c3d512df62d:lib/narrate.lisp:107	pending-review	0
D10P-0138	narrate-outcome-arity?	narrate-outcome-arity?	narrate-outcome-arity?	будує оповідь із фактів	D10	juv4uk/sens@65947fdab49b3b503827102720a17c3d512df62d:lib/narrate.lisp:141	D1-D9@main=NO-MATCH;D10@main=NO-MATCH (checked vs 2083)	UNIVERSAL-BORDER: мова-незалежна семантика знань/виводу, не host/IO	juv4uk/sens@65947fdab49b3b503827102720a17c3d512df62d:lib/narrate.lisp:141	pending-review	0
D10P-0139	narrate-outcome	narrate-outcome	narrate-outcome	будує оповідь із фактів	D10	juv4uk/sens@65947fdab49b3b503827102720a17c3d512df62d:lib/narrate.lisp:149	D1-D9@main=NO-MATCH;D10@main=NO-MATCH (checked vs 2083)	UNIVERSAL-BORDER: мова-незалежна семантика знань/виводу, не host/IO	juv4uk/sens@65947fdab49b3b503827102720a17c3d512df62d:lib/narrate.lisp:149	pending-review	0
D10P-0140	unknown	unknown	unknown	перевіряє наявність знання	D10	juv4uk/sens@65947fdab49b3b503827102720a17c3d512df62d:lib/narrate.lisp:170	D1-D9@main=NO-MATCH;D10@main=NO-MATCH (checked vs 2083)	UNIVERSAL-BORDER: мова-незалежна семантика знань/виводу, не host/IO	juv4uk/sens@65947fdab49b3b503827102720a17c3d512df62d:lib/narrate.lisp:170	pending-review	0
D10P-0141	because	because	because	поведінка визначена джерелом because	D10	juv4uk/sens@65947fdab49b3b503827102720a17c3d512df62d:lib/narrate.lisp:171	D1-D9@main=NO-MATCH;D10@main=NO-MATCH (checked vs 2083)	UNIVERSAL-BORDER: мова-незалежна семантика знань/виводу, не host/IO	juv4uk/sens@65947fdab49b3b503827102720a17c3d512df62d:lib/narrate.lisp:171	pending-review	0
D10P-0142	no-proof-found-for	no-proof-found-for	no-proof-found-for	поведінка визначена джерелом no-proof-found-for	D10	juv4uk/sens@65947fdab49b3b503827102720a17c3d512df62d:lib/narrate.lisp:172	D1-D9@main=NO-MATCH;D10@main=NO-MATCH (checked vs 2083)	UNIVERSAL-BORDER: мова-незалежна семантика знань/виводу, не host/IO	juv4uk/sens@65947fdab49b3b503827102720a17c3d512df62d:lib/narrate.lisp:172	pending-review	0
D10P-0143	outcome	outcome	outcome	поведінка визначена джерелом outcome	D10	juv4uk/sens@65947fdab49b3b503827102720a17c3d512df62d:lib/narrate.lisp:173	D1-D9@main=NO-MATCH;D10@main=NO-MATCH (checked vs 2083)	UNIVERSAL-BORDER: мова-незалежна семантика знань/виводу, не host/IO	juv4uk/sens@65947fdab49b3b503827102720a17c3d512df62d:lib/narrate.lisp:173	pending-review	0
D10P-0144	partial	partial	partial	поведінка визначена джерелом partial	D10	juv4uk/sens@65947fdab49b3b503827102720a17c3d512df62d:lib/narrate.lisp:179	D1-D9@main=NO-MATCH;D10@main=NO-MATCH (checked vs 2083)	UNIVERSAL-BORDER: мова-незалежна семантика знань/виводу, не host/IO	juv4uk/sens@65947fdab49b3b503827102720a17c3d512df62d:lib/narrate.lisp:179	pending-review	0
D10P-0145	value	value	value	поведінка визначена джерелом value	D10	juv4uk/sens@65947fdab49b3b503827102720a17c3d512df62d:lib/narrate.lisp:180	D1-D9@main=NO-MATCH;D10@main=NO-MATCH (checked vs 2083)	UNIVERSAL-BORDER: мова-незалежна семантика знань/виводу, не host/IO	juv4uk/sens@65947fdab49b3b503827102720a17c3d512df62d:lib/narrate.lisp:180	pending-review	0
D10P-0146	outcome	outcome	outcome	поведінка визначена джерелом outcome	D10	juv4uk/sens@65947fdab49b3b503827102720a17c3d512df62d:lib/narrate.lisp:181	D1-D9@main=NO-MATCH;D10@main=NO-MATCH (checked vs 2083)	UNIVERSAL-BORDER: мова-незалежна семантика знань/виводу, не host/IO	juv4uk/sens@65947fdab49b3b503827102720a17c3d512df62d:lib/narrate.lisp:181	pending-review	0
D10P-0147	bound	bound	bound	поведінка визначена джерелом bound	D10	juv4uk/sens@65947fdab49b3b503827102720a17c3d512df62d:lib/narrate.lisp:182	D1-D9@main=NO-MATCH;D10@main=NO-MATCH (checked vs 2083)	UNIVERSAL-BORDER: мова-незалежна семантика знань/виводу, не host/IO	juv4uk/sens@65947fdab49b3b503827102720a17c3d512df62d:lib/narrate.lisp:182	pending-review	0
D10P-0148	outcome	outcome	outcome	поведінка визначена джерелом outcome	D10	juv4uk/sens@65947fdab49b3b503827102720a17c3d512df62d:lib/narrate.lisp:183	D1-D9@main=NO-MATCH;D10@main=NO-MATCH (checked vs 2083)	UNIVERSAL-BORDER: мова-незалежна семантика знань/виводу, не host/IO	juv4uk/sens@65947fdab49b3b503827102720a17c3d512df62d:lib/narrate.lisp:183	pending-review	0
D10P-0149	blocked	blocked	blocked	поведінка визначена джерелом blocked	D10	juv4uk/sens@65947fdab49b3b503827102720a17c3d512df62d:lib/narrate.lisp:189	D1-D9@main=NO-MATCH;D10@main=NO-MATCH (checked vs 2083)	UNIVERSAL-BORDER: мова-незалежна семантика знань/виводу, не host/IO	juv4uk/sens@65947fdab49b3b503827102720a17c3d512df62d:lib/narrate.lisp:189	pending-review	0
D10P-0150	because	because	because	поведінка визначена джерелом because	D10	juv4uk/sens@65947fdab49b3b503827102720a17c3d512df62d:lib/narrate.lisp:190	D1-D9@main=NO-MATCH;D10@main=NO-MATCH (checked vs 2083)	UNIVERSAL-BORDER: мова-незалежна семантика знань/виводу, не host/IO	juv4uk/sens@65947fdab49b3b503827102720a17c3d512df62d:lib/narrate.lisp:190	pending-review	0
D10P-0151	outcome	outcome	outcome	поведінка визначена джерелом outcome	D10	juv4uk/sens@65947fdab49b3b503827102720a17c3d512df62d:lib/narrate.lisp:191	D1-D9@main=NO-MATCH;D10@main=NO-MATCH (checked vs 2083)	UNIVERSAL-BORDER: мова-незалежна семантика знань/виводу, не host/IO	juv4uk/sens@65947fdab49b3b503827102720a17c3d512df62d:lib/narrate.lisp:191	pending-review	0
D10P-0152	disputed	disputed	disputed	поведінка визначена джерелом disputed	D10	juv4uk/sens@65947fdab49b3b503827102720a17c3d512df62d:lib/narrate.lisp:197	D1-D9@main=NO-MATCH;D10@main=NO-MATCH (checked vs 2083)	UNIVERSAL-BORDER: мова-незалежна семантика знань/виводу, не host/IO	juv4uk/sens@65947fdab49b3b503827102720a17c3d512df62d:lib/narrate.lisp:197	pending-review	0
D10P-0153	because	because	because	поведінка визначена джерелом because	D10	juv4uk/sens@65947fdab49b3b503827102720a17c3d512df62d:lib/narrate.lisp:198	D1-D9@main=NO-MATCH;D10@main=NO-MATCH (checked vs 2083)	UNIVERSAL-BORDER: мова-незалежна семантика знань/виводу, не host/IO	juv4uk/sens@65947fdab49b3b503827102720a17c3d512df62d:lib/narrate.lisp:198	pending-review	0
D10P-0154	both-sides-have-evidence	both-sides-have-evidence	both-sides-have-evidence	поведінка визначена джерелом both-sides-have-evidence	D10	juv4uk/sens@65947fdab49b3b503827102720a17c3d512df62d:lib/narrate.lisp:199	D1-D9@main=NO-MATCH;D10@main=NO-MATCH (checked vs 2083)	UNIVERSAL-BORDER: мова-незалежна семантика знань/виводу, не host/IO	juv4uk/sens@65947fdab49b3b503827102720a17c3d512df62d:lib/narrate.lisp:199	pending-review	0
D10P-0155	outcome	outcome	outcome	поведінка визначена джерелом outcome	D10	juv4uk/sens@65947fdab49b3b503827102720a17c3d512df62d:lib/narrate.lisp:200	D1-D9@main=NO-MATCH;D10@main=NO-MATCH (checked vs 2083)	UNIVERSAL-BORDER: мова-незалежна семантика знань/виводу, не host/IO	juv4uk/sens@65947fdab49b3b503827102720a17c3d512df62d:lib/narrate.lisp:200	pending-review	0
D10P-0156	invalid	invalid	invalid	поведінка визначена джерелом invalid	D10	juv4uk/sens@65947fdab49b3b503827102720a17c3d512df62d:lib/narrate.lisp:206	D1-D9@main=NO-MATCH;D10@main=NO-MATCH (checked vs 2083)	UNIVERSAL-BORDER: мова-незалежна семантика знань/виводу, не host/IO	juv4uk/sens@65947fdab49b3b503827102720a17c3d512df62d:lib/narrate.lisp:206	pending-review	0
D10P-0157	because	because	because	поведінка визначена джерелом because	D10	juv4uk/sens@65947fdab49b3b503827102720a17c3d512df62d:lib/narrate.lisp:207	D1-D9@main=NO-MATCH;D10@main=NO-MATCH (checked vs 2083)	UNIVERSAL-BORDER: мова-незалежна семантика знань/виводу, не host/IO	juv4uk/sens@65947fdab49b3b503827102720a17c3d512df62d:lib/narrate.lisp:207	pending-review	0
D10P-0158	outcome	outcome	outcome	поведінка визначена джерелом outcome	D10	juv4uk/sens@65947fdab49b3b503827102720a17c3d512df62d:lib/narrate.lisp:208	D1-D9@main=NO-MATCH;D10@main=NO-MATCH (checked vs 2083)	UNIVERSAL-BORDER: мова-незалежна семантика знань/виводу, не host/IO	juv4uk/sens@65947fdab49b3b503827102720a17c3d512df62d:lib/narrate.lisp:208	pending-review	0
D10P-0159	payload	payload	payload	поведінка визначена джерелом payload	D10	juv4uk/sens@65947fdab49b3b503827102720a17c3d512df62d:lib/narrate.lisp:209	D1-D9@main=NO-MATCH;D10@main=NO-MATCH (checked vs 2083)	UNIVERSAL-BORDER: мова-незалежна семантика знань/виводу, не host/IO	juv4uk/sens@65947fdab49b3b503827102720a17c3d512df62d:lib/narrate.lisp:209	pending-review	0
D10P-0160	outcome	outcome	outcome	поведінка визначена джерелом outcome	D10	juv4uk/sens@65947fdab49b3b503827102720a17c3d512df62d:lib/narrate.lisp:210	D1-D9@main=NO-MATCH;D10@main=NO-MATCH (checked vs 2083)	UNIVERSAL-BORDER: мова-незалежна семантика знань/виводу, не host/IO	juv4uk/sens@65947fdab49b3b503827102720a17c3d512df62d:lib/narrate.lisp:210	pending-review	0
D10P-0161	make-world	make-world	make-world	конструює значення	D10	juv4uk/sens@67344c605d63fe70a398b52da56105a7b581cfa4:lib/world.lisp:19	D1-D9@main=NO-MATCH;D10@main=NO-MATCH (checked vs 2083)	UNIVERSAL-BORDER: мова-незалежна семантика знань/виводу, не host/IO	juv4uk/sens@67344c605d63fe70a398b52da56105a7b581cfa4:lib/world.lisp:19	pending-review	0
D10P-0162	empty-world	empty-world	empty-world	оперує станом світу	D10	juv4uk/sens@67344c605d63fe70a398b52da56105a7b581cfa4:lib/world.lisp:23	D1-D9@main=NO-MATCH;D10@main=NO-MATCH (checked vs 2083)	UNIVERSAL-BORDER: мова-незалежна семантика знань/виводу, не host/IO	juv4uk/sens@67344c605d63fe70a398b52da56105a7b581cfa4:lib/world.lisp:23	pending-review	0
D10P-0163	world?	world?	world?	оперує станом світу	D10	juv4uk/sens@67344c605d63fe70a398b52da56105a7b581cfa4:lib/world.lisp:27	D1-D9@main=NO-MATCH;D10@main=NO-MATCH (checked vs 2083)	UNIVERSAL-BORDER: мова-незалежна семантика знань/виводу, не host/IO	juv4uk/sens@67344c605d63fe70a398b52da56105a7b581cfa4:lib/world.lisp:27	pending-review	0
D10P-0164	world-parent	world-parent	world-parent	оперує станом світу	D10	juv4uk/sens@67344c605d63fe70a398b52da56105a7b581cfa4:lib/world.lisp:35	D1-D9@main=NO-MATCH;D10@main=NO-MATCH (checked vs 2083)	UNIVERSAL-BORDER: мова-незалежна семантика знань/виводу, не host/IO	juv4uk/sens@67344c605d63fe70a398b52da56105a7b581cfa4:lib/world.lisp:35	pending-review	0
D10P-0165	world-journal	world-journal	world-journal	оперує станом світу	D10	juv4uk/sens@67344c605d63fe70a398b52da56105a7b581cfa4:lib/world.lisp:36	D1-D9@main=NO-MATCH;D10@main=NO-MATCH (checked vs 2083)	UNIVERSAL-BORDER: мова-незалежна семантика знань/виводу, не host/IO	juv4uk/sens@67344c605d63fe70a398b52da56105a7b581cfa4:lib/world.lisp:36	pending-review	0
D10P-0166	world-metadata	world-metadata	world-metadata	оперує станом світу	D10	juv4uk/sens@67344c605d63fe70a398b52da56105a7b581cfa4:lib/world.lisp:37	D1-D9@main=NO-MATCH;D10@main=NO-MATCH (checked vs 2083)	UNIVERSAL-BORDER: мова-незалежна семантика знань/виводу, не host/IO	juv4uk/sens@67344c605d63fe70a398b52da56105a7b581cfa4:lib/world.lisp:37	pending-review	0
D10P-0167	world-record	world-record	world-record	оперує станом світу	D10	juv4uk/sens@67344c605d63fe70a398b52da56105a7b581cfa4:lib/world.lisp:43	D1-D9@main=NO-MATCH;D10@main=NO-MATCH (checked vs 2083)	UNIVERSAL-BORDER: мова-незалежна семантика знань/виводу, не host/IO	juv4uk/sens@67344c605d63fe70a398b52da56105a7b581cfa4:lib/world.lisp:43	pending-review	0
D10P-0168	event	event	event	поведінка визначена джерелом event	D10	juv4uk/sens@67344c605d63fe70a398b52da56105a7b581cfa4:lib/world.lisp:46	D1-D9@main=NO-MATCH;D10@main=NO-MATCH (checked vs 2083)	UNIVERSAL-BORDER: мова-незалежна семантика знань/виводу, не host/IO	juv4uk/sens@67344c605d63fe70a398b52da56105a7b581cfa4:lib/world.lisp:46	pending-review	0
D10P-0169	world-tell	world-tell	world-tell	оперує станом світу	D10	juv4uk/sens@67344c605d63fe70a398b52da56105a7b581cfa4:lib/world.lisp:49	D1-D9@main=NO-MATCH;D10@main=NO-MATCH (checked vs 2083)	UNIVERSAL-BORDER: мова-незалежна семантика знань/виводу, не host/IO	juv4uk/sens@67344c605d63fe70a398b52da56105a7b581cfa4:lib/world.lisp:49	pending-review	0
D10P-0170	world-retract	world-retract	world-retract	відкликає твердження з бази знань	D10	juv4uk/sens@67344c605d63fe70a398b52da56105a7b581cfa4:lib/world.lisp:53	D1-D9@main=NO-MATCH;D10@main=NO-MATCH (checked vs 2083)	UNIVERSAL-BORDER: мова-незалежна семантика знань/виводу, не host/IO	juv4uk/sens@67344c605d63fe70a398b52da56105a7b581cfa4:lib/world.lisp:53	pending-review	0
D10P-0171	world-module-events	world-module-events	world-module-events	оперує станом світу	D10	juv4uk/sens@67344c605d63fe70a398b52da56105a7b581cfa4:lib/world.lisp:57	D1-D9@main=NO-MATCH;D10@main=NO-MATCH (checked vs 2083)	UNIVERSAL-BORDER: мова-незалежна семантика знань/виводу, не host/IO	juv4uk/sens@67344c605d63fe70a398b52da56105a7b581cfa4:lib/world.lisp:57	pending-review	0
D10P-0172	world-remove-first	world-remove-first	world-remove-first	оперує станом світу	D10	juv4uk/sens@67344c605d63fe70a398b52da56105a7b581cfa4:lib/world.lisp:62	D1-D9@main=NO-MATCH;D10@main=NO-MATCH (checked vs 2083)	UNIVERSAL-BORDER: мова-незалежна семантика знань/виводу, не host/IO	juv4uk/sens@67344c605d63fe70a398b52da56105a7b581cfa4:lib/world.lisp:62	pending-review	0
D10P-0173	world-apply-event	world-apply-event	world-apply-event	оперує станом світу	D10	juv4uk/sens@67344c605d63fe70a398b52da56105a7b581cfa4:lib/world.lisp:70	D1-D9@main=NO-MATCH;D10@main=NO-MATCH (checked vs 2083)	UNIVERSAL-BORDER: мова-незалежна семантика знань/виводу, не host/IO	juv4uk/sens@67344c605d63fe70a398b52da56105a7b581cfa4:lib/world.lisp:70	pending-review	0
D10P-0174	world-module-known?	world-module-known?	world-module-known?	оперує станом світу	D10	juv4uk/sens@67344c605d63fe70a398b52da56105a7b581cfa4:lib/world.lisp:78	D1-D9@main=NO-MATCH;D10@main=NO-MATCH (checked vs 2083)	UNIVERSAL-BORDER: мова-незалежна семантика знань/виводу, не host/IO	juv4uk/sens@67344c605d63fe70a398b52da56105a7b581cfa4:lib/world.lisp:78	pending-review	0
D10P-0175	world-clauses	world-clauses	world-clauses	оперує станом світу	D10	juv4uk/sens@67344c605d63fe70a398b52da56105a7b581cfa4:lib/world.lisp:85	D1-D9@main=NO-MATCH;D10@main=NO-MATCH (checked vs 2083)	UNIVERSAL-BORDER: мова-незалежна семантика знань/виводу, не host/IO	juv4uk/sens@67344c605d63fe70a398b52da56105a7b581cfa4:lib/world.lisp:85	pending-review	0
D10P-0176	world-apply-event	world-apply-event	world-apply-event	оперує станом світу	D10	juv4uk/sens@67344c605d63fe70a398b52da56105a7b581cfa4:lib/world.lisp:87	D1-D9@main=NO-MATCH;D10@main=NO-MATCH (checked vs 2083)	UNIVERSAL-BORDER: мова-незалежна семантика знань/виводу, не host/IO	juv4uk/sens@67344c605d63fe70a398b52da56105a7b581cfa4:lib/world.lisp:87	pending-review	0
D10P-0177	reason-in-world	reason-in-world	reason-in-world	оперує станом світу	D10	juv4uk/sens@67344c605d63fe70a398b52da56105a7b581cfa4:lib/world.lisp:96	D1-D9@main=NO-MATCH;D10@main=NO-MATCH (checked vs 2083)	UNIVERSAL-BORDER: мова-незалежна семантика знань/виводу, не host/IO	juv4uk/sens@67344c605d63fe70a398b52da56105a7b581cfa4:lib/world.lisp:96	pending-review	0
D10P-0178	goal	goal	goal	поведінка визначена джерелом goal	D10	juv4uk/sens@67344c605d63fe70a398b52da56105a7b581cfa4:lib/world.lisp:100	D1-D9@main=NO-MATCH;D10@main=NO-MATCH (checked vs 2083)	UNIVERSAL-BORDER: мова-незалежна семантика знань/виводу, не host/IO	juv4uk/sens@67344c605d63fe70a398b52da56105a7b581cfa4:lib/world.lisp:100	pending-review	0
D10P-0179	forward-in-world	forward-in-world	forward-in-world	оперує станом світу	D10	juv4uk/sens@67344c605d63fe70a398b52da56105a7b581cfa4:lib/world.lisp:103	D1-D9@main=NO-MATCH;D10@main=NO-MATCH (checked vs 2083)	UNIVERSAL-BORDER: мова-незалежна семантика знань/виводу, не host/IO	juv4uk/sens@67344c605d63fe70a398b52da56105a7b581cfa4:lib/world.lisp:103	pending-review	0
D10P-0180	advice-decision-in-world	advice-decision-in-world	advice-decision-in-world	оперує станом світу	D10	juv4uk/sens@67344c605d63fe70a398b52da56105a7b581cfa4:lib/world.lisp:126	D1-D9@main=NO-MATCH;D10@main=NO-MATCH (checked vs 2083)	UNIVERSAL-BORDER: мова-незалежна семантика знань/виводу, не host/IO	juv4uk/sens@67344c605d63fe70a398b52da56105a7b581cfa4:lib/world.lisp:126	pending-review	0
D10P-0181	advise-world	advise-world	advise-world	оперує станом світу	D10	juv4uk/sens@67344c605d63fe70a398b52da56105a7b581cfa4:lib/world.lisp:152	D1-D9@main=NO-MATCH;D10@main=NO-MATCH (checked vs 2083)	UNIVERSAL-BORDER: мова-незалежна семантика знань/виводу, не host/IO	juv4uk/sens@67344c605d63fe70a398b52da56105a7b581cfa4:lib/world.lisp:152	pending-review	0
D10P-0182	decision	decision	decision	поведінка визначена джерелом decision	D10	juv4uk/sens@67344c605d63fe70a398b52da56105a7b581cfa4:lib/world.lisp:157	D1-D9@main=NO-MATCH;D10@main=NO-MATCH (checked vs 2083)	UNIVERSAL-BORDER: мова-незалежна семантика знань/виводу, не host/IO	juv4uk/sens@67344c605d63fe70a398b52da56105a7b581cfa4:lib/world.lisp:157	pending-review	0
D10P-0183	advice-all-decision-in-world	advice-all-decision-in-world	advice-all-decision-in-world	оперує станом світу	D10	juv4uk/sens@67344c605d63fe70a398b52da56105a7b581cfa4:lib/world.lisp:167	D1-D9@main=NO-MATCH;D10@main=NO-MATCH (checked vs 2083)	UNIVERSAL-BORDER: мова-незалежна семантика знань/виводу, не host/IO	juv4uk/sens@67344c605d63fe70a398b52da56105a7b581cfa4:lib/world.lisp:167	pending-review	0
D10P-0184	world-tell-all	world-tell-all	world-tell-all	оперує станом світу	D10	juv4uk/sens@67344c605d63fe70a398b52da56105a7b581cfa4:lib/world.lisp:198	D1-D9@main=NO-MATCH;D10@main=NO-MATCH (checked vs 2083)	UNIVERSAL-BORDER: мова-незалежна семантика знань/виводу, не host/IO	juv4uk/sens@67344c605d63fe70a398b52da56105a7b581cfa4:lib/world.lisp:198	pending-review	0
D10P-0185	defmodule	defmodule	defmodule	оперує модулем знань	D10	juv4uk/sens@67344c605d63fe70a398b52da56105a7b581cfa4:lib/world.lisp:224	D1-D9@main=NO-MATCH;D10@main=NO-MATCH (checked vs 2083)	UNIVERSAL-BORDER: мова-незалежна семантика знань/виводу, не host/IO	juv4uk/sens@67344c605d63fe70a398b52da56105a7b581cfa4:lib/world.lisp:224	pending-review	0
D10P-0186	tell-knowledge	tell-knowledge	tell-knowledge	додає факт у світ/знання	D10	juv4uk/sens@67344c605d63fe70a398b52da56105a7b581cfa4:lib/world.lisp:249	D1-D9@main=NO-MATCH;D10@main=NO-MATCH (checked vs 2083)	UNIVERSAL-BORDER: мова-незалежна семантика знань/виводу, не host/IO	juv4uk/sens@67344c605d63fe70a398b52da56105a7b581cfa4:lib/world.lisp:249	pending-review	0
D10P-0187	retract-knowledge	retract-knowledge	retract-knowledge	відкликає твердження з бази знань	D10	juv4uk/sens@67344c605d63fe70a398b52da56105a7b581cfa4:lib/world.lisp:261	D1-D9@main=NO-MATCH;D10@main=NO-MATCH (checked vs 2083)	UNIVERSAL-BORDER: мова-незалежна семантика знань/виводу, не host/IO	juv4uk/sens@67344c605d63fe70a398b52da56105a7b581cfa4:lib/world.lisp:261	pending-review	0
D10P-0188	advise-all-world	advise-all-world	advise-all-world	оперує станом світу	D10	juv4uk/sens@67344c605d63fe70a398b52da56105a7b581cfa4:lib/world.lisp:269	D1-D9@main=NO-MATCH;D10@main=NO-MATCH (checked vs 2083)	UNIVERSAL-BORDER: мова-незалежна семантика знань/виводу, не host/IO	juv4uk/sens@67344c605d63fe70a398b52da56105a7b581cfa4:lib/world.lisp:269	pending-review	0
D10P-0189	decision	decision	decision	поведінка визначена джерелом decision	D10	juv4uk/sens@67344c605d63fe70a398b52da56105a7b581cfa4:lib/world.lisp:274	D1-D9@main=NO-MATCH;D10@main=NO-MATCH (checked vs 2083)	UNIVERSAL-BORDER: мова-незалежна семантика знань/виводу, не host/IO	juv4uk/sens@67344c605d63fe70a398b52da56105a7b581cfa4:lib/world.lisp:274	pending-review	0
D10P-0190	legacy-world-transition-expansion	legacy-world-transition-expansion	legacy-world-transition-expansion	оперує станом світу	D10	juv4uk/sens@67344c605d63fe70a398b52da56105a7b581cfa4:lib/world.lisp:287	D1-D9@main=NO-MATCH;D10@main=NO-MATCH (checked vs 2083)	UNIVERSAL-BORDER: мова-незалежна семантика знань/виводу, не host/IO	juv4uk/sens@67344c605d63fe70a398b52da56105a7b581cfa4:lib/world.lisp:287	pending-review	0
D10P-0191	advise	advise	advise	поведінка визначена джерелом advise	D10	juv4uk/sens@67344c605d63fe70a398b52da56105a7b581cfa4:lib/world.lisp:308	D1-D9@main=NO-MATCH;D10@main=NO-MATCH (checked vs 2083)	UNIVERSAL-BORDER: мова-незалежна семантика знань/виводу, не host/IO	juv4uk/sens@67344c605d63fe70a398b52da56105a7b581cfa4:lib/world.lisp:308	pending-review	0
D10P-0192	advise-all	advise-all	advise-all	поведінка визначена джерелом advise-all	D10	juv4uk/sens@67344c605d63fe70a398b52da56105a7b581cfa4:lib/world.lisp:315	D1-D9@main=NO-MATCH;D10@main=NO-MATCH (checked vs 2083)	UNIVERSAL-BORDER: мова-незалежна семантика знань/виводу, не host/IO	juv4uk/sens@67344c605d63fe70a398b52da56105a7b581cfa4:lib/world.lisp:315	pending-review	0
D10P-0193	make-world-knowledge-package	make-world-knowledge-package	make-world-knowledge-package	конструює значення	D10	juv4uk/sens@67344c605d63fe70a398b52da56105a7b581cfa4:lib/world.lisp:332	D1-D9@main=NO-MATCH;D10@main=NO-MATCH (checked vs 2083)	UNIVERSAL-BORDER: мова-незалежна семантика знань/виводу, не host/IO	juv4uk/sens@67344c605d63fe70a398b52da56105a7b581cfa4:lib/world.lisp:332	pending-review	0
D10P-0194	import-knowledge-package-world	import-knowledge-package-world	import-knowledge-package-world	оперує станом світу	D10	juv4uk/sens@67344c605d63fe70a398b52da56105a7b581cfa4:lib/world.lisp:345	D1-D9@main=NO-MATCH;D10@main=NO-MATCH (checked vs 2083)	UNIVERSAL-BORDER: мова-незалежна семантика знань/виводу, не host/IO	juv4uk/sens@67344c605d63fe70a398b52da56105a7b581cfa4:lib/world.lisp:345	pending-review	0
D10P-0195	import-knowledge-package	import-knowledge-package	import-knowledge-package	поведінка визначена джерелом import-knowledge-package	D10	juv4uk/sens@67344c605d63fe70a398b52da56105a7b581cfa4:lib/world.lisp:394	D1-D9@main=NO-MATCH;D10@main=NO-MATCH (checked vs 2083)	UNIVERSAL-BORDER: мова-незалежна семантика знань/виводу, не host/IO	juv4uk/sens@67344c605d63fe70a398b52da56105a7b581cfa4:lib/world.lisp:394	pending-review	0
D10P-0196	world-depth	world-depth	world-depth	оперує станом світу	D10	juv4uk/sens@67344c605d63fe70a398b52da56105a7b581cfa4:lib/world.lisp:414	D1-D9@main=NO-MATCH;D10@main=NO-MATCH (checked vs 2083)	UNIVERSAL-BORDER: мова-незалежна семантика знань/виводу, не host/IO	juv4uk/sens@67344c605d63fe70a398b52da56105a7b581cfa4:lib/world.lisp:414	pending-review	0
D10P-0197	current-depth	current-depth	current-depth	поведінка визначена джерелом current-depth	D10	juv4uk/sens@67344c605d63fe70a398b52da56105a7b581cfa4:lib/world.lisp:429	D1-D9@main=NO-MATCH;D10@main=NO-MATCH (checked vs 2083)	UNIVERSAL-BORDER: мова-незалежна семантика знань/виводу, не host/IO	juv4uk/sens@67344c605d63fe70a398b52da56105a7b581cfa4:lib/world.lisp:429	pending-review	0
D10P-0198	world-at-depth	world-at-depth	world-at-depth	оперує станом світу	D10	juv4uk/sens@67344c605d63fe70a398b52da56105a7b581cfa4:lib/world.lisp:432	D1-D9@main=NO-MATCH;D10@main=NO-MATCH (checked vs 2083)	UNIVERSAL-BORDER: мова-незалежна семантика знань/виводу, не host/IO	juv4uk/sens@67344c605d63fe70a398b52da56105a7b581cfa4:lib/world.lisp:432	pending-review	0
D10P-0199	world-diff	world-diff	world-diff	оперує станом світу	D10	juv4uk/sens@67344c605d63fe70a398b52da56105a7b581cfa4:lib/world.lisp:457	D1-D9@main=NO-MATCH;D10@main=NO-MATCH (checked vs 2083)	UNIVERSAL-BORDER: мова-незалежна семантика знань/виводу, не host/IO	juv4uk/sens@67344c605d63fe70a398b52da56105a7b581cfa4:lib/world.lisp:457	pending-review	0
D10P-0200	current-depth	current-depth	current-depth	поведінка визначена джерелом current-depth	D10	juv4uk/sens@67344c605d63fe70a398b52da56105a7b581cfa4:lib/world.lisp:496	D1-D9@main=NO-MATCH;D10@main=NO-MATCH (checked vs 2083)	UNIVERSAL-BORDER: мова-незалежна семантика знань/виводу, не host/IO	juv4uk/sens@67344c605d63fe70a398b52da56105a7b581cfa4:lib/world.lisp:496	pending-review	0
D10P-0201	world-common-ancestor	world-common-ancestor	world-common-ancestor	оперує станом світу	D10	juv4uk/sens@67344c605d63fe70a398b52da56105a7b581cfa4:lib/world.lisp:510	D1-D9@main=NO-MATCH;D10@main=NO-MATCH (checked vs 2083)	UNIVERSAL-BORDER: мова-незалежна семантика знань/виводу, не host/IO	juv4uk/sens@67344c605d63fe70a398b52da56105a7b581cfa4:lib/world.lisp:510	pending-review	0
D10P-0202	world-branch-diff	world-branch-diff	world-branch-diff	оперує станом світу	D10	juv4uk/sens@67344c605d63fe70a398b52da56105a7b581cfa4:lib/world.lisp:528	D1-D9@main=NO-MATCH;D10@main=NO-MATCH (checked vs 2083)	UNIVERSAL-BORDER: мова-незалежна семантика знань/виводу, не host/IO	juv4uk/sens@67344c605d63fe70a398b52da56105a7b581cfa4:lib/world.lisp:528	pending-review	0
D10P-0203	knowledge-content-address	knowledge-content-address	knowledge-content-address	поведінка визначена джерелом knowledge-content-address	D10	juv4uk/sens@67344c605d63fe70a398b52da56105a7b581cfa4:lib/world.lisp:559	D1-D9@main=NO-MATCH;D10@main=NO-MATCH (checked vs 2083)	UNIVERSAL-BORDER: мова-незалежна семантика знань/виводу, не host/IO	juv4uk/sens@67344c605d63fe70a398b52da56105a7b581cfa4:lib/world.lisp:559	pending-review	0
D10P-0204	knowledge	knowledge	knowledge	поведінка визначена джерелом knowledge	D10	juv4uk/sens@67344c605d63fe70a398b52da56105a7b581cfa4:lib/world.lisp:561	D1-D9@main=NO-MATCH;D10@main=NO-MATCH (checked vs 2083)	UNIVERSAL-BORDER: мова-незалежна семантика знань/виводу, не host/IO	juv4uk/sens@67344c605d63fe70a398b52da56105a7b581cfa4:lib/world.lisp:561	pending-review	0
D10P-0205	world-address-content	world-address-content	world-address-content	оперує станом світу	D10	juv4uk/sens@67344c605d63fe70a398b52da56105a7b581cfa4:lib/world.lisp:563	D1-D9@main=NO-MATCH;D10@main=NO-MATCH (checked vs 2083)	UNIVERSAL-BORDER: мова-незалежна семантика знань/виводу, не host/IO	juv4uk/sens@67344c605d63fe70a398b52da56105a7b581cfa4:lib/world.lisp:563	pending-review	0
D10P-0206	world-content-address	world-content-address	world-content-address	оперує станом світу	D10	juv4uk/sens@67344c605d63fe70a398b52da56105a7b581cfa4:lib/world.lisp:569	D1-D9@main=NO-MATCH;D10@main=NO-MATCH (checked vs 2083)	UNIVERSAL-BORDER: мова-незалежна семантика знань/виводу, не host/IO	juv4uk/sens@67344c605d63fe70a398b52da56105a7b581cfa4:lib/world.lisp:569	pending-review	0
D10P-0207	json-escape-onto	json-escape-onto	json-escape-onto	поведінка визначена джерелом json-escape-onto	D10	juv4uk/sens@76460b72cccad6bc44b39e87372f37613735d7a1:lib/yantra.lisp:60	D1-D9@main=NO-MATCH;D10@main=NO-MATCH (checked vs 2083)	UNIVERSAL-BORDER: мова-незалежна семантика знань/виводу, не host/IO	juv4uk/sens@76460b72cccad6bc44b39e87372f37613735d7a1:lib/yantra.lisp:60	pending-review	0
D10P-0208	acc	acc	acc	поведінка визначена джерелом acc	D10	juv4uk/sens@76460b72cccad6bc44b39e87372f37613735d7a1:lib/yantra.lisp:65	D1-D9@main=NO-MATCH;D10@main=NO-MATCH (checked vs 2083)	UNIVERSAL-BORDER: мова-незалежна семантика знань/виводу, не host/IO	juv4uk/sens@76460b72cccad6bc44b39e87372f37613735d7a1:lib/yantra.lisp:65	pending-review	0
D10P-0209	strcat-onto	strcat-onto	strcat-onto	поведінка визначена джерелом strcat-onto	D10	juv4uk/sens@76460b72cccad6bc44b39e87372f37613735d7a1:lib/yantra.lisp:73	D1-D9@main=NO-MATCH;D10@main=NO-MATCH (checked vs 2083)	UNIVERSAL-BORDER: мова-незалежна семантика знань/виводу, не host/IO	juv4uk/sens@76460b72cccad6bc44b39e87372f37613735d7a1:lib/yantra.lisp:73	pending-review	0
D10P-0210	strcat	strcat	strcat	поведінка визначена джерелом strcat	D10	juv4uk/sens@76460b72cccad6bc44b39e87372f37613735d7a1:lib/yantra.lisp:80	D1-D9@main=NO-MATCH;D10@main=NO-MATCH (checked vs 2083)	UNIVERSAL-BORDER: мова-незалежна семантика знань/виводу, не host/IO	juv4uk/sens@76460b72cccad6bc44b39e87372f37613735d7a1:lib/yantra.lisp:80	pending-review	0
D10P-0211	args	args	args	поведінка визначена джерелом args	D10	juv4uk/sens@76460b72cccad6bc44b39e87372f37613735d7a1:lib/yantra.lisp:81	D1-D9@main=NO-MATCH;D10@main=NO-MATCH (checked vs 2083)	UNIVERSAL-BORDER: мова-незалежна семантика знань/виводу, не host/IO	juv4uk/sens@76460b72cccad6bc44b39e87372f37613735d7a1:lib/yantra.lisp:81	pending-review	0
D10P-0212	json-encode-key	json-encode-key	json-encode-key	поведінка визначена джерелом json-encode-key	D10	juv4uk/sens@76460b72cccad6bc44b39e87372f37613735d7a1:lib/yantra.lisp:87	D1-D9@main=NO-MATCH;D10@main=NO-MATCH (checked vs 2083)	UNIVERSAL-BORDER: мова-незалежна семантика знань/виводу, не host/IO	juv4uk/sens@76460b72cccad6bc44b39e87372f37613735d7a1:lib/yantra.lisp:87	pending-review	0
D10P-0213	json-encode-object-entries	json-encode-object-entries	json-encode-object-entries	поведінка визначена джерелом json-encode-object-entries	D10	juv4uk/sens@76460b72cccad6bc44b39e87372f37613735d7a1:lib/yantra.lisp:130	D1-D9@main=NO-MATCH;D10@main=NO-MATCH (checked vs 2083)	UNIVERSAL-BORDER: мова-незалежна семантика знань/виводу, не host/IO	juv4uk/sens@76460b72cccad6bc44b39e87372f37613735d7a1:lib/yantra.lisp:130	pending-review	0
D10P-0214	entries	entries	entries	поведінка визначена джерелом entries	D10	juv4uk/sens@76460b72cccad6bc44b39e87372f37613735d7a1:lib/yantra.lisp:137	D1-D9@main=NO-MATCH;D10@main=NO-MATCH (checked vs 2083)	UNIVERSAL-BORDER: мова-незалежна семантика знань/виводу, не host/IO	juv4uk/sens@76460b72cccad6bc44b39e87372f37613735d7a1:lib/yantra.lisp:137	pending-review	0
D10P-0215	json-encode-array-items	json-encode-array-items	json-encode-array-items	поведінка визначена джерелом json-encode-array-items	D10	juv4uk/sens@76460b72cccad6bc44b39e87372f37613735d7a1:lib/yantra.lisp:149	D1-D9@main=NO-MATCH;D10@main=NO-MATCH (checked vs 2083)	UNIVERSAL-BORDER: мова-незалежна семантика знань/виводу, не host/IO	juv4uk/sens@76460b72cccad6bc44b39e87372f37613735d7a1:lib/yantra.lisp:149	pending-review	0
D10P-0216	items	items	items	поведінка визначена джерелом items	D10	juv4uk/sens@76460b72cccad6bc44b39e87372f37613735d7a1:lib/yantra.lisp:155	D1-D9@main=NO-MATCH;D10@main=NO-MATCH (checked vs 2083)	UNIVERSAL-BORDER: мова-незалежна семантика знань/виводу, не host/IO	juv4uk/sens@76460b72cccad6bc44b39e87372f37613735d7a1:lib/yantra.lisp:155	pending-review	0
D10P-0217	json-encode	json-encode	json-encode	поведінка визначена джерелом json-encode	D10	juv4uk/sens@76460b72cccad6bc44b39e87372f37613735d7a1:lib/yantra.lisp:165	D1-D9@main=NO-MATCH;D10@main=NO-MATCH (checked vs 2083)	UNIVERSAL-BORDER: мова-незалежна семантика знань/виводу, не host/IO	juv4uk/sens@76460b72cccad6bc44b39e87372f37613735d7a1:lib/yantra.lisp:165	pending-review	0
D10P-0218	alist-ref	alist-ref	alist-ref	поведінка визначена джерелом alist-ref	D10	juv4uk/sens@76460b72cccad6bc44b39e87372f37613735d7a1:lib/yantra.lisp:175	D1-D9@main=NO-MATCH;D10@main=NO-MATCH (checked vs 2083)	UNIVERSAL-BORDER: мова-незалежна семантика знань/виводу, не host/IO	juv4uk/sens@76460b72cccad6bc44b39e87372f37613735d7a1:lib/yantra.lisp:175	pending-review	0
D10P-0219	msg-role	msg-role	msg-role	поведінка визначена джерелом msg-role	D10	juv4uk/sens@76460b72cccad6bc44b39e87372f37613735d7a1:lib/yantra.lisp:181	D1-D9@main=NO-MATCH;D10@main=NO-MATCH (checked vs 2083)	UNIVERSAL-BORDER: мова-незалежна семантика знань/виводу, не host/IO	juv4uk/sens@76460b72cccad6bc44b39e87372f37613735d7a1:lib/yantra.lisp:181	pending-review	0
D10P-0220	msg-content	msg-content	msg-content	поведінка визначена джерелом msg-content	D10	juv4uk/sens@76460b72cccad6bc44b39e87372f37613735d7a1:lib/yantra.lisp:182	D1-D9@main=NO-MATCH;D10@main=NO-MATCH (checked vs 2083)	UNIVERSAL-BORDER: мова-незалежна семантика знань/виводу, не host/IO	juv4uk/sens@76460b72cccad6bc44b39e87372f37613735d7a1:lib/yantra.lisp:182	pending-review	0
D10P-0221	msg-tool-calls	msg-tool-calls	msg-tool-calls	поведінка визначена джерелом msg-tool-calls	D10	juv4uk/sens@76460b72cccad6bc44b39e87372f37613735d7a1:lib/yantra.lisp:183	D1-D9@main=NO-MATCH;D10@main=NO-MATCH (checked vs 2083)	UNIVERSAL-BORDER: мова-незалежна семантика знань/виводу, не host/IO	juv4uk/sens@76460b72cccad6bc44b39e87372f37613735d7a1:lib/yantra.lisp:183	pending-review	0
D10P-0222	msg-tool-call-id	msg-tool-call-id	msg-tool-call-id	поведінка визначена джерелом msg-tool-call-id	D10	juv4uk/sens@76460b72cccad6bc44b39e87372f37613735d7a1:lib/yantra.lisp:184	D1-D9@main=NO-MATCH;D10@main=NO-MATCH (checked vs 2083)	UNIVERSAL-BORDER: мова-незалежна семантика знань/виводу, не host/IO	juv4uk/sens@76460b72cccad6bc44b39e87372f37613735d7a1:lib/yantra.lisp:184	pending-review	0
D10P-0223	tc-id	tc-id	tc-id	поведінка визначена джерелом tc-id	D10	juv4uk/sens@76460b72cccad6bc44b39e87372f37613735d7a1:lib/yantra.lisp:186	D1-D9@main=NO-MATCH;D10@main=NO-MATCH (checked vs 2083)	UNIVERSAL-BORDER: мова-незалежна семантика знань/виводу, не host/IO	juv4uk/sens@76460b72cccad6bc44b39e87372f37613735d7a1:lib/yantra.lisp:186	pending-review	0
D10P-0224	tc-name	tc-name	tc-name	поведінка визначена джерелом tc-name	D10	juv4uk/sens@76460b72cccad6bc44b39e87372f37613735d7a1:lib/yantra.lisp:187	D1-D9@main=NO-MATCH;D10@main=NO-MATCH (checked vs 2083)	UNIVERSAL-BORDER: мова-незалежна семантика знань/виводу, не host/IO	juv4uk/sens@76460b72cccad6bc44b39e87372f37613735d7a1:lib/yantra.lisp:187	pending-review	0
D10P-0225	tc-arguments	tc-arguments	tc-arguments	поведінка визначена джерелом tc-arguments	D10	juv4uk/sens@76460b72cccad6bc44b39e87372f37613735d7a1:lib/yantra.lisp:188	D1-D9@main=NO-MATCH;D10@main=NO-MATCH (checked vs 2083)	UNIVERSAL-BORDER: мова-незалежна семантика знань/виводу, не host/IO	juv4uk/sens@76460b72cccad6bc44b39e87372f37613735d7a1:lib/yantra.lisp:188	pending-review	0
D10P-0226	json->tool-call	json->tool-call	json->tool-call	поведінка визначена джерелом json->tool-call	D10	juv4uk/sens@76460b72cccad6bc44b39e87372f37613735d7a1:lib/yantra.lisp:198	D1-D9@main=NO-MATCH;D10@main=NO-MATCH (checked vs 2083)	UNIVERSAL-BORDER: мова-незалежна семантика знань/виводу, не host/IO	juv4uk/sens@76460b72cccad6bc44b39e87372f37613735d7a1:lib/yantra.lisp:198	pending-review	0
D10P-0227	json->message	json->message	json->message	поведінка визначена джерелом json->message	D10	juv4uk/sens@76460b72cccad6bc44b39e87372f37613735d7a1:lib/yantra.lisp:205	D1-D9@main=NO-MATCH;D10@main=NO-MATCH (checked vs 2083)	UNIVERSAL-BORDER: мова-незалежна семантика знань/виводу, не host/IO	juv4uk/sens@76460b72cccad6bc44b39e87372f37613735d7a1:lib/yantra.lisp:205	pending-review	0
D10P-0228	"type"	"type"	"type"	поведінка визначена джерелом "type"	D10	juv4uk/sens@76460b72cccad6bc44b39e87372f37613735d7a1:lib/yantra.lisp:227	D1-D9@main=NO-MATCH;D10@main=NO-MATCH (checked vs 2083)	UNIVERSAL-BORDER: мова-незалежна семантика знань/виводу, не host/IO	juv4uk/sens@76460b72cccad6bc44b39e87372f37613735d7a1:lib/yantra.lisp:227	pending-review	0
D10P-0229	"function"	"function"	"function"	поведінка визначена джерелом "function"	D10	juv4uk/sens@76460b72cccad6bc44b39e87372f37613735d7a1:lib/yantra.lisp:228	D1-D9@main=NO-MATCH;D10@main=NO-MATCH (checked vs 2083)	UNIVERSAL-BORDER: мова-незалежна семантика знань/виводу, не host/IO	juv4uk/sens@76460b72cccad6bc44b39e87372f37613735d7a1:lib/yantra.lisp:228	pending-review	0
D10P-0230	"arguments"	"arguments"	"arguments"	поведінка визначена джерелом "arguments"	D10	juv4uk/sens@76460b72cccad6bc44b39e87372f37613735d7a1:lib/yantra.lisp:229	D1-D9@main=NO-MATCH;D10@main=NO-MATCH (checked vs 2083)	UNIVERSAL-BORDER: мова-незалежна семантика знань/виводу, не host/IO	juv4uk/sens@76460b72cccad6bc44b39e87372f37613735d7a1:lib/yantra.lisp:229	pending-review	0
D10P-0231	"tool_call_id"	"tool_call_id"	"tool_call_id"	поведінка визначена джерелом "tool_call_id"	D10	juv4uk/sens@76460b72cccad6bc44b39e87372f37613735d7a1:lib/yantra.lisp:236	D1-D9@main=NO-MATCH;D10@main=NO-MATCH (checked vs 2083)	UNIVERSAL-BORDER: мова-незалежна семантика знань/виводу, не host/IO	juv4uk/sens@76460b72cccad6bc44b39e87372f37613735d7a1:lib/yantra.lisp:236	pending-review	0
D10P-0232	"content"	"content"	"content"	поведінка визначена джерелом "content"	D10	juv4uk/sens@76460b72cccad6bc44b39e87372f37613735d7a1:lib/yantra.lisp:237	D1-D9@main=NO-MATCH;D10@main=NO-MATCH (checked vs 2083)	UNIVERSAL-BORDER: мова-незалежна семантика знань/виводу, не host/IO	juv4uk/sens@76460b72cccad6bc44b39e87372f37613735d7a1:lib/yantra.lisp:237	pending-review	0
D10P-0233	"content"	"content"	"content"	поведінка визначена джерелом "content"	D10	juv4uk/sens@76460b72cccad6bc44b39e87372f37613735d7a1:lib/yantra.lisp:240	D1-D9@main=NO-MATCH;D10@main=NO-MATCH (checked vs 2083)	UNIVERSAL-BORDER: мова-незалежна семантика знань/виводу, не host/IO	juv4uk/sens@76460b72cccad6bc44b39e87372f37613735d7a1:lib/yantra.lisp:240	pending-review	0
D10P-0234	bash-tool-schema	bash-tool-schema	bash-tool-schema	поведінка визначена джерелом bash-tool-schema	D10	juv4uk/sens@76460b72cccad6bc44b39e87372f37613735d7a1:lib/yantra.lisp:244	D1-D9@main=NO-MATCH;D10@main=NO-MATCH (checked vs 2083)	UNIVERSAL-BORDER: мова-незалежна семантика знань/виводу, не host/IO	juv4uk/sens@76460b72cccad6bc44b39e87372f37613735d7a1:lib/yantra.lisp:244	pending-review	0
D10P-0235	"function"	"function"	"function"	поведінка визначена джерелом "function"	D10	juv4uk/sens@76460b72cccad6bc44b39e87372f37613735d7a1:lib/yantra.lisp:247	D1-D9@main=NO-MATCH;D10@main=NO-MATCH (checked vs 2083)	UNIVERSAL-BORDER: мова-незалежна семантика знань/виводу, не host/IO	juv4uk/sens@76460b72cccad6bc44b39e87372f37613735d7a1:lib/yantra.lisp:247	pending-review	0
D10P-0236	"description"	"description"	"description"	поведінка визначена джерелом "description"	D10	juv4uk/sens@76460b72cccad6bc44b39e87372f37613735d7a1:lib/yantra.lisp:249	D1-D9@main=NO-MATCH;D10@main=NO-MATCH (checked vs 2083)	UNIVERSAL-BORDER: мова-незалежна семантика знань/виводу, не host/IO	juv4uk/sens@76460b72cccad6bc44b39e87372f37613735d7a1:lib/yantra.lisp:249	pending-review	0
D10P-0237	"parameters"	"parameters"	"parameters"	поведінка визначена джерелом "parameters"	D10	juv4uk/sens@76460b72cccad6bc44b39e87372f37613735d7a1:lib/yantra.lisp:250	D1-D9@main=NO-MATCH;D10@main=NO-MATCH (checked vs 2083)	UNIVERSAL-BORDER: мова-незалежна семантика знань/виводу, не host/IO	juv4uk/sens@76460b72cccad6bc44b39e87372f37613735d7a1:lib/yantra.lisp:250	pending-review	0
D10P-0238	"properties"	"properties"	"properties"	поведінка визначена джерелом "properties"	D10	juv4uk/sens@76460b72cccad6bc44b39e87372f37613735d7a1:lib/yantra.lisp:252	D1-D9@main=NO-MATCH;D10@main=NO-MATCH (checked vs 2083)	UNIVERSAL-BORDER: мова-незалежна семантика знань/виводу, не host/IO	juv4uk/sens@76460b72cccad6bc44b39e87372f37613735d7a1:lib/yantra.lisp:252	pending-review	0
D10P-0239	"description"	"description"	"description"	поведінка визначена джерелом "description"	D10	juv4uk/sens@76460b72cccad6bc44b39e87372f37613735d7a1:lib/yantra.lisp:254	D1-D9@main=NO-MATCH;D10@main=NO-MATCH (checked vs 2083)	UNIVERSAL-BORDER: мова-незалежна семантика знань/виводу, не host/IO	juv4uk/sens@76460b72cccad6bc44b39e87372f37613735d7a1:lib/yantra.lisp:254	pending-review	0
D10P-0240	"required"	"required"	"required"	поведінка визначена джерелом "required"	D10	juv4uk/sens@76460b72cccad6bc44b39e87372f37613735d7a1:lib/yantra.lisp:255	D1-D9@main=NO-MATCH;D10@main=NO-MATCH (checked vs 2083)	UNIVERSAL-BORDER: мова-незалежна семантика знань/виводу, не host/IO	juv4uk/sens@76460b72cccad6bc44b39e87372f37613735d7a1:lib/yantra.lisp:255	pending-review	0
D10P-0241	"messages"	"messages"	"messages"	поведінка визначена джерелом "messages"	D10	juv4uk/sens@76460b72cccad6bc44b39e87372f37613735d7a1:lib/yantra.lisp:261	D1-D9@main=NO-MATCH;D10@main=NO-MATCH (checked vs 2083)	UNIVERSAL-BORDER: мова-незалежна семантика знань/виводу, не host/IO	juv4uk/sens@76460b72cccad6bc44b39e87372f37613735d7a1:lib/yantra.lisp:261	pending-review	0
D10P-0242	"tools"	"tools"	"tools"	поведінка визначена джерелом "tools"	D10	juv4uk/sens@76460b72cccad6bc44b39e87372f37613735d7a1:lib/yantra.lisp:262	D1-D9@main=NO-MATCH;D10@main=NO-MATCH (checked vs 2083)	UNIVERSAL-BORDER: мова-незалежна семантика знань/виводу, не host/IO	juv4uk/sens@76460b72cccad6bc44b39e87372f37613735d7a1:lib/yantra.lisp:262	pending-review	0
D10P-0243	http-post-json	http-post-json	http-post-json	поведінка визначена джерелом http-post-json	D10	juv4uk/sens@76460b72cccad6bc44b39e87372f37613735d7a1:lib/yantra.lisp:270	D1-D9@main=NO-MATCH;D10@main=NO-MATCH (checked vs 2083)	UNIVERSAL-BORDER: мова-незалежна семантика знань/виводу, не host/IO	juv4uk/sens@76460b72cccad6bc44b39e87372f37613735d7a1:lib/yantra.lisp:270	pending-review	0
D10P-0244	"-s"	"-s"	"-s"	поведінка визначена джерелом "-s"	D10	juv4uk/sens@76460b72cccad6bc44b39e87372f37613735d7a1:lib/yantra.lisp:281	D1-D9@main=NO-MATCH;D10@main=NO-MATCH (checked vs 2083)	UNIVERSAL-BORDER: мова-незалежна семантика знань/виводу, не host/IO	juv4uk/sens@76460b72cccad6bc44b39e87372f37613735d7a1:lib/yantra.lisp:281	pending-review	0
D10P-0245	http-transport-exit	http-transport-exit	http-transport-exit	поведінка визначена джерелом http-transport-exit	D10	juv4uk/sens@76460b72cccad6bc44b39e87372f37613735d7a1:lib/yantra.lisp:294	D1-D9@main=NO-MATCH;D10@main=NO-MATCH (checked vs 2083)	UNIVERSAL-BORDER: мова-незалежна семантика знань/виводу, не host/IO	juv4uk/sens@76460b72cccad6bc44b39e87372f37613735d7a1:lib/yantra.lisp:294	pending-review	0
D10P-0246	http-transport-body	http-transport-body	http-transport-body	поведінка визначена джерелом http-transport-body	D10	juv4uk/sens@76460b72cccad6bc44b39e87372f37613735d7a1:lib/yantra.lisp:295	D1-D9@main=NO-MATCH;D10@main=NO-MATCH (checked vs 2083)	UNIVERSAL-BORDER: мова-незалежна семантика знань/виводу, не host/IO	juv4uk/sens@76460b72cccad6bc44b39e87372f37613735d7a1:lib/yantra.lisp:295	pending-review	0
D10P-0247	http-transport-stderr	http-transport-stderr	http-transport-stderr	поведінка визначена джерелом http-transport-stderr	D10	juv4uk/sens@76460b72cccad6bc44b39e87372f37613735d7a1:lib/yantra.lisp:296	D1-D9@main=NO-MATCH;D10@main=NO-MATCH (checked vs 2083)	UNIVERSAL-BORDER: мова-незалежна семантика знань/виводу, не host/IO	juv4uk/sens@76460b72cccad6bc44b39e87372f37613735d7a1:lib/yantra.lisp:296	pending-review	0
D10P-0248	execute-bash	execute-bash	execute-bash	поведінка визначена джерелом execute-bash	D10	juv4uk/sens@76460b72cccad6bc44b39e87372f37613735d7a1:lib/yantra.lisp:305	D1-D9@main=NO-MATCH;D10@main=NO-MATCH (checked vs 2083)	UNIVERSAL-BORDER: мова-незалежна семантика знань/виводу, не host/IO	juv4uk/sens@76460b72cccad6bc44b39e87372f37613735d7a1:lib/yantra.lisp:305	pending-review	0
D10P-0249	dispatch-tool	dispatch-tool	dispatch-tool	поведінка визначена джерелом dispatch-tool	D10	juv4uk/sens@76460b72cccad6bc44b39e87372f37613735d7a1:lib/yantra.lisp:323	D1-D9@main=NO-MATCH;D10@main=NO-MATCH (checked vs 2083)	UNIVERSAL-BORDER: мова-незалежна семантика знань/виводу, не host/IO	juv4uk/sens@76460b72cccad6bc44b39e87372f37613735d7a1:lib/yantra.lisp:323	pending-review	0
D10P-0250	execute-tool-call	execute-tool-call	execute-tool-call	поведінка визначена джерелом execute-tool-call	D10	juv4uk/sens@76460b72cccad6bc44b39e87372f37613735d7a1:lib/yantra.lisp:329	D1-D9@main=NO-MATCH;D10@main=NO-MATCH (checked vs 2083)	UNIVERSAL-BORDER: мова-незалежна семантика знань/виводу, не host/IO	juv4uk/sens@76460b72cccad6bc44b39e87372f37613735d7a1:lib/yantra.lisp:329	pending-review	0
D10P-0251	append-tool-results	append-tool-results	append-tool-results	поведінка визначена джерелом append-tool-results	D10	juv4uk/sens@76460b72cccad6bc44b39e87372f37613735d7a1:lib/yantra.lisp:336	D1-D9@main=NO-MATCH;D10@main=NO-MATCH (checked vs 2083)	UNIVERSAL-BORDER: мова-незалежна семантика знань/виводу, не host/IO	juv4uk/sens@76460b72cccad6bc44b39e87372f37613735d7a1:lib/yantra.lisp:336	pending-review	0
D10P-0252	tcs	tcs	tcs	поведінка визначена джерелом tcs	D10	juv4uk/sens@76460b72cccad6bc44b39e87372f37613735d7a1:lib/yantra.lisp:342	D1-D9@main=NO-MATCH;D10@main=NO-MATCH (checked vs 2083)	UNIVERSAL-BORDER: мова-незалежна семантика знань/виводу, не host/IO	juv4uk/sens@76460b72cccad6bc44b39e87372f37613735d7a1:lib/yantra.lisp:342	pending-review	0
D10P-0253	acc	acc	acc	поведінка визначена джерелом acc	D10	juv4uk/sens@76460b72cccad6bc44b39e87372f37613735d7a1:lib/yantra.lisp:343	D1-D9@main=NO-MATCH;D10@main=NO-MATCH (checked vs 2083)	UNIVERSAL-BORDER: мова-незалежна семантика знань/виводу, не host/IO	juv4uk/sens@76460b72cccad6bc44b39e87372f37613735d7a1:lib/yantra.lisp:343	pending-review	0
D10P-0254	claim-markers	claim-markers	claim-markers	поведінка визначена джерелом claim-markers	D10	juv4uk/sens@76460b72cccad6bc44b39e87372f37613735d7a1:lib/yantra.lisp:352	D1-D9@main=NO-MATCH;D10@main=NO-MATCH (checked vs 2083)	UNIVERSAL-BORDER: мова-незалежна семантика знань/виводу, не host/IO	juv4uk/sens@76460b72cccad6bc44b39e87372f37613735d7a1:lib/yantra.lisp:352	pending-review	0
D10P-0255	markers-contained?	markers-contained?	markers-contained?	поведінка визначена джерелом markers-contained?	D10	juv4uk/sens@76460b72cccad6bc44b39e87372f37613735d7a1:lib/yantra.lisp:355	D1-D9@main=NO-MATCH;D10@main=NO-MATCH (checked vs 2083)	UNIVERSAL-BORDER: мова-незалежна семантика знань/виводу, не host/IO	juv4uk/sens@76460b72cccad6bc44b39e87372f37613735d7a1:lib/yantra.lisp:355	pending-review	0
D10P-0256	msg-call-ids	msg-call-ids	msg-call-ids	поведінка визначена джерелом msg-call-ids	D10	juv4uk/sens@76460b72cccad6bc44b39e87372f37613735d7a1:lib/yantra.lisp:393	D1-D9@main=NO-MATCH;D10@main=NO-MATCH (checked vs 2083)	UNIVERSAL-BORDER: мова-незалежна семантика знань/виводу, не host/IO	juv4uk/sens@76460b72cccad6bc44b39e87372f37613735d7a1:lib/yantra.lisp:393	pending-review	0
D10P-0257	id-in-list?	id-in-list?	id-in-list?	поведінка визначена джерелом id-in-list?	D10	juv4uk/sens@76460b72cccad6bc44b39e87372f37613735d7a1:lib/yantra.lisp:396	D1-D9@main=NO-MATCH;D10@main=NO-MATCH (checked vs 2083)	UNIVERSAL-BORDER: мова-незалежна семантика знань/виводу, не host/IO	juv4uk/sens@76460b72cccad6bc44b39e87372f37613735d7a1:lib/yantra.lisp:396	pending-review	0
D10P-0258	collect-trailing-tools	collect-trailing-tools	collect-trailing-tools	поведінка визначена джерелом collect-trailing-tools	D10	juv4uk/sens@76460b72cccad6bc44b39e87372f37613735d7a1:lib/yantra.lisp:427	D1-D9@main=NO-MATCH;D10@main=NO-MATCH (checked vs 2083)	UNIVERSAL-BORDER: мова-незалежна семантика знань/виводу, не host/IO	juv4uk/sens@76460b72cccad6bc44b39e87372f37613735d7a1:lib/yantra.lisp:427	pending-review	0
D10P-0259	invalid-completion-nudge	invalid-completion-nudge	invalid-completion-nudge	поведінка визначена джерелом invalid-completion-nudge	D10	juv4uk/sens@76460b72cccad6bc44b39e87372f37613735d7a1:lib/yantra.lisp:453	D1-D9@main=NO-MATCH;D10@main=NO-MATCH (checked vs 2083)	UNIVERSAL-BORDER: мова-незалежна семантика знань/виводу, не host/IO	juv4uk/sens@76460b72cccad6bc44b39e87372f37613735d7a1:lib/yantra.lisp:453	pending-review	0
D10P-0260	max-turns	max-turns	max-turns	поведінка визначена джерелом max-turns	D10	juv4uk/sens@76460b72cccad6bc44b39e87372f37613735d7a1:lib/yantra.lisp:462	D1-D9@main=NO-MATCH;D10@main=NO-MATCH (checked vs 2083)	UNIVERSAL-BORDER: мова-незалежна семантика знань/виводу, не host/IO	juv4uk/sens@76460b72cccad6bc44b39e87372f37613735d7a1:lib/yantra.lisp:462	pending-review	0
D10P-0261	count-with-role	count-with-role	count-with-role	поведінка визначена джерелом count-with-role	D10	juv4uk/sens@76460b72cccad6bc44b39e87372f37613735d7a1:lib/yantra.lisp:464	D1-D9@main=NO-MATCH;D10@main=NO-MATCH (checked vs 2083)	UNIVERSAL-BORDER: мова-незалежна семантика знань/виводу, не host/IO	juv4uk/sens@76460b72cccad6bc44b39e87372f37613735d7a1:lib/yantra.lisp:464	pending-review	0
D10P-0262	agent-loop	agent-loop	agent-loop	поведінка визначена джерелом agent-loop	D10	juv4uk/sens@76460b72cccad6bc44b39e87372f37613735d7a1:lib/yantra.lisp:472	D1-D9@main=NO-MATCH;D10@main=NO-MATCH (checked vs 2083)	UNIVERSAL-BORDER: мова-незалежна семантика знань/виводу, не host/IO	juv4uk/sens@76460b72cccad6bc44b39e87372f37613735d7a1:lib/yantra.lisp:472	pending-review	0
D10P-0263	with-reply	with-reply	with-reply	поведінка визначена джерелом with-reply	D10	juv4uk/sens@76460b72cccad6bc44b39e87372f37613735d7a1:lib/yantra.lisp:492	D1-D9@main=NO-MATCH;D10@main=NO-MATCH (checked vs 2083)	UNIVERSAL-BORDER: мова-незалежна семантика знань/виводу, не host/IO	juv4uk/sens@76460b72cccad6bc44b39e87372f37613735d7a1:lib/yantra.lisp:492	pending-review	0
D10P-0264	turn	turn	turn	поведінка визначена джерелом turn	D10	juv4uk/sens@76460b72cccad6bc44b39e87372f37613735d7a1:lib/yantra.lisp:493	D1-D9@main=NO-MATCH;D10@main=NO-MATCH (checked vs 2083)	UNIVERSAL-BORDER: мова-незалежна семантика знань/виводу, не host/IO	juv4uk/sens@76460b72cccad6bc44b39e87372f37613735d7a1:lib/yantra.lisp:493	pending-review	0
D10P-0265	with-reply	with-reply	with-reply	поведінка визначена джерелом with-reply	D10	juv4uk/sens@76460b72cccad6bc44b39e87372f37613735d7a1:lib/yantra.lisp:502	D1-D9@main=NO-MATCH;D10@main=NO-MATCH (checked vs 2083)	UNIVERSAL-BORDER: мова-незалежна семантика знань/виводу, не host/IO	juv4uk/sens@76460b72cccad6bc44b39e87372f37613735d7a1:lib/yantra.lisp:502	pending-review	0
D10P-0266	turn	turn	turn	поведінка визначена джерелом turn	D10	juv4uk/sens@76460b72cccad6bc44b39e87372f37613735d7a1:lib/yantra.lisp:503	D1-D9@main=NO-MATCH;D10@main=NO-MATCH (checked vs 2083)	UNIVERSAL-BORDER: мова-незалежна семантика знань/виводу, не host/IO	juv4uk/sens@76460b72cccad6bc44b39e87372f37613735d7a1:lib/yantra.lisp:503	pending-review	0
D10P-0267	with-reply	with-reply	with-reply	поведінка визначена джерелом with-reply	D10	juv4uk/sens@76460b72cccad6bc44b39e87372f37613735d7a1:lib/yantra.lisp:505	D1-D9@main=NO-MATCH;D10@main=NO-MATCH (checked vs 2083)	UNIVERSAL-BORDER: мова-незалежна семантика знань/виводу, не host/IO	juv4uk/sens@76460b72cccad6bc44b39e87372f37613735d7a1:lib/yantra.lisp:505	pending-review	0
D10P-0268	turn	turn	turn	поведінка визначена джерелом turn	D10	juv4uk/sens@76460b72cccad6bc44b39e87372f37613735d7a1:lib/yantra.lisp:506	D1-D9@main=NO-MATCH;D10@main=NO-MATCH (checked vs 2083)	UNIVERSAL-BORDER: мова-незалежна семантика знань/виводу, не host/IO	juv4uk/sens@76460b72cccad6bc44b39e87372f37613735d7a1:lib/yantra.lisp:506	pending-review	0
D10P-0269	run-agent	run-agent	run-agent	поведінка визначена джерелом run-agent	D10	juv4uk/sens@76460b72cccad6bc44b39e87372f37613735d7a1:lib/yantra.lisp:508	D1-D9@main=NO-MATCH;D10@main=NO-MATCH (checked vs 2083)	UNIVERSAL-BORDER: мова-незалежна семантика знань/виводу, не host/IO	juv4uk/sens@76460b72cccad6bc44b39e87372f37613735d7a1:lib/yantra.lisp:508	pending-review	0
D10P-0270	result-status	result-status	result-status	поведінка визначена джерелом result-status	D10	juv4uk/sens@76460b72cccad6bc44b39e87372f37613735d7a1:lib/yantra.lisp:516	D1-D9@main=NO-MATCH;D10@main=NO-MATCH (checked vs 2083)	UNIVERSAL-BORDER: мова-незалежна семантика знань/виводу, не host/IO	juv4uk/sens@76460b72cccad6bc44b39e87372f37613735d7a1:lib/yantra.lisp:516	pending-review	0
D10P-0271	result-epistemic-status	result-epistemic-status	result-epistemic-status	поведінка визначена джерелом result-epistemic-status	D10	juv4uk/sens@76460b72cccad6bc44b39e87372f37613735d7a1:lib/yantra.lisp:517	D1-D9@main=NO-MATCH;D10@main=NO-MATCH (checked vs 2083)	UNIVERSAL-BORDER: мова-незалежна семантика знань/виводу, не host/IO	juv4uk/sens@76460b72cccad6bc44b39e87372f37613735d7a1:lib/yantra.lisp:517	pending-review	0
D10P-0272	result-answer	result-answer	result-answer	поведінка визначена джерелом result-answer	D10	juv4uk/sens@76460b72cccad6bc44b39e87372f37613735d7a1:lib/yantra.lisp:518	D1-D9@main=NO-MATCH;D10@main=NO-MATCH (checked vs 2083)	UNIVERSAL-BORDER: мова-незалежна семантика знань/виводу, не host/IO	juv4uk/sens@76460b72cccad6bc44b39e87372f37613735d7a1:lib/yantra.lisp:518	pending-review	0
D10P-0273	result-turn	result-turn	result-turn	поведінка визначена джерелом result-turn	D10	juv4uk/sens@76460b72cccad6bc44b39e87372f37613735d7a1:lib/yantra.lisp:519	D1-D9@main=NO-MATCH;D10@main=NO-MATCH (checked vs 2083)	UNIVERSAL-BORDER: мова-незалежна семантика знань/виводу, не host/IO	juv4uk/sens@76460b72cccad6bc44b39e87372f37613735d7a1:lib/yantra.lisp:519	pending-review	0
D10P-0274	result-messages	result-messages	result-messages	поведінка визначена джерелом result-messages	D10	juv4uk/sens@76460b72cccad6bc44b39e87372f37613735d7a1:lib/yantra.lisp:520	D1-D9@main=NO-MATCH;D10@main=NO-MATCH (checked vs 2083)	UNIVERSAL-BORDER: мова-незалежна семантика знань/виводу, не host/IO	juv4uk/sens@76460b72cccad6bc44b39e87372f37613735d7a1:lib/yantra.lisp:520	pending-review	0
D10P-0275	ollama-url	ollama-url	ollama-url	поведінка визначена джерелом ollama-url	D10	juv4uk/sens@76460b72cccad6bc44b39e87372f37613735d7a1:lib/yantra.lisp:528	D1-D9@main=NO-MATCH;D10@main=NO-MATCH (checked vs 2083)	UNIVERSAL-BORDER: мова-незалежна семантика знань/виводу, не host/IO	juv4uk/sens@76460b72cccad6bc44b39e87372f37613735d7a1:lib/yantra.lisp:528	pending-review	0
D10P-0276	ollama-model	ollama-model	ollama-model	поведінка визначена джерелом ollama-model	D10	juv4uk/sens@76460b72cccad6bc44b39e87372f37613735d7a1:lib/yantra.lisp:529	D1-D9@main=NO-MATCH;D10@main=NO-MATCH (checked vs 2083)	UNIVERSAL-BORDER: мова-незалежна семантика знань/виводу, не host/IO	juv4uk/sens@76460b72cccad6bc44b39e87372f37613735d7a1:lib/yantra.lisp:529	pending-review	0
D10P-0277	ollama-complete	ollama-complete	ollama-complete	поведінка визначена джерелом ollama-complete	D10	juv4uk/sens@76460b72cccad6bc44b39e87372f37613735d7a1:lib/yantra.lisp:531	D1-D9@main=NO-MATCH;D10@main=NO-MATCH (checked vs 2083)	UNIVERSAL-BORDER: мова-незалежна семантика знань/виводу, не host/IO	juv4uk/sens@76460b72cccad6bc44b39e87372f37613735d7a1:lib/yantra.lisp:531	pending-review	0
D10P-0278	"curl	"curl	"curl	поведінка визначена джерелом "curl	D10	juv4uk/sens@76460b72cccad6bc44b39e87372f37613735d7a1:lib/yantra.lisp:544	D1-D9@main=NO-MATCH;D10@main=NO-MATCH (checked vs 2083)	UNIVERSAL-BORDER: мова-незалежна семантика знань/виводу, не host/IO	juv4uk/sens@76460b72cccad6bc44b39e87372f37613735d7a1:lib/yantra.lisp:544	pending-review	0
