path	independence_status	migration_plan
.github/scripts/apply-canon-semantic-ref-slice.py	foreign	міграція-інструмента-до-SENS-оракула-зі-збереженням-свідків:#5398
.github/scripts/fix-builtin-semantic-identity-clippy.py	foreign	міграція-інструмента-до-SENS-оракула-зі-збереженням-свідків:#5398
.github/scripts/fix-builtin-semantic-identity.py	foreign	міграція-інструмента-до-SENS-оракула-зі-збереженням-свідків:#5398
.github/scripts/update-semantic-presentation-test.py	foreign	міграція-інструмента-до-SENS-оракула-зі-збереженням-свідків:#5398
benchmarks/agent-messages/py_agent.py	foreign	міграція-інструмента-до-SENS-оракула-зі-збереженням-свідків:#5398
benchmarks/agent-messages/run.py	foreign	міграція-інструмента-до-SENS-оракула-зі-збереженням-свідків:#5398
benchmarks/agent-messages/size_by_kind.py	foreign	міграція-інструмента-до-SENS-оракула-зі-збереженням-свідків:#5398
benchmarks/agent-messages/wall_throughput.py	foreign	міграція-інструмента-до-SENS-оракула-зі-збереженням-свідків:#5398
benchmarks/axiom-basis-minimality/probe.py	foreign	міграція-інструмента-до-SENS-оракула-зі-збереженням-свідків:#5398
benchmarks/bija123-recursive-cube/run.py	foreign	міграція-інструмента-до-SENS-оракула-зі-збереженням-свідків:#5398
benchmarks/bija3-pure-cube/run.py	foreign	міграція-інструмента-до-SENS-оракула-зі-збереженням-свідків:#5398
benchmarks/binary-domain-separation/run.py	foreign	міграція-інструмента-до-SENS-оракула-зі-збереженням-свідків:#5398
benchmarks/boundary-index/run.py	foreign	міграція-інструмента-до-SENS-оракула-зі-збереженням-свідків:#5398
benchmarks/byte-pack/physical_phase.py	foreign	міграція-інструмента-до-SENS-оракула-зі-збереженням-свідків:#5398
benchmarks/byte-pack/physical_t5.py	foreign	міграція-інструмента-до-SENS-оракула-зі-збереженням-свідків:#5398
benchmarks/byte-pack/run.py	foreign	міграція-інструмента-до-SENS-оракула-зі-збереженням-свідків:#5398
benchmarks/cachegrind-join/join_cachegrind.py	foreign	міграція-інструмента-до-SENS-оракула-зі-збереженням-свідків:#5398
benchmarks/consequence-kernel/run.py	foreign	міграція-інструмента-до-SENS-оракула-зі-збереженням-свідків:#5398
benchmarks/context-carrier/run.py	foreign	міграція-інструмента-до-SENS-оракула-зі-збереженням-свідків:#5398
benchmarks/core-bootstrap-internal/run.py	foreign	міграція-інструмента-до-SENS-оракула-зі-збереженням-свідків:#5398
benchmarks/core-bootstrap-split/run.py	foreign	міграція-інструмента-до-SENS-оракула-зі-збереженням-свідків:#5398
benchmarks/core-coremath-q-final-fit/run.py	foreign	міграція-інструмента-до-SENS-оракула-зі-збереженням-свідків:#5398
benchmarks/core-coremath-selector-convergence/run.py	foreign	міграція-інструмента-до-SENS-оракула-зі-збереженням-свідків:#5398
benchmarks/core-math-autonomous-closure/run.py	foreign	міграція-інструмента-до-SENS-оракула-зі-збереженням-свідків:#5398
benchmarks/core-math-closure-scaling/run.py	foreign	міграція-інструмента-до-SENS-оракула-зі-збереженням-свідків:#5398
benchmarks/core-math-d5-arith-rectangle/probe.py	foreign	міграція-інструмента-до-SENS-оракула-зі-збереженням-свідків:#5398
benchmarks/core-math-equivalence-law/run.py	foreign	міграція-інструмента-до-SENS-оракула-зі-збереженням-свідків:#5398
benchmarks/core-math-function-root/probe.py	foreign	міграція-інструмента-до-SENS-оракула-зі-збереженням-свідків:#5398
benchmarks/core-math-generated-identity/run.py	foreign	міграція-інструмента-до-SENS-оракула-зі-збереженням-свідків:#5398
benchmarks/core-math-goal-proof-gate/run.py	foreign	міграція-інструмента-до-SENS-оракула-зі-збереженням-свідків:#5398
benchmarks/core-math-q-constant-bootstrap/probe.py	foreign	міграція-інструмента-до-SENS-оракула-зі-збереженням-свідків:#5398
benchmarks/core-math-selector-involution/probe.py	foreign	міграція-інструмента-до-SENS-оракула-зі-збереженням-свідків:#5398
benchmarks/core-number-q-product-ladder/run.py	foreign	міграція-інструмента-до-SENS-оракула-зі-збереженням-свідків:#5398
benchmarks/core-number-width-ladder/run.py	foreign	міграція-інструмента-до-SENS-оракула-зі-збереженням-свідків:#5398
benchmarks/countermodel-transducer/run.py	foreign	міграція-інструмента-до-SENS-оракула-зі-збереженням-свідків:#5398
benchmarks/cross-language/binary_trees_reference.py	foreign	міграція-інструмента-до-SENS-оракула-зі-збереженням-свідків:#5398
benchmarks/cross-language/cpython_driver.py	foreign	міграція-інструмента-до-SENS-оракула-зі-збереженням-свідків:#5398
benchmarks/cross-language/cpython_pyc_driver.py	foreign	міграція-інструмента-до-SENS-оракула-зі-збереженням-свідків:#5398
benchmarks/cross-language/extra/amplification/cpython_phases_min.py	foreign	міграція-інструмента-до-SENS-оракула-зі-збереженням-свідків:#5398
benchmarks/cross-language/extra/amplification/run_amp.py	foreign	міграція-інструмента-до-SENS-оракула-зі-збереженням-свідків:#5398
benchmarks/cross-language/extra/startup/run_startup.py	foreign	міграція-інструмента-до-SENS-оракула-зі-збереженням-свідків:#5398
benchmarks/cross-language/load_formats.py	foreign	міграція-інструмента-до-SENS-оракула-зі-збереженням-свідків:#5398
benchmarks/cross-language/racket_adapter.py	foreign	міграція-інструмента-до-SENS-оракула-зі-збереженням-свідків:#5398
benchmarks/cross-language/reality-matrix/nock/jam.py	foreign	міграція-інструмента-до-SENS-оракула-зі-збереженням-свідків:#5398
benchmarks/cross-language/reality-matrix/nock/run.py	foreign	міграція-інструмента-до-SENS-оракула-зі-збереженням-свідків:#5398
benchmarks/cross-language/reality-matrix/rss.py	foreign	міграція-інструмента-до-SENS-оракула-зі-збереженням-свідків:#5398
benchmarks/cross-language/reality-matrix/rust/run.py	foreign	міграція-інструмента-до-SENS-оракула-зі-збереженням-свідків:#5398
benchmarks/cross-language/reality-matrix/semantic-density/run.py	foreign	міграція-інструмента-до-SENS-оракула-зі-збереженням-свідків:#5398
benchmarks/cross-language/reality-matrix/validate.py	foreign	міграція-інструмента-до-SENS-оракула-зі-збереженням-свідків:#5398
benchmarks/cross-language/reality-matrix/wasm/run.py	foreign	міграція-інструмента-до-SENS-оракула-зі-збереженням-свідків:#5398
benchmarks/cross-language/reality-matrix/wasm/wasm_module.py	foreign	міграція-інструмента-до-SENS-оракула-зі-збереженням-свідків:#5398
benchmarks/cross-language/run.py	foreign	міграція-інструмента-до-SENS-оракула-зі-збереженням-свідків:#5398
benchmarks/cross-language/steady/corpus.py	foreign	міграція-інструмента-до-SENS-оракула-зі-збереженням-свідків:#5398
benchmarks/cross-language/steady/cpython_phases.py	foreign	міграція-інструмента-до-SENS-оракула-зі-збереженням-свідків:#5398
benchmarks/cross-language/steady/run_steady.py	foreign	міграція-інструмента-до-SENS-оракула-зі-збереженням-свідків:#5398
benchmarks/cross-language/steady/test_corpus.py	foreign	міграція-інструмента-до-SENS-оракула-зі-збереженням-свідків:#5398
benchmarks/current-en-vs-d1d8/cpu_runner.py	foreign	міграція-інструмента-до-SENS-оракула-зі-збереженням-свідків:#5398
benchmarks/current-en-vs-d1d8/performance_scoreboard.py	foreign	міграція-інструмента-до-SENS-оракула-зі-збереженням-свідків:#5398
benchmarks/current-en-vs-d1d8/phase_replay.py	foreign	міграція-інструмента-до-SENS-оракула-зі-збереженням-свідків:#5398
benchmarks/current-en-vs-d1d8/tests/test_cpu_runner.py	foreign	міграція-інструмента-до-SENS-оракула-зі-збереженням-свідків:#5398
benchmarks/current-en-vs-d1d8/tests/test_transport_runner.py	foreign	міграція-інструмента-до-SENS-оракула-зі-збереженням-свідків:#5398
benchmarks/current-en-vs-d1d8/tests/test_validate.py	foreign	міграція-інструмента-до-SENS-оракула-зі-збереженням-свідків:#5398
benchmarks/current-en-vs-d1d8/transport_runner.py	foreign	міграція-інструмента-до-SENS-оракула-зі-збереженням-свідків:#5398
benchmarks/current-en-vs-d1d8/validate.py	foreign	міграція-інструмента-до-SENS-оракула-зі-збереженням-свідків:#5398
benchmarks/current-exact-domain-corpus/run.py	foreign	міграція-інструмента-до-SENS-оракула-зі-збереженням-свідків:#5398
benchmarks/d1-d6-historical-gap-audit/run.py	foreign	міграція-інструмента-до-SENS-оракула-зі-збереженням-свідків:#5398
benchmarks/d14-panini-donor-invariance/run.py	foreign	міграція-інструмента-до-SENS-оракула-зі-збереженням-свідків:#5398
benchmarks/d3-d8-remap-null/run.py	foreign	міграція-інструмента-до-SENS-оракула-зі-збереженням-свідків:#5398
benchmarks/d3-d8-remap-solver/run.py	foreign	міграція-інструмента-до-SENS-оракула-зі-збереженням-свідків:#5398
benchmarks/d3-empty-ground/run.py	foreign	міграція-інструмента-до-SENS-оракула-зі-збереженням-свідків:#5398
benchmarks/d4-cleanroom-cond-fibre/run.py	foreign	міграція-інструмента-до-SENS-оракула-зі-збереженням-свідків:#5398
benchmarks/d4-cleanroom-eq-fibre/run.py	foreign	міграція-інструмента-до-SENS-оракула-зі-збереженням-свідків:#5398
benchmarks/d4-cleanroom-late-binding/run.py	foreign	міграція-інструмента-до-SENS-оракула-зі-збереженням-свідків:#5398
benchmarks/d4-cleanroom-parent-law/run.py	foreign	міграція-інструмента-до-SENS-оракула-зі-збереженням-свідків:#5398
benchmarks/d4-cleanroom-quote-fibre/run.py	foreign	міграція-інструмента-до-SENS-оракула-зі-збереженням-свідків:#5398
benchmarks/d4-cleanroom-reentry/run.py	foreign	міграція-інструмента-до-SENS-оракула-зі-збереженням-свідків:#5398
benchmarks/d4-prefix-lift/run.py	foreign	міграція-інструмента-до-SENS-оракула-зі-збереженням-свідків:#5398
benchmarks/d5-arithmetic-sibling-law/run.py	foreign	міграція-інструмента-до-SENS-оракула-зі-збереженням-свідків:#5398
benchmarks/d5-closure-map/run.py	foreign	міграція-інструмента-до-SENS-оракула-зі-збереженням-свідків:#5398
benchmarks/d5-d6-setq-identity/run.py	foreign	міграція-інструмента-до-SENS-оракула-зі-збереженням-свідків:#5398
benchmarks/d5-factor-independence/run.py	foreign	міграція-інструмента-до-SENS-оракула-зі-збереженням-свідків:#5398
benchmarks/d5-order-sibling-law/run.py	foreign	міграція-інструмента-до-SENS-оракула-зі-збереженням-свідків:#5398
benchmarks/d5-row-typing/validate.py	foreign	міграція-інструмента-до-SENS-оракула-зі-збереженням-свідків:#5398
benchmarks/d5-set-setq-sibling-law/run.py	foreign	міграція-інструмента-до-SENS-оракула-зі-збереженням-свідків:#5398
benchmarks/d5-structural-discovery/factor_graph.py	foreign	міграція-інструмента-до-SENS-оракула-зі-збереженням-свідків:#5398
benchmarks/d5-structural-discovery/special_call_factor.py	foreign	міграція-інструмента-до-SENS-оракула-зі-збереженням-свідків:#5398
benchmarks/d6-alt-parent-falsifier/run.py	foreign	міграція-інструмента-до-SENS-оракула-зі-збереженням-свідків:#5398
benchmarks/d6-binding-order/run.py	foreign	міграція-інструмента-до-SENS-оракула-зі-збереженням-свідків:#5398
benchmarks/d6-binding-residency-lower-bound/run.py	foreign	міграція-інструмента-до-SENS-оракула-зі-збереженням-свідків:#5398
benchmarks/d6-closure-map/run.py	foreign	міграція-інструмента-до-SENS-оракула-зі-збереженням-свідків:#5398
benchmarks/d6-historical-unplaced-handoff/run.py	foreign	міграція-інструмента-до-SENS-оракула-зі-збереженням-свідків:#5398
benchmarks/d6-history-handoff/run.py	foreign	міграція-інструмента-до-SENS-оракула-зі-збереженням-свідків:#5398
benchmarks/d6-macro-expansion-closure/run.py	foreign	міграція-інструмента-до-SENS-оракула-зі-збереженням-свідків:#5398
benchmarks/d6-nonprefix-falsifier/run.py	foreign	міграція-інструмента-до-SENS-оракула-зі-збереженням-свідків:#5398
benchmarks/d6-od005-input-rebase/run.py	foreign	міграція-інструмента-до-SENS-оракула-зі-збереженням-свідків:#5398
benchmarks/d6-pair-mutation-axis/run.py	foreign	міграція-інструмента-до-SENS-оракула-зі-збереженням-свідків:#5398
benchmarks/d6-parity-duality/run.py	foreign	міграція-інструмента-до-SENS-оракула-зі-збереженням-свідків:#5398
benchmarks/d6-pure-unknown-antinumerology/run.py	foreign	міграція-інструмента-до-SENS-оракула-зі-збереженням-свідків:#5398
benchmarks/d6-pure-unknown-domain-firewall/run.py	foreign	міграція-інструмента-до-SENS-оракула-зі-збереженням-свідків:#5398
benchmarks/d6-pure-unknown-parent-tournament/run.py	foreign	міграція-інструмента-до-SENS-оракула-зі-збереженням-свідків:#5398
benchmarks/d6-ratification-noncontagion/run.py	foreign	міграція-інструмента-до-SENS-оракула-зі-збереженням-свідків:#5398
benchmarks/d6-set-lattice/run.py	foreign	міграція-інструмента-до-SENS-оракула-зі-збереженням-свідків:#5398
benchmarks/d6-theorem-first-d4-product/run.py	foreign	міграція-інструмента-до-SENS-оракула-зі-збереженням-свідків:#5398
benchmarks/d6-theorem-first-d5-child/run.py	foreign	міграція-інструмента-до-SENS-оракула-зі-збереженням-свідків:#5398
benchmarks/d6-theorem-input-gate/run.py	foreign	міграція-інструмента-до-SENS-оракула-зі-збереженням-свідків:#5398
benchmarks/d6-unknown-frontier/anti_numerology.py	foreign	міграція-інструмента-до-SENS-оракула-зі-збереженням-свідків:#5398
benchmarks/d6-unknown-frontier/run.py	foreign	міграція-інструмента-до-SENS-оракула-зі-збереженням-свідків:#5398
benchmarks/d6-width-pressure/run.py	foreign	міграція-інструмента-до-SENS-оракула-зі-збереженням-свідків:#5398
benchmarks/d7-local-ordinal-corpus/generate.py	foreign	міграція-інструмента-до-SENS-оракула-зі-збереженням-свідків:#5398
benchmarks/d7-ratification-conformance/validate.py	foreign	міграція-інструмента-до-SENS-оракула-зі-збереженням-свідків:#5398
benchmarks/d7-v2/nonvarga.py	foreign	міграція-інструмента-до-SENS-оракула-зі-збереженням-свідків:#5398
benchmarks/d7-v2/residue.py	foreign	міграція-інструмента-до-SENS-оракула-зі-збереженням-свідків:#5398
benchmarks/d7-v2/varga.py	foreign	міграція-інструмента-до-SENS-оракула-зі-збереженням-свідків:#5398
benchmarks/d7-v2/vowel.py	foreign	міграція-інструмента-до-SENS-оракула-зі-збереженням-свідків:#5398
benchmarks/d8-any-all-polarity/run.py	foreign	міграція-інструмента-до-SENS-оракула-зі-збереженням-свідків:#5398
benchmarks/d8-collapse-screen/run.py	foreign	міграція-інструмента-до-SENS-оракула-зі-збереженням-свідків:#5398
benchmarks/d8-commuting-square-screen/run.py	foreign	міграція-інструмента-до-SENS-оракула-зі-збереженням-свідків:#5398
benchmarks/d8-curry-flip-independence/run.py	foreign	міграція-інструмента-до-SENS-оракула-зі-збереженням-свідків:#5398
benchmarks/d8-do-while-product/run.py	foreign	міграція-інструмента-до-SENS-оракула-зі-збереженням-свідків:#5398
benchmarks/d8-expt-recip-sign/run.py	foreign	міграція-інструмента-до-SENS-оракула-зі-збереженням-свідків:#5398
benchmarks/d8-integerp-rationalp-sign/run.py	foreign	міграція-інструмента-до-SENS-оракула-зі-збереженням-свідків:#5398
benchmarks/d8-neg-abs-recip/run.py	foreign	міграція-інструмента-до-SENS-оракула-зі-збереженням-свідків:#5398
benchmarks/d8-nth-maplist-direction/run.py	foreign	міграція-інструмента-до-SENS-оракула-зі-збереженням-свідків:#5398
benchmarks/d8-rassoc-acons-orientation/run.py	foreign	міграція-інструмента-до-SENS-оракула-зі-збереженням-свідків:#5398
benchmarks/d8-reduce-scan-direction/run.py	foreign	міграція-інструмента-до-SENS-оракула-зі-збереженням-свідків:#5398
benchmarks/d8-research-ledger/run.py	foreign	міграція-інструмента-до-SENS-оракула-зі-збереженням-свідків:#5398
benchmarks/d8-rplaca-rplacd/run.py	foreign	міграція-інструмента-до-SENS-оракула-зі-збереженням-свідків:#5398
benchmarks/d8-sublis-compose-commute/run.py	foreign	міграція-інструмента-до-SENS-оракула-зі-збереженням-свідків:#5398
benchmarks/d8-take-drop-edge/run.py	foreign	міграція-інструмента-до-SENS-оракула-зі-збереженням-свідків:#5398
benchmarks/d8-zip-unzip-orientation/run.py	foreign	міграція-інструмента-до-SENS-оракула-зі-збереженням-свідків:#5398
benchmarks/domain-altitude-economy/run.py	foreign	міграція-інструмента-до-SENS-оракула-зі-збереженням-свідків:#5398
benchmarks/domain-altitude-economy/validate.py	foreign	міграція-інструмента-до-SENS-оракула-зі-збереженням-свідків:#5398
benchmarks/domain-graph-metrics/run.py	foreign	міграція-інструмента-до-SENS-оракула-зі-збереженням-свідків:#5398
benchmarks/domain-graph-pressure/run.py	foreign	міграція-інструмента-до-SENS-оракула-зі-збереженням-свідків:#5398
benchmarks/domain-growth-qn/run.py	foreign	міграція-інструмента-до-SENS-оракула-зі-збереженням-свідків:#5398
benchmarks/domain1234-dispatch/run.py	foreign	міграція-інструмента-до-SENS-оракула-зі-збереженням-свідків:#5398
benchmarks/domain1234/run.py	foreign	міграція-інструмента-до-SENS-оракула-зі-збереженням-свідків:#5398
benchmarks/domain12345678/run.py	foreign	міграція-інструмента-до-SENS-оракула-зі-збереженням-свідків:#5398
benchmarks/en-vs-d1d8-cpu/run.py	foreign	міграція-інструмента-до-SENS-оракула-зі-збереженням-свідків:#5398
benchmarks/evidence-integrity/verify_physical_t5.py	foreign	міграція-інструмента-до-SENS-оракула-зі-збереженням-свідків:#5398
benchmarks/execution-ladder-conformance/emit_oracle.py	foreign	міграція-інструмента-до-SENS-оракула-зі-збереженням-свідків:#5398
benchmarks/execution-ladder-conformance/generate_bounded.py	foreign	міграція-інструмента-до-SENS-оракула-зі-збереженням-свідків:#5398
benchmarks/execution-ladder-conformance/selftest.py	foreign	міграція-інструмента-до-SENS-оракула-зі-збереженням-свідків:#5398
benchmarks/execution-ladder-conformance/validate.py	foreign	міграція-інструмента-до-SENS-оракула-зі-збереженням-свідків:#5398
benchmarks/execution-ladder-objective/batch_amortization.py	foreign	міграція-інструмента-до-SENS-оракула-зі-збереженням-свідків:#5398
benchmarks/execution-ladder-objective/delivery_cost.py	foreign	міграція-інструмента-до-SENS-оракула-зі-збереженням-свідків:#5398
benchmarks/execution-ladder-objective/encoding_cost.py	foreign	міграція-інструмента-до-SENS-оракула-зі-збереженням-свідків:#5398
benchmarks/execution-ladder-objective/run.py	foreign	міграція-інструмента-до-SENS-оракула-зі-збереженням-свідків:#5398
benchmarks/foundation-compatibility/run.py	foreign	міграція-інструмента-до-SENS-оракула-зі-збереженням-свідків:#5398
benchmarks/foundation-cost-ladder/run.py	foreign	міграція-інструмента-до-SENS-оракула-зі-збереженням-свідків:#5398
benchmarks/foundation-orientation/run.py	foreign	міграція-інструмента-до-SENS-оракула-зі-збереженням-свідків:#5398
benchmarks/fpga-exact-width/selftest.py	foreign	міграція-інструмента-до-SENS-оракула-зі-збереженням-свідків:#5398
benchmarks/fpga-exact-width/validate.py	foreign	міграція-інструмента-до-SENS-оракула-зі-збереженням-свідків:#5398
benchmarks/framing-decode/run.py	foreign	міграція-інструмента-до-SENS-оракула-зі-збереженням-свідків:#5398
benchmarks/function-number-algebra/probe.py	foreign	міграція-інструмента-до-SENS-оракула-зі-збереженням-свідків:#5398
benchmarks/function-number-product-space/probe.py	foreign	міграція-інструмента-до-SENS-оракула-зі-збереженням-свідків:#5398
benchmarks/function-number-product-space/selector_slab.py	foreign	міграція-інструмента-до-SENS-оракула-зі-збереженням-свідків:#5398
benchmarks/gc-current-rust-trace-census/run.py	foreign	міграція-інструмента-до-SENS-оракула-зі-збереженням-свідків:#5398
benchmarks/gc-mccarthy-donor/run.py	foreign	міграція-інструмента-до-SENS-оракула-зі-збереженням-свідків:#5398
benchmarks/gc-stress-oracle/run.py	foreign	міграція-інструмента-до-SENS-оракула-зі-збереженням-свідків:#5398
benchmarks/generation-accounting/run.py	foreign	міграція-інструмента-до-SENS-оракула-зі-збереженням-свідків:#5398
benchmarks/generation-certificate/run.py	foreign	міграція-інструмента-до-SENS-оракула-зі-збереженням-свідків:#5398
benchmarks/generator-economy/generator_economy.py	foreign	міграція-інструмента-до-SENS-оракула-зі-збереженням-свідків:#5398
benchmarks/generator-economy/run.py	foreign	міграція-інструмента-до-SENS-оракула-зі-збереженням-свідків:#5398
benchmarks/human-wire/chunking.py	foreign	міграція-інструмента-до-SENS-оракула-зі-збереженням-свідків:#5398
benchmarks/human-wire/model.py	foreign	міграція-інструмента-до-SENS-оракула-зі-збереженням-свідків:#5398
benchmarks/human-wire/receiver.py	foreign	міграція-інструмента-до-SENS-оракула-зі-збереженням-свідків:#5398
benchmarks/human-wire/t5_stream.py	foreign	міграція-інструмента-до-SENS-оракула-зі-збереженням-свідків:#5398
benchmarks/human-wire/test_model.py	foreign	міграція-інструмента-до-SENS-оракула-зі-збереженням-свідків:#5398
benchmarks/human-wire/test_t5_stream.py	foreign	міграція-інструмента-до-SENS-оракула-зі-збереженням-свідків:#5398
benchmarks/human-wire/timing.py	foreign	міграція-інструмента-до-SENS-оракула-зі-збереженням-свідків:#5398
benchmarks/human-wire/trial.py	foreign	міграція-інструмента-до-SENS-оракула-зі-збереженням-свідків:#5398
benchmarks/independent-reconstruction/ablation.py	foreign	міграція-інструмента-до-SENS-оракула-зі-збереженням-свідків:#5398
benchmarks/independent-reconstruction/run.py	foreign	міграція-інструмента-до-SENS-оракула-зі-збереженням-свідків:#5398
benchmarks/independent-root-domain/run.py	foreign	міграція-інструмента-до-SENS-оракула-зі-збереженням-свідків:#5398
benchmarks/l1-l5-d4-falsifier/run.py	foreign	міграція-інструмента-до-SENS-оракула-зі-збереженням-свідків:#5398
benchmarks/lisp15-arithmetic-ingest/run.py	foreign	міграція-інструмента-до-SENS-оракула-зі-збереженням-свідків:#5398
benchmarks/lisp15-numeric-predicate-factor/run.py	foreign	міграція-інструмента-до-SENS-оракула-зі-збереженням-свідків:#5398
benchmarks/memo24-arithmetic-ingest/run.py	foreign	міграція-інструмента-до-SENS-оракула-зі-збереженням-свідків:#5398
benchmarks/microcpu/bench.py	foreign	міграція-інструмента-до-SENS-оракула-зі-збереженням-свідків:#5398
benchmarks/microcpu/slot_cpu.py	foreign	міграція-інструмента-до-SENS-оракула-зі-збереженням-свідків:#5398
benchmarks/nonlocal-exit-domain/run.py	foreign	міграція-інструмента-до-SENS-оракула-зі-збереженням-свідків:#5398
benchmarks/pack-efficiency/random_scale.py	foreign	міграція-інструмента-до-SENS-оракула-зі-збереженням-свідків:#5398
benchmarks/pack-efficiency/run.py	foreign	міграція-інструмента-до-SENS-оракула-зі-збереженням-свідків:#5398
benchmarks/pack-vs-box/pack_vs_box.py	foreign	міграція-інструмента-до-SENS-оракула-зі-збереженням-свідків:#5398
benchmarks/packed-vs-visible/cold_start.py	foreign	міграція-інструмента-до-SENS-оракула-зі-збереженням-свідків:#5398
benchmarks/pair-eliminator-lower-bound/run.py	foreign	міграція-інструмента-до-SENS-оракула-зі-збереженням-свідків:#5398
benchmarks/physical-binary-performance/run.py	foreign	міграція-інструмента-до-SENS-оракула-зі-збереженням-свідків:#5398
benchmarks/physical-reality/run.py	foreign	міграція-інструмента-до-SENS-оракула-зі-збереженням-свідків:#5398
benchmarks/physical-sens-runtime/d5_hot.py	foreign	міграція-інструмента-до-SENS-оракула-зі-збереженням-свідків:#5398
benchmarks/physical-sens-runtime/d5_workloads.py	foreign	міграція-інструмента-до-SENS-оракула-зі-збереженням-свідків:#5398
benchmarks/physical-sens-runtime/hot.py	foreign	міграція-інструмента-до-SENS-оракула-зі-збереженням-свідків:#5398
benchmarks/physical-sens-runtime/irefs.py	foreign	міграція-інструмента-до-SENS-оракула-зі-збереженням-свідків:#5398
benchmarks/physical-sens-runtime/run.py	foreign	міграція-інструмента-до-SENS-оракула-зі-збереженням-свідків:#5398
benchmarks/post-d4-root-min-closeout/run.py	foreign	міграція-інструмента-до-SENS-оракула-зі-збереженням-свідків:#5398
benchmarks/post-d4-root-min-r1/run.py	foreign	міграція-інструмента-до-SENS-оракула-зі-збереженням-свідків:#5398
benchmarks/post-d4-root-min-r2/run.py	foreign	міграція-інструмента-до-SENS-оракула-зі-збереженням-свідків:#5398
benchmarks/post-d4-root-min-r3/run.py	foreign	міграція-інструмента-до-SENS-оракула-зі-збереженням-свідків:#5398
benchmarks/post-d4-root-min-r5/run.py	foreign	міграція-інструмента-до-SENS-оракула-зі-збереженням-свідків:#5398
benchmarks/post-d4-root-min/shared_location.py	foreign	міграція-інструмента-до-SENS-оракула-зі-збереженням-свідків:#5398
benchmarks/post-d4-semantic-placement/run.py	foreign	міграція-інструмента-до-SENS-оракула-зі-збереженням-свідків:#5398
benchmarks/proof-address-root/run.py	foreign	міграція-інструмента-до-SENS-оракула-зі-збереженням-свідків:#5398
benchmarks/residue-domain-law/run.py	foreign	міграція-інструмента-до-SENS-оракула-зі-збереженням-свідків:#5398
benchmarks/residue-width-lb/run.py	foreign	міграція-інструмента-до-SENS-оракула-зі-збереженням-свідків:#5398
benchmarks/root-domain-automorphism/run.py	foreign	міграція-інструмента-до-SENS-оракула-зі-збереженням-свідків:#5398
benchmarks/rust-nightly-int-witness/run.py	foreign	міграція-інструмента-до-SENS-оракула-зі-збереженням-свідків:#5398
benchmarks/self-description/run.py	foreign	міграція-інструмента-до-SENS-оракула-зі-збереженням-свідків:#5398
benchmarks/semantic-invariance-stress/invariance_suite.py	foreign	міграція-інструмента-до-SENS-оракула-зі-збереженням-свідків:#5398
benchmarks/semantic-path-locality/run.py	foreign	міграція-інструмента-до-SENS-оракула-зі-збереженням-свідків:#5398
benchmarks/semantic-tree/run.py	foreign	міграція-інструмента-до-SENS-оракула-зі-збереженням-свідків:#5398
benchmarks/sens-performance/t5_reference.py	foreign	міграція-інструмента-до-SENS-оракула-зі-збереженням-свідків:#5398
benchmarks/sens-surface/ci_compare.py	foreign	міграція-інструмента-до-SENS-оракула-зі-збереженням-свідків:#5398
benchmarks/sens-surface/function_table.py	foreign	міграція-інструмента-до-SENS-оракула-зі-збереженням-свідків:#5398
benchmarks/sens-surface/numeric_buffer_map.py	foreign	міграція-інструмента-до-SENS-оракула-зі-збереженням-свідків:#5398
benchmarks/sens-surface/post_m8_three_way.py	foreign	міграція-інструмента-до-SENS-оракула-зі-збереженням-свідків:#5398
benchmarks/sens-surface/run.py	foreign	міграція-інструмента-до-SENS-оракула-зі-збереженням-свідків:#5398
benchmarks/sens-surface/tests/test_numeric_buffer_map.py	foreign	міграція-інструмента-до-SENS-оракула-зі-збереженням-свідків:#5398
benchmarks/store-air-load/air_adapter.py	foreign	міграція-інструмента-до-SENS-оракула-зі-збереженням-свідків:#5398
benchmarks/store-air-load/load.py	foreign	міграція-інструмента-до-SENS-оракула-зі-збереженням-свідків:#5398
benchmarks/store-air-load/run.py	foreign	міграція-інструмента-до-SENS-оракула-зі-збереженням-свідків:#5398
benchmarks/store-air-load/test_blocked.py	foreign	міграція-інструмента-до-SENS-оракула-зі-збереженням-свідків:#5398
benchmarks/store-air-load/validate.py	foreign	міграція-інструмента-до-SENS-оракула-зі-збереженням-свідків:#5398
benchmarks/unbounded-width/run.py	foreign	міграція-інструмента-до-SENS-оракула-зі-збереженням-свідків:#5398
benchmarks/whole-program-domains/whole_program.py	foreign	міграція-інструмента-до-SENS-оракула-зі-збереженням-свідків:#5398
crates/sens-host/examples/foreign_python_bridge.py	foreign	міграція-інструмента-до-SENS-оракула-зі-збереженням-свідків:#5398
experiments/gpu2-e1e3/witness.py	foreign	міграція-інструмента-до-SENS-оракула-зі-збереженням-свідків:#5398
experiments/research-2019-h-nil-corpus.py	foreign	міграція-інструмента-до-SENS-оракула-зі-збереженням-свідків:#5398
knowledge/archipelago-map-v1.json	foreign	міграція-після-точного-паритету-до-SENS-документа-або-фізичного-свідка:#5398
knowledge/bija3-l1-l5-structure-projection.json	foreign	міграція-після-точного-паритету-до-SENS-документа-або-фізичного-свідка:#5398
knowledge/binary-domain-format-baseline.json	foreign	міграція-після-точного-паритету-до-SENS-документа-або-фізичного-свідка:#5398
knowledge/core1-domain-cutover-audit-2026-10-08.json	foreign	міграція-після-точного-паритету-до-SENS-документа-або-фізичного-свідка:#5398
knowledge/cross-width-law-atlas.json	foreign	міграція-після-точного-паритету-до-SENS-документа-або-фізичного-свідка:#5398
knowledge/current-exact-domain-corpus.json	foreign	міграція-після-точного-паритету-до-SENS-документа-або-фізичного-свідка:#5398
knowledge/current-exact-domain-corpus.tsv	foreign	міграція-після-точного-паритету-до-SENS-документа-або-фізичного-свідка:#5398
knowledge/d1-d5-foundation.json	foreign	міграція-після-точного-паритету-до-SENS-документа-або-фізичного-свідка:#5398
knowledge/d1-d6-foundation.json	foreign	міграція-після-точного-паритету-до-SENS-документа-або-фізичного-свідка:#5398
knowledge/d1-d7-foundation.json	foreign	міграція-після-точного-паритету-до-SENS-документа-або-фізичного-свідка:#5398
knowledge/d1-d8-foundation.json	foreign	міграція-після-точного-паритету-до-SENS-документа-або-фізичного-свідка:#5398
knowledge/d1-d9-foundation.json	foreign	міграція-після-точного-паритету-до-SENS-документа-або-фізичного-свідка:#5398
knowledge/d10-abductive-minimal-explanations-v1.json	foreign	міграція-після-точного-паритету-до-SENS-документа-або-фізичного-свідка:#5398
knowledge/d10-adjust-array-rearray-differential-v1.json	foreign	міграція-після-точного-паритету-до-SENS-документа-або-фізичного-свідка:#5398
knowledge/d10-affine-correlated-uncertainty-v1.json	foreign	міграція-після-точного-паритету-до-SENS-документа-або-фізичного-свідка:#5398
knowledge/d10-affine-quantity-point-delta-20261009.json	foreign	міграція-після-точного-паритету-до-SENS-документа-або-фізичного-свідка:#5398
knowledge/d10-ai-interest-proposal-v1.json	foreign	міграція-після-точного-паритету-до-SENS-документа-або-фізичного-свідка:#5398
knowledge/d10-allen-atms-research-20261009.json	foreign	міграція-після-точного-паритету-до-SENS-документа-або-фізичного-свідка:#5398
knowledge/d10-astrophoto-exact-pinhole-research-20261009.json	foreign	міграція-після-точного-паритету-до-SENS-документа-або-фізичного-свідка:#5398
knowledge/d10-babbage-reiter-hobby-selected-20261009.json	foreign	міграція-після-точного-паритету-до-SENS-документа-або-фізичного-свідка:#5398
knowledge/d10-binary-lyndon-factorization-v1.json	foreign	міграція-після-точного-паритету-до-SENS-документа-або-фізичного-свідка:#5398
knowledge/d10-brzozowski-1964-ai-donor-v1.json	foreign	міграція-після-точного-паритету-до-SENS-документа-або-фізичного-свідка:#5398
knowledge/d10-canonical-directed-cycle-witness-research-v1.json	foreign	міграція-після-точного-паритету-до-SENS-документа-або-фізичного-свідка:#5398
knowledge/d10-clhs-pathnames-census-20261009.json	foreign	міграція-після-точного-паритету-до-SENS-документа-або-фізичного-свідка:#5398
knowledge/d10-clhs-streams-census-20261009.json	foreign	міграція-після-точного-паритету-до-SENS-документа-або-фізичного-свідка:#5398
knowledge/d10-clhs-streams-sbcl-oracle-20261009.json	foreign	міграція-після-точного-паритету-до-SENS-документа-або-фізичного-свідка:#5398
knowledge/d10-clips-library-harvest-v1.json	foreign	міграція-після-точного-паритету-до-SENS-документа-або-фізичного-свідка:#5398
knowledge/d10-clock-radio-math-selection-20261009.json	foreign	міграція-після-точного-паритету-до-SENS-документа-або-фізичного-свідка:#5398
knowledge/d10-clos-instance-lifecycle-residual-v1.json	foreign	міграція-після-точного-паритету-до-SENS-документа-або-фізичного-свідка:#5398
knowledge/d10-clos-method-class-observation-v1.json	foreign	міграція-після-точного-паритету-до-SENS-документа-або-фізичного-свідка:#5398
knowledge/d10-clos-slot-observation-v1.json	foreign	міграція-після-точного-паритету-до-SENS-документа-або-фізичного-свідка:#5398
knowledge/d10-clos-slot-state-historical-review-v1.json	foreign	міграція-після-точного-паритету-до-SENS-документа-або-фізичного-свідка:#5398
knowledge/d10-critical-pairs-confluence-20261009.json	foreign	міграція-після-точного-паритету-до-SENS-документа-або-фізичного-свідка:#5398
knowledge/d10-cross-hobby-bounded-rational-v1.json	foreign	міграція-після-точного-паритету-до-SENS-документа-або-фізичного-свідка:#5398
knowledge/d10-cross-hobby-law-intake-20261009.json	foreign	міграція-після-точного-паритету-до-SENS-документа-або-фізичного-свідка:#5398
knowledge/d10-crossdomain-math-signal-research-v1.json	foreign	міграція-після-точного-паритету-до-SENS-документа-або-фізичного-свідка:#5398
knowledge/d10-crossrepo-chess-law-proposals-20261009.json	foreign	міграція-після-точного-паритету-до-SENS-документа-або-фізичного-свідка:#5398
knowledge/d10-crossrepo-clojure-reference-v1.json	foreign	міграція-після-точного-паритету-до-SENS-документа-або-фізичного-свідка:#5398
knowledge/d10-crossrepo-domain-v1.json	foreign	міграція-після-точного-паритету-до-SENS-документа-або-фізичного-свідка:#5398
knowledge/d10-crossrepo-early-lisp-v1.json	foreign	міграція-після-точного-паритету-до-SENS-документа-або-фізичного-свідка:#5398
knowledge/d10-crossrepo-golisp-pascal-v1.json	foreign	міграція-після-точного-паритету-до-SENS-документа-або-фізичного-свідка:#5398
knowledge/d10-crossrepo-knowledge-tooling-v1.json	foreign	міграція-після-точного-паритету-до-SENS-документа-або-фізичного-свідка:#5398
knowledge/d10-crossrepo-linguistic-v1.json	foreign	міграція-після-точного-паритету-до-SENS-документа-або-фізичного-свідка:#5398
knowledge/d10-crossrepo-lisp-koans-v1.json	foreign	міграція-після-точного-паритету-до-SENS-документа-або-фізичного-свідка:#5398
knowledge/d10-crossrepo-mal-v1.json	foreign	міграція-після-точного-паритету-до-SENS-документа-або-фізичного-свідка:#5398
knowledge/d10-crossrepo-paip-v1.json	foreign	міграція-після-точного-паритету-до-SENS-документа-або-фізичного-свідка:#5398
knowledge/d10-crossrepo-panini-v1.json	foreign	міграція-після-точного-паритету-до-SENS-документа-або-фізичного-свідка:#5398
knowledge/d10-cyclic-word-canon-20261009.json	foreign	міграція-після-точного-паритету-до-SENS-документа-або-фізичного-свідка:#5398
knowledge/d10-d9-donor-dedup-v1.json	foreign	міграція-після-точного-паритету-до-SENS-документа-або-фізичного-свідка:#5398
knowledge/d10-debruijn-binary-cycle-research-v1.json	foreign	міграція-після-точного-паритету-до-SENS-документа-або-фізичного-свідка:#5398
knowledge/d10-dll1962-glucose3-oracle-evidence-v1.json	foreign	міграція-після-точного-паритету-до-SENS-документа-або-фізичного-свідка:#5398
knowledge/d10-dll1962-unit-closure-research-v1.json	foreign	міграція-після-точного-паритету-до-SENS-документа-або-фізичного-свідка:#5398
knowledge/d10-dung-grounded-argumentation-20261009.json	foreign	міграція-після-точного-паритету-до-SENS-документа-або-фізичного-свідка:#5398
knowledge/d10-early-programming-treasures-20261009.md	foreign	міграція-після-точного-паритету-до-SENS-документа-або-фізичного-свідка:#5398
knowledge/d10-exact-barycentric-interpolation-research-v1.json	foreign	міграція-після-точного-паритету-до-SENS-документа-або-фізичного-свідка:#5398
knowledge/d10-exact-radix-normalization-v1.json	foreign	міграція-після-точного-паритету-до-SENS-документа-або-фізичного-свідка:#5398
knowledge/d10-explanation-generalization-research-20261009.json	foreign	міграція-після-точного-паритету-до-SENS-документа-або-фізичного-свідка:#5398
knowledge/d10-fill-v1-state.json	foreign	міграція-після-точного-паритету-до-SENS-документа-або-фізичного-свідка:#5398
knowledge/d10-finite-bayes-update-research-v1.json	foreign	міграція-після-точного-паритету-до-SENS-документа-або-фізичного-свідка:#5398
knowledge/d10-finite-state-distinguishing-suffix-research-v1.json	foreign	міграція-після-точного-паритету-до-SENS-документа-або-фізичного-свідка:#5398
knowledge/d10-finite-temporal-constraint-closure-v1.json	foreign	міграція-після-точного-паритету-до-SENS-документа-або-фізичного-свідка:#5398
knowledge/d10-finite-transducer-cross-hobby-v1.json	foreign	міграція-після-точного-паритету-до-SENS-документа-або-фізичного-свідка:#5398
knowledge/d10-first-order-lgg-research-v1.json	foreign	міграція-після-точного-паритету-до-SENS-документа-або-фізичного-свідка:#5398
knowledge/d10-flavors-restarts-research-v1.json	foreign	міграція-після-точного-паритету-до-SENS-документа-або-фізичного-свідка:#5398
knowledge/d10-floyd-hoare-finite-inductiveness-20261009.json	foreign	міграція-після-точного-паритету-до-SENS-документа-або-фізичного-свідка:#5398
knowledge/d10-forth-circular-arc-v1.json	foreign	міграція-після-точного-паритету-до-SENS-документа-або-фізичного-свідка:#5398
knowledge/d10-forward-harvest-v1.json	foreign	міграція-після-точного-паритету-до-SENS-документа-або-фізичного-свідка:#5398
knowledge/d10-general-congruence-merge-hobbies-v1.json	foreign	міграція-після-точного-паритету-до-SENS-документа-або-фізичного-свідка:#5398
knowledge/d10-generalized-congruence-research-v1.json	foreign	міграція-після-точного-паритету-до-SENS-документа-або-фізичного-свідка:#5398
knowledge/d10-gf2-linear-complexity-research-20261009.json	foreign	міграція-після-точного-паритету-до-SENS-документа-або-фізичного-свідка:#5398
knowledge/d10-gf2-minimal-recurrence-research-v1.json	foreign	міграція-після-точного-паритету-до-SENS-документа-або-фізичного-свідка:#5398
knowledge/d10-gps-means-ends-historical-research-20261009.json	foreign	міграція-після-точного-паритету-до-SENS-документа-або-фізичного-свідка:#5398
knowledge/d10-gray-reflected-binary-research-v1.json	foreign	міграція-після-точного-паритету-до-SENS-документа-або-фізичного-свідка:#5398
knowledge/d10-ground-congruence-closure-research-20261009.json	foreign	міграція-після-точного-паритету-до-SENS-документа-або-фізичного-свідка:#5398
knowledge/d10-growth-baseline-v1.json	foreign	міграція-після-точного-паритету-до-SENS-документа-або-фізичного-свідка:#5398
knowledge/d10-hadamard-variance-proposal-20261009.json	foreign	міграція-після-точного-паритету-до-SENS-документа-або-фізичного-свідка:#5398
knowledge/d10-historical-clos-interlisp-residual-review-v1.json	foreign	міграція-після-точного-паритету-до-SENS-документа-або-фізичного-свідка:#5398
knowledge/d10-historical-coverage-gap-audit-v1.json	foreign	міграція-після-точного-паритету-до-SENS-документа-або-фізичного-свідка:#5398
knowledge/d10-historical-lisp15-reconciliation-20261009.json	foreign	міграція-після-точного-паритету-до-SENS-документа-або-фізичного-свідка:#5398
knowledge/d10-historical-maclisp-v1.json	foreign	міграція-після-точного-паритету-до-SENS-документа-або-фізичного-свідка:#5398
knowledge/d10-historical-maclisp-v2.json	foreign	міграція-після-точного-паритету-до-SENS-документа-або-фізичного-свідка:#5398
knowledge/d10-historical-primary-admission-batch1-v1.json	foreign	міграція-після-точного-паритету-до-SENS-документа-або-фізичного-свідка:#5398
knowledge/d10-historical-primary-admission-batch2-v1.json	foreign	міграція-після-точного-паритету-до-SENS-документа-або-фізичного-свідка:#5398
knowledge/d10-historical-primary-manual-reconciliation-20261009.json	foreign	міграція-після-точного-паритету-до-SENS-документа-або-фізичного-свідка:#5398
knowledge/d10-hobbies-source-laws-v1.json	foreign	міграція-після-точного-паритету-до-SENS-документа-або-фізичного-свідка:#5398
knowledge/d10-hobby-exact-measurement-intake-v1.json	foreign	міграція-після-точного-паритету-до-SENS-документа-або-фізичного-свідка:#5398
knowledge/d10-hysteretic-boolean-source-law-20261009.json	foreign	міграція-після-точного-паритету-до-SENS-документа-або-фізичного-свідка:#5398
knowledge/d10-interdisciplinary-science-proposals-20261009.json	foreign	міграція-після-точного-паритету-до-SENS-документа-або-фізичного-свідка:#5398
knowledge/d10-interest-proposal-v1.json	foreign	міграція-після-точного-паритету-до-SENS-документа-або-фізичного-свідка:#5398
knowledge/d10-interlisp-dwim-safe-suggestion-v1.json	foreign	міграція-після-точного-паритету-до-SENS-документа-або-фізичного-свідка:#5398
knowledge/d10-interlisp-psl-history-harvest-v1.json	foreign	міграція-після-точного-паритету-до-SENS-документа-або-фізичного-свідка:#5398
knowledge/d10-island-bridge-factorization-v1.json	foreign	міграція-після-точного-паритету-до-SENS-документа-або-фізичного-свідка:#5398
knowledge/d10-knowledge-harvest-v1.json	foreign	міграція-після-точного-паритету-до-SENS-документа-або-фізичного-свідка:#5398
knowledge/d10-library-harvest-v1.json	foreign	міграція-після-точного-паритету-до-SENS-документа-або-фізичного-свідка:#5398
knowledge/d10-library-source-symbols-v1.json	foreign	міграція-після-точного-паритету-до-SENS-документа-або-фізичного-свідка:#5398
knowledge/d10-linguistic-law-intake-20261009.json	foreign	міграція-після-точного-паритету-до-SENS-документа-або-фізичного-свідка:#5398
knowledge/d10-lisp-machine-evaluator-harvest-v1.json	foreign	міграція-після-точного-паритету-до-SENS-документа-або-фізичного-свідка:#5398
knowledge/d10-lower-mechanical-word-research-v1.json	foreign	міграція-після-точного-паритету-до-SENS-документа-або-фізичного-свідка:#5398
knowledge/d10-maling-symbolic-differentiation-1959-v1.json	foreign	міграція-після-точного-паритету-до-SENS-документа-або-фізичного-свідка:#5398
knowledge/d10-mccarthy-finite-circumscription-20261009.json	foreign	міграція-після-точного-паритету-до-SENS-документа-або-фізичного-свідка:#5398
knowledge/d10-mitchell-version-space-research-v1.json	foreign	міграція-після-точного-паритету-до-SENS-документа-або-фізичного-свідка:#5398
knowledge/d10-mop-metaobject-reader-census-20261009.json	foreign	міграція-після-точного-паритету-до-SENS-документа-або-фізичного-свідка:#5398
knowledge/d10-music-enharmonic-primary-review-v1.json	foreign	міграція-після-точного-паритету-до-SENS-документа-або-фізичного-свідка:#5398
knowledge/d10-noncore-reclassification-v1.json	foreign	міграція-після-точного-паритету-до-SENS-документа-або-фізичного-свідка:#5398
knowledge/d10-owner-repo-donor-matrix-v2.json	foreign	міграція-після-точного-паритету-до-SENS-документа-або-фізичного-свідка:#5398
knowledge/d10-owner-repo-donor-matrix-v3.json	foreign	міграція-після-точного-паритету-до-SENS-документа-або-фізичного-свідка:#5398
knowledge/d10-primitive-binary-word-root-v1.json	foreign	міграція-після-точного-паритету-до-SENS-документа-або-фізичного-свідка:#5398
knowledge/d10-prolog-constraint-hobbies-research-v1.json	foreign	міграція-після-точного-паритету-до-SENS-документа-або-фізичного-свідка:#5398
knowledge/d10-proposal-ledger-forward-v1.tsv	foreign	міграція-після-точного-паритету-до-SENS-документа-або-фізичного-свідка:#5398
knowledge/d10-proposal-ledger-symbolic-v1.tsv	foreign	міграція-після-точного-паритету-до-SENS-документа-або-фізичного-свідка:#5398
knowledge/d10-proposal-ledger-symbolic-v2.tsv	foreign	міграція-після-точного-паритету-до-SENS-документа-або-фізичного-свідка:#5398
knowledge/d10-proposal-ledger-symbolic-v3.tsv	foreign	міграція-після-точного-паритету-до-SENS-документа-або-фізичного-свідка:#5398
knowledge/d10-proposal-ledger.tsv	foreign	міграція-після-точного-паритету-до-SENS-документа-або-фізичного-свідка:#5398
knowledge/d10-psl-interlisp-lispm-unmerged-residual-v1.json	foreign	міграція-після-точного-паритету-до-SENS-документа-або-фізичного-свідка:#5398
knowledge/d10-quantity-derived-review-v1.json	foreign	міграція-після-точного-паритету-до-SENS-документа-або-фізичного-свідка:#5398
knowledge/d10-quine-prime-implicants-20261009.json	foreign	міграція-після-точного-паритету-до-SENS-документа-або-фізичного-свідка:#5398
knowledge/d10-r6rs-copy-mutable-oracle-v1.json	foreign	міграція-після-точного-паритету-до-SENS-документа-або-фізичного-свідка:#5398
knowledge/d10-r6rs-hashtable-hygiene-audit-v1.json	foreign	міграція-після-точного-паритету-до-SENS-документа-або-фізичного-свідка:#5398
knowledge/d10-r7rs-primary-manual-slice-v1.json	foreign	міграція-після-точного-паритету-до-SENS-документа-або-фізичного-свідка:#5398
knowledge/d10-reason-alternate-define-donor-v1.json	foreign	міграція-після-точного-паритету-до-SENS-документа-або-фізичного-свідка:#5398
knowledge/d10-recovery-v1.json	foreign	міграція-після-точного-паритету-до-SENS-документа-або-фізичного-свідка:#5398
knowledge/d10-recovery-v2.json	foreign	міграція-після-точного-паритету-до-SENS-документа-або-фізичного-свідка:#5398
knowledge/d10-reiter-minimal-diagnoses-20261009.json	foreign	міграція-після-точного-паритету-до-SENS-документа-або-фізичного-свідка:#5398
knowledge/d10-review-reclassification-v2.json	foreign	міграція-після-точного-паритету-до-SENS-документа-або-фізичного-свідка:#5398
knowledge/d10-rosenblatt-novikoff-exact-step-20261009.json	foreign	міграція-після-точного-паритету-до-SENS-документа-або-фізичного-свідка:#5398
knowledge/d10-selection-transition-history.json	foreign	міграція-після-точного-паритету-до-SENS-документа-або-фізичного-свідка:#5398
knowledge/d10-selector-seed.json	foreign	міграція-після-точного-паритету-до-SENS-документа-або-фізичного-свідка:#5398
knowledge/d10-selfhost-reason-harvest-v1.json	foreign	міграція-після-точного-паритету-до-SENS-документа-або-фізичного-свідка:#5398
knowledge/d10-sens8-adoption-request-v1.json	foreign	міграція-після-точного-паритету-до-SENS-документа-або-фізичного-свідка:#5398
knowledge/d10-shiva-c1p-canonical-order-research-v1.json	foreign	міграція-після-точного-паритету-до-SENS-документа-або-фізичного-свідка:#5398
knowledge/d10-single-stream-restoration-v1.json	foreign	міграція-після-точного-паритету-до-SENS-документа-або-фізичного-свідка:#5398
knowledge/d10-stern-brocot-run-path-20261009.json	foreign	міграція-після-точного-паритету-до-SENS-документа-або-фізичного-свідка:#5398
knowledge/d10-strips-goal-regression-research-v1.json	foreign	міграція-після-точного-паритету-до-SENS-документа-або-фізичного-свідка:#5398
knowledge/d10-symbolic-ai-antiunification-research-v1.json	foreign	міграція-після-точного-паритету-до-SENS-документа-або-фізичного-свідка:#5398
knowledge/d10-symbolic-ai-arc-support-20261009.json	foreign	міграція-після-точного-паритету-до-SENS-документа-або-фізичного-свідка:#5398
knowledge/d10-symbolic-ai-audit-20261009.md	foreign	міграція-після-точного-паритету-до-SENS-документа-або-фізичного-свідка:#5398
knowledge/d10-symbolic-ai-clp-oracle-evidence-v1.json	foreign	міграція-після-точного-паритету-до-SENS-документа-або-фізичного-свідка:#5398
knowledge/d10-symbolic-ai-one-sided-subsumption-v1.json	foreign	міграція-після-точного-паритету-до-SENS-документа-або-фізичного-свідка:#5398
knowledge/d10-symbolic-ai-strips-goal-regression-research-v1.json	foreign	міграція-після-точного-паритету-до-SENS-документа-або-фізичного-свідка:#5398
knowledge/d10-systematic-donor-map-v1.json	foreign	міграція-після-точного-паритету-до-SENS-документа-або-фізичного-свідка:#5398
knowledge/d10-time-law-review-v2.json	foreign	міграція-після-точного-паритету-до-SENS-документа-або-фізичного-свідка:#5398
knowledge/d10-unify-lexical-harvest-v1.json	foreign	міграція-після-точного-паритету-до-SENS-документа-або-фізичного-свідка:#5398
knowledge/d10-unique-bounded-modular-lift-20261009.json	foreign	міграція-після-точного-паритету-до-SENS-документа-або-фізичного-свідка:#5398
knowledge/d10-unique-decipherability-historical-20261009.json	foreign	міграція-після-точного-паритету-до-SENS-документа-або-фізичного-свідка:#5398
knowledge/d10-user-interests-semantics-triage-v1.json	foreign	міграція-після-точного-паритету-до-SENS-документа-або-фізичного-свідка:#5398
knowledge/d10-v1-semantic-inventory.json	foreign	міграція-після-точного-паритету-до-SENS-документа-або-фізичного-свідка:#5398
knowledge/d10-wsm-os-lisp-ownership-v1.json	foreign	міграція-після-точного-паритету-до-SENS-документа-або-фізичного-свідка:#5398
knowledge/d10-wsm24-exact-chamfer-hobbies-v1.json	foreign	міграція-після-точного-паритету-до-SENS-документа-або-фізичного-свідка:#5398
knowledge/d10-yantra-library-harvest-v1.json	foreign	міграція-після-точного-паритету-до-SENS-документа-або-фізичного-свідка:#5398
knowledge/d10-younger-1967-cnf-ambiguity-research.json	foreign	міграція-після-точного-паритету-до-SENS-документа-або-фізичного-свідка:#5398
knowledge/d2-structure-audit.json	foreign	міграція-після-точного-паритету-до-SENS-документа-або-фізичного-свідка:#5398
knowledge/d4-bootstrap-compiler-structure-projection.json	foreign	міграція-після-точного-паритету-до-SENS-документа-або-фізичного-свідка:#5398
knowledge/d4-cleanroom-full-candidate.json	foreign	міграція-після-точного-паритету-до-SENS-документа-або-фізичного-свідка:#5398
knowledge/d4-cleanroom.json	foreign	міграція-після-точного-паритету-до-SENS-документа-або-фізичного-свідка:#5398
knowledge/d5-d6-semantic-ledger.json	foreign	міграція-після-точного-паритету-до-SENS-документа-або-фізичного-свідка:#5398
knowledge/d5-fexpr-macro-pair.json	foreign	міграція-після-точного-паритету-до-SENS-документа-або-фізичного-свідка:#5398
knowledge/d5-go-return-pair.json	foreign	міграція-після-точного-паритету-до-SENS-документа-або-фізичного-свідка:#5398
knowledge/d5-historical-full-map.json	foreign	міграція-після-точного-паритету-до-SENS-документа-або-фізичного-свідка:#5398
knowledge/d5-historical-semantic-status.json	foreign	міграція-після-точного-паритету-до-SENS-документа-або-фізичного-свідка:#5398
knowledge/d5-internal-law-atlas.json	foreign	міграція-після-точного-паритету-до-SENS-документа-або-фізичного-свідка:#5398
knowledge/d5-ratified.json	foreign	міграція-після-точного-паритету-до-SENS-документа-або-фізичного-свідка:#5398
knowledge/d5-set-setq-sibling-law.json	foreign	міграція-після-точного-паритету-до-SENS-документа-або-фізичного-свідка:#5398
knowledge/d5-v2-generator-shadow.json	foreign	міграція-після-точного-паритету-до-SENS-документа-або-фізичного-свідка:#5398
knowledge/d6-historical-full-map.json	foreign	міграція-після-точного-паритету-до-SENS-документа-або-фізичного-свідка:#5398
knowledge/d6-mechanism-census.json	foreign	міграція-після-точного-паритету-до-SENS-документа-або-фізичного-свідка:#5398
knowledge/d6-mechanism-ledger.json	foreign	міграція-після-точного-паритету-до-SENS-документа-або-фізичного-свідка:#5398
knowledge/d6-ratified.json	foreign	міграція-після-точного-паритету-до-SENS-документа-або-фізичного-свідка:#5398
knowledge/d6-runtime-admission-audit.json	foreign	міграція-після-точного-паритету-до-SENS-документа-або-фізичного-свідка:#5398
knowledge/d6-v2-binary-law-families.json	foreign	міграція-після-точного-паритету-до-SENS-документа-або-фізичного-свідка:#5398
knowledge/d6-v2-cleanroom-shadow.json	foreign	міграція-після-точного-паритету-до-SENS-документа-або-фізичного-свідка:#5398
knowledge/d6-v2-complete-semantic-inventory.json	foreign	міграція-після-точного-паритету-до-SENS-документа-або-фізичного-свідка:#5398
knowledge/d6-v2-gauge-fixed-candidate.json	foreign	міграція-після-точного-паритету-до-SENS-документа-або-фізичного-свідка:#5398
knowledge/d6-v2-law-anchors.json	foreign	міграція-після-точного-паритету-до-SENS-документа-або-фізичного-свідка:#5398
knowledge/d6-v2-law-first-ledger.json	foreign	міграція-після-точного-паритету-до-SENS-документа-або-фізичного-свідка:#5398
knowledge/d6-v2-selector-rebase.json	foreign	міграція-після-точного-паритету-до-SENS-документа-або-фізичного-свідка:#5398
knowledge/d6-v2-traversal-square.json	foreign	міграція-після-точного-паритету-до-SENS-документа-або-фізичного-свідка:#5398
knowledge/d7-7bit-survey.json	foreign	міграція-після-точного-паритету-до-SENS-документа-або-фізичного-свідка:#5398
knowledge/d7-full-map.json	foreign	міграція-після-точного-паритету-до-SENS-документа-або-фізичного-свідка:#5398
knowledge/d7-ratified.json	foreign	міграція-після-точного-паритету-до-SENS-документа-або-фізичного-свідка:#5398
knowledge/d7-v2-candidate-d.json	foreign	міграція-після-точного-паритету-до-SENS-документа-або-фізичного-свідка:#5398
knowledge/d7-v2-evidence-ledger.json	foreign	міграція-після-точного-паритету-до-SENS-документа-або-фізичного-свідка:#5398
knowledge/d7-v2-geometry-ledger.json	foreign	міграція-після-точного-паритету-до-SENS-документа-або-фізичного-свідка:#5398
knowledge/d7-v2-stable-residents.json	foreign	міграція-після-точного-паритету-до-SENS-документа-або-фізичного-свідка:#5398
knowledge/d8-donor-2934-historical-full-map.json	foreign	міграція-після-точного-паритету-до-SENS-документа-або-фізичного-свідка:#5398
knowledge/d8-fill-v2-state.json	foreign	міграція-після-точного-паритету-до-SENS-документа-або-фізичного-свідка:#5398
knowledge/d8-historical-full-map.json	foreign	міграція-після-точного-паритету-до-SENS-документа-або-фізичного-свідка:#5398
knowledge/d8-ratified.json	foreign	міграція-після-точного-паритету-до-SENS-документа-або-фізичного-свідка:#5398
knowledge/d8-recovery-candidate-map.json	foreign	міграція-після-точного-паритету-до-SENS-документа-або-фізичного-свідка:#5398
knowledge/d8-v2-gauge-fixed-candidate.json	foreign	міграція-після-точного-паритету-до-SENS-документа-або-фізичного-свідка:#5398
knowledge/d8-v2-geometry-state.json	foreign	міграція-після-точного-паритету-до-SENS-документа-або-фізичного-свідка:#5398
knowledge/d8-v2-overflow-ledger.json	foreign	міграція-після-точного-паритету-до-SENS-документа-або-фізичного-свідка:#5398
knowledge/d8-v2-semantic-inventory.json	foreign	міграція-після-точного-паритету-до-SENS-документа-або-фізичного-свідка:#5398
knowledge/d9-fill-v1-state.json	foreign	міграція-після-точного-паритету-до-SENS-документа-або-фізичного-свідка:#5398
knowledge/d9-final-semantic-fill-v1.json	foreign	міграція-після-точного-паритету-до-SENS-документа-або-фізичного-свідка:#5398
knowledge/d9-geometry-laws-s3.json	foreign	міграція-після-точного-паритету-до-SENS-документа-або-фізичного-свідка:#5398
knowledge/d9-laws-v1.json	foreign	міграція-після-точного-паритету-до-SENS-документа-або-фізичного-свідка:#5398
knowledge/d9-library-harvest-v1.json	foreign	міграція-після-точного-паритету-до-SENS-документа-або-фізичного-свідка:#5398
knowledge/d9-overflow-review-v1.json	foreign	міграція-після-точного-паритету-до-SENS-документа-або-фізичного-свідка:#5398
knowledge/d9-ratified.json	foreign	міграція-після-точного-паритету-до-SENS-документа-або-фізичного-свідка:#5398
knowledge/d9-registry-tail-v1.json	foreign	міграція-після-точного-паритету-до-SENS-документа-або-фізичного-свідка:#5398
knowledge/d9-selector-seed.json	foreign	міграція-після-точного-паритету-до-SENS-документа-або-фізичного-свідка:#5398
knowledge/d9-semantic-layer-harvest-v1.json	foreign	міграція-після-точного-паритету-до-SENS-документа-або-фізичного-свідка:#5398
knowledge/d9-surface-harvest-v1.json	foreign	міграція-після-точного-паритету-до-SENS-документа-або-фізичного-свідка:#5398
knowledge/d9-v1-gauge-fixed-candidate.json	foreign	міграція-після-точного-паритету-до-SENS-документа-або-фізичного-свідка:#5398
knowledge/d9-v1-geometry-state.json	foreign	міграція-після-точного-паритету-до-SENS-документа-або-фізичного-свідка:#5398
knowledge/d9-v1-semantic-inventory.json	foreign	міграція-після-точного-паритету-до-SENS-документа-або-фізичного-свідка:#5398
knowledge/d9-world-quantity-harvest-v1.json	foreign	міграція-після-точного-паритету-до-SENS-документа-або-фізичного-свідка:#5398
knowledge/domain-width-authority.generated.json	foreign	міграція-після-точного-паритету-до-SENS-документа-або-фізичного-свідка:#5398
knowledge/early-lisp-graph-historical-evidence-v1.json	foreign	міграція-після-точного-паритету-до-SENS-документа-або-фізичного-свідка:#5398
knowledge/early-lisp-post-d4-history-provenance-v1.json	foreign	міграція-після-точного-паритету-до-SENS-документа-або-фізичного-свідка:#5398
knowledge/exact-width-admitted-corpus.json	foreign	міграція-після-точного-паритету-до-SENS-документа-або-фізичного-свідка:#5398
knowledge/exact-width-admitted-corpus.tsv	foreign	міграція-після-точного-паритету-до-SENS-документа-або-фізичного-свідка:#5398
knowledge/foundation-debt-ledger.json	foreign	міграція-після-точного-паритету-до-SENS-документа-або-фізичного-свідка:#5398
knowledge/function-status-census.json	foreign	міграція-після-точного-паритету-до-SENS-документа-або-фізичного-свідка:#5398
knowledge/function-status-census.tsv	foreign	міграція-після-точного-паритету-до-SENS-документа-або-фізичного-свідка:#5398
knowledge/guard-reference-inbox.mylog	foreign	міграція-після-точного-паритету-до-SENS-документа-або-фізичного-свідка:#5398
knowledge/historical-d8-unassigned-d9-overflow-provenance-v1.json	foreign	міграція-після-точного-паритету-до-SENS-документа-або-фізичного-свідка:#5398
knowledge/independence-ledger.tsv	foreign	міграція-після-точного-паритету-до-SENS-документа-або-фізичного-свідка:#5398
knowledge/island-ownership-gate-v1.json	foreign	міграція-після-точного-паритету-до-SENS-документа-або-фізичного-свідка:#5398
knowledge/lib-sens8-replace-map-v1.json	foreign	міграція-після-точного-паритету-до-SENS-документа-або-фізичного-свідка:#5398
knowledge/lisp15-appendix-a-provenance-v1.json	foreign	міграція-після-точного-паритету-до-SENS-документа-або-фізичного-свідка:#5398
knowledge/lisp15-arithmetic-history-provenance-v1.json	foreign	міграція-після-точного-паритету-до-SENS-документа-або-фізичного-свідка:#5398
knowledge/migration-admissions/two-forms-canary.json	foreign	міграція-після-точного-паритету-до-SENS-документа-або-фізичного-свідка:#5398
knowledge/migration-benchmark-snapshot-2026-10-08.json	foreign	міграція-після-точного-паритету-до-SENS-документа-або-фізичного-свідка:#5398
knowledge/migration-d2-as-data-census-2026-10-08.json	foreign	міграція-після-точного-паритету-до-SENS-документа-або-фізичного-свідка:#5398
knowledge/migration-dynamic-binding-census-2026-10-08.json	foreign	міграція-після-точного-паритету-до-SENS-документа-або-фізичного-свідка:#5398
knowledge/migration-dynamic-binding-triage-2026-10-08.json	foreign	міграція-після-точного-паритету-до-SENS-документа-або-фізичного-свідка:#5398
knowledge/migration-legacy-top4-successor-audit-2026-10-08.json	foreign	міграція-після-точного-паритету-до-SENS-документа-або-фізичного-свідка:#5398
knowledge/migration-nonprogram-comment-only-loaders-2026-10-08.json	foreign	міграція-після-точного-паритету-до-SENS-документа-або-фізичного-свідка:#5398
knowledge/migration-nonprogram-domain-tables-2026-10-08.json	foreign	міграція-після-точного-паритету-до-SENS-документа-або-фізичного-свідка:#5398
knowledge/migration-nonprogram-evidence-manifest-2026-10-08.json	foreign	міграція-після-точного-паритету-до-SENS-документа-або-фізичного-свідка:#5398
knowledge/migration-nonprogram-expr-records-2026-10-08.json	foreign	міграція-після-точного-паритету-до-SENS-документа-або-фізичного-свідка:#5398
knowledge/migration-nonprogram-isa-manifest-2026-10-08.json	foreign	міграція-після-точного-паритету-до-SENS-документа-або-фізичного-свідка:#5398
knowledge/migration-nonprogram-knowledge-records-2026-10-08.json	foreign	міграція-після-точного-паритету-до-SENS-документа-або-фізичного-свідка:#5398
knowledge/migration-nonprogram-print-manifest-2026-10-08.json	foreign	міграція-після-точного-паритету-до-SENS-документа-або-фізичного-свідка:#5398
knowledge/migration-nonprogram-schema-manifest-2026-10-08.json	foreign	міграція-після-точного-паритету-до-SENS-документа-або-фізичного-свідка:#5398
knowledge/migration-print-host-effect-triage-2026-10-08.json	foreign	міграція-після-точного-паритету-до-SENS-документа-або-фізичного-свідка:#5398
knowledge/number-width-ratified.json	foreign	міграція-після-точного-паритету-до-SENS-документа-або-фізичного-свідка:#5398
knowledge/od005-od006-runtime-admission-audit.json	foreign	міграція-після-точного-паритету-до-SENS-документа-або-фізичного-свідка:#5398
knowledge/sanskrit-keyboard.ahk	foreign	міграція-після-точного-паритету-до-SENS-документа-або-фізичного-свідка:#5398
knowledge/sens8-bridge-audit-v1.json	foreign	міграція-після-точного-паритету-до-SENS-документа-або-фізичного-свідка:#5398
knowledge/sens8-bridge-proposal-v1.json	foreign	міграція-після-точного-паритету-до-SENS-документа-або-фізичного-свідка:#5398
knowledge/sens8-current-coverage-v1.json	foreign	міграція-після-точного-паритету-до-SENS-документа-або-фізичного-свідка:#5398
knowledge/task-record-structure-baseline.json	foreign	міграція-після-точного-паритету-до-SENS-документа-або-фізичного-свідка:#5398
lib/core.lisp.fasl	foreign	міграція-після-відкладеного-Core4-FASL-та-окремого-рішення-власника:#5398
lib/core4.lisp.fasl	foreign	міграція-після-відкладеного-Core4-FASL-та-окремого-рішення-власника:#5398
lib/machine/xed/vendor/avx/avx-isa.txt	foreign	міграція-метаданих-XED-до-SENS-свідка-із-збереженням-донорського-hash:#5398
lib/machine/xed/vendor/avx2-fma/avx-fma-isa.xed.txt	foreign	міграція-метаданих-XED-до-SENS-свідка-із-збереженням-донорського-hash:#5398
lib/machine/xed/vendor/avx2-fma/hsw-int256-isa.txt	foreign	міграція-метаданих-XED-до-SENS-свідка-із-збереженням-донорського-hash:#5398
lib/machine/xed/vendor/avx2-fma/hsw-vshift-isa.txt	foreign	міграція-метаданих-XED-до-SENS-свідка-із-збереженням-донорського-hash:#5398
lib/machine/xed/vendor/avx2-fma/movnt-load-isa.txt	foreign	міграція-метаданих-XED-до-SENS-свідка-із-збереженням-донорського-hash:#5398
lib/machine/xed/vendor/base/xed-isa.txt	foreign	міграція-метаданих-XED-до-SENS-свідка-із-збереженням-донорського-hash:#5398
lib/machine/xed/vendor/bmi/hsw-bmi-vex-isa.xed.txt	foreign	міграція-метаданих-XED-до-SENS-свідка-із-збереженням-донорського-hash:#5398
lib/machine/xed/vendor/bmi/tzcnt-isa.xed.txt	foreign	міграція-метаданих-XED-до-SENS-свідка-із-збереженням-донорського-hash:#5398
lib/machine/xed/vendor/clflushopt/clflushopt.xed.txt	foreign	міграція-метаданих-XED-до-SENS-свідка-із-збереженням-донорського-hash:#5398
lib/machine/xed/vendor/f16c/fp16-isa.txt	foreign	міграція-метаданих-XED-до-SENS-свідка-із-збереженням-донорського-hash:#5398
lib/machine/xed/vendor/mpx/mpx-isa.txt	foreign	міграція-метаданих-XED-до-SENS-свідка-із-збереженням-донорського-hash:#5398
lib/machine/xed/vendor/rdrand/rdrand-isa.xed.txt	foreign	міграція-метаданих-XED-до-SENS-свідка-із-збереженням-донорського-hash:#5398
lib/machine/xed/vendor/rdseed/rdseed-isa.xed.txt	foreign	міграція-метаданих-XED-до-SENS-свідка-із-збереженням-донорського-hash:#5398
lib/machine/xed/vendor/sgx/sgx-isa.xed.txt	foreign	міграція-метаданих-XED-до-SENS-свідка-із-збереженням-донорського-hash:#5398
lib/surface/ukr-acceptance	foreign	міграція-після-точного-паритету-до-SENS-документа-або-фізичного-свідка:#5398
packaging/tests/test_install.py	foreign	міграція-інструмента-до-SENS-оракула-зі-збереженням-свідків:#5398
research/framed3/research_codec.py	foreign	міграція-інструмента-до-SENS-оракула-зі-збереженням-свідків:#5398
research/framed3/tb33_tail_research.py	foreign	міграція-інструмента-до-SENS-оракула-зі-збереженням-свідків:#5398
research/framed3/test_research_codec.py	foreign	міграція-інструмента-до-SENS-оракула-зі-збереженням-свідків:#5398
research/framed3/test_tb33_capacity.py	foreign	міграція-інструмента-до-SENS-оракула-зі-збереженням-свідків:#5398
research/framed3/test_tb33_tail.py	foreign	міграція-інструмента-до-SENS-оракула-зі-збереженням-свідків:#5398
scripts/admit-t5-migration.py	foreign	міграція-інструмента-до-SENS-оракула-зі-збереженням-свідків:#5398
scripts/audit_branch_merges.py	foreign	міграція-інструмента-до-SENS-оракула-зі-збереженням-свідків:#5398
scripts/audit_comment_only_originals.py	foreign	міграція-інструмента-до-SENS-оракула-зі-збереженням-свідків:#5398
scripts/audit_core1_original_candidate.py	foreign	міграція-інструмента-до-SENS-оракула-зі-збереженням-свідків:#5398
scripts/audit_d10_donor_dedup.py	foreign	міграція-інструмента-до-SENS-оракула-зі-збереженням-свідків:#5398
scripts/audit_lisp_migration_edits.py	foreign	міграція-інструмента-до-SENS-оракула-зі-збереженням-свідків:#5398
scripts/audit_t5_file_pairs.py	foreign	міграція-інструмента-до-SENS-оракула-зі-збереженням-свідків:#5398
scripts/audit_t5_program_syntax.py	foreign	міграція-інструмента-до-SENS-оракула-зі-збереженням-свідків:#5398
scripts/audit_t5_triplets.py	foreign	міграція-інструмента-до-SENS-оракула-зі-збереженням-свідків:#5398
scripts/audit_w8_source_era.py	foreign	міграція-інструмента-до-SENS-оракула-зі-збереженням-свідків:#5398
scripts/audit-od005-od006-runtime-admission.py	foreign	міграція-інструмента-до-SENS-оракула-зі-збереженням-свідків:#5398
scripts/audit-sens-name-debt.py	foreign	міграція-інструмента-до-SENS-оракула-зі-збереженням-свідків:#5398
scripts/bench_binary_language.py	foreign	міграція-інструмента-до-SENS-оракула-зі-збереженням-свідків:#5398
scripts/benchmark_registry.py	foreign	міграція-інструмента-до-SENS-оракула-зі-збереженням-свідків:#5398
scripts/benchmark-sens-physical.py	foreign	міграція-інструмента-до-SENS-оракула-зі-збереженням-свідків:#5398
scripts/build-d8-historical-full-map.py	foreign	міграція-інструмента-до-SENS-оракула-зі-збереженням-свідків:#5398
scripts/check_binary_only_authority.py	foreign	міграція-інструмента-до-SENS-оракула-зі-збереженням-свідків:#5398
scripts/check_d1_cond_carriers.py	foreign	міграція-інструмента-до-SENS-оракула-зі-збереженням-свідків:#5398
scripts/check_d10_abductive_minimal_explanations.py	foreign	міграція-інструмента-до-SENS-оракула-зі-збереженням-свідків:#5398
scripts/check_d10_adjust_array_rearray_differential.py	foreign	міграція-інструмента-до-SENS-оракула-зі-збереженням-свідків:#5398
scripts/check_d10_affine_quantity.py	foreign	міграція-інструмента-до-SENS-оракула-зі-збереженням-свідків:#5398
scripts/check_d10_affine_uncertainty.py	foreign	міграція-інструмента-до-SENS-оракула-зі-збереженням-свідків:#5398
scripts/check_d10_allen_atms_research.py	foreign	міграція-інструмента-до-SENS-оракула-зі-збереженням-свідків:#5398
scripts/check_d10_binary_lyndon_factorization.py	foreign	міграція-інструмента-до-SENS-оракула-зі-збереженням-свідків:#5398
scripts/check_d10_bounded_rational.py	foreign	міграція-інструмента-до-SENS-оракула-зі-збереженням-свідків:#5398
scripts/check_d10_brzozowski_ai_source.py	foreign	міграція-інструмента-до-SENS-оракула-зі-збереженням-свідків:#5398
scripts/check_d10_clhs_pathnames_census.py	foreign	міграція-інструмента-до-SENS-оракула-зі-збереженням-свідків:#5398
scripts/check_d10_clhs_streams_census.py	foreign	міграція-інструмента-до-SENS-оракула-зі-збереженням-свідків:#5398
scripts/check_d10_clos_lifecycle_history.py	foreign	міграція-інструмента-до-SENS-оракула-зі-збереженням-свідків:#5398
scripts/check_d10_clos_method_class_observation_v1.py	foreign	міграція-інструмента-до-SENS-оракула-зі-збереженням-свідків:#5398
scripts/check_d10_clos_roots_selection.py	foreign	міграція-інструмента-до-SENS-оракула-зі-збереженням-свідків:#5398
scripts/check_d10_clos_slot_observation_v1.py	foreign	міграція-інструмента-до-SENS-оракула-зі-збереженням-свідків:#5398
scripts/check_d10_clos_slot_state_history.py	foreign	міграція-інструмента-до-SENS-оракула-зі-збереженням-свідків:#5398
scripts/check_d10_crossdomain_math_signal.py	foreign	міграція-інструмента-до-SENS-оракула-зі-збереженням-свідків:#5398
scripts/check_d10_cycle_witness_hobbies.py	foreign	міграція-інструмента-до-SENS-оракула-зі-збереженням-свідків:#5398
scripts/check_d10_cyclic_word_canon.py	foreign	міграція-інструмента-до-SENS-оракула-зі-збереженням-свідків:#5398
scripts/check_d10_d9_donor_dedup.py	foreign	міграція-інструмента-до-SENS-оракула-зі-збереженням-свідків:#5398
scripts/check_d10_debruijn_binary_cycle.py	foreign	міграція-інструмента-до-SENS-оракула-зі-збереженням-свідків:#5398
scripts/check_d10_dung_grounded.py	foreign	міграція-інструмента-до-SENS-оракула-зі-збереженням-свідків:#5398
scripts/check_d10_exact_barycentric_interpolation.py	foreign	міграція-інструмента-до-SENS-оракула-зі-збереженням-свідків:#5398
scripts/check_d10_finite_bayes_selection.py	foreign	міграція-інструмента-до-SENS-оракула-зі-збереженням-свідків:#5398
scripts/check_d10_finite_bayes_update.py	foreign	міграція-інструмента-до-SENS-оракула-зі-збереженням-свідків:#5398
scripts/check_d10_finite_circumscription.py	foreign	міграція-інструмента-до-SENS-оракула-зі-збереженням-свідків:#5398
scripts/check_d10_finite_subsumes.py	foreign	міграція-інструмента-до-SENS-оракула-зі-збереженням-свідків:#5398
scripts/check_d10_finite_transducer_cross_hobby.py	foreign	міграція-інструмента-до-SENS-оракула-зі-збереженням-свідків:#5398
scripts/check_d10_flavors_restarts_research_v1.py	foreign	міграція-інструмента-до-SENS-оракула-зі-збереженням-свідків:#5398
scripts/check_d10_general_congruence_merge_hobbies.py	foreign	міграція-інструмента-до-SENS-оракула-зі-збереженням-свідків:#5398
scripts/check_d10_gf2_minimal_recurrence.py	foreign	міграція-інструмента-до-SENS-оракула-зі-збереженням-свідків:#5398
scripts/check_d10_gf2_selection_transition.py	foreign	міграція-інструмента-до-SENS-оракула-зі-збереженням-свідків:#5398
scripts/check_d10_gps_means_ends_history.py	foreign	міграція-інструмента-до-SENS-оракула-зі-збереженням-свідків:#5398
scripts/check_d10_gray_word_selection.py	foreign	міграція-інструмента-до-SENS-оракула-зі-збереженням-свідків:#5398
scripts/check_d10_ground_congruence_research.py	foreign	міграція-інструмента-до-SENS-оракула-зі-збереженням-свідків:#5398
scripts/check_d10_hadamard_proposal_v1.py	foreign	міграція-інструмента-до-SENS-оракула-зі-збереженням-свідків:#5398
scripts/check_d10_historical_admission_batch1.py	foreign	міграція-інструмента-до-SENS-оракула-зі-збереженням-свідків:#5398
scripts/check_d10_historical_clos_interlisp_review.py	foreign	міграція-інструмента-до-SENS-оракула-зі-збереженням-свідків:#5398
scripts/check_d10_historical_gap_audit.py	foreign	міграція-інструмента-до-SENS-оракула-зі-збереженням-свідків:#5398
scripts/check_d10_historical_lisp15_reconciliation.py	foreign	міграція-інструмента-до-SENS-оракула-зі-збереженням-свідків:#5398
scripts/check_d10_historical_primary_reconcile.py	foreign	міграція-інструмента-до-SENS-оракула-зі-збереженням-свідків:#5398
scripts/check_d10_historical_second_tranche.py	foreign	міграція-інструмента-до-SENS-оракула-зі-збереженням-свідків:#5398
scripts/check_d10_hobby_bounded_rational.py	foreign	міграція-інструмента-до-SENS-оракула-зі-збереженням-свідків:#5398
scripts/check_d10_hobby_clock_radio_selection.py	foreign	міграція-інструмента-до-SENS-оракула-зі-збереженням-свідків:#5398
scripts/check_d10_interlisp_dwim_safe_suggestion.py	foreign	міграція-інструмента-до-SENS-оракула-зі-збереженням-свідків:#5398
scripts/check_d10_lower_mechanical_word.py	foreign	міграція-інструмента-до-SENS-оракула-зі-збереженням-свідків:#5398
scripts/check_d10_maling_symbolic_differentiation.py	foreign	міграція-інструмента-до-SENS-оракула-зі-збереженням-свідків:#5398
scripts/check_d10_mitchell_version_space.py	foreign	міграція-інструмента-до-SENS-оракула-зі-збереженням-свідків:#5398
scripts/check_d10_mop_reader_census.py	foreign	міграція-інструмента-до-SENS-оракула-зі-збереженням-свідків:#5398
scripts/check_d10_music_enharmonic_primary.py	foreign	міграція-інструмента-до-SENS-оракула-зі-збереженням-свідків:#5398
scripts/check_d10_primitive_binary_word_root.py	foreign	міграція-інструмента-до-SENS-оракула-зі-збереженням-свідків:#5398
scripts/check_d10_prolog_constraint_hobbies.py	foreign	міграція-інструмента-до-SENS-оракула-зі-збереженням-свідків:#5398
scripts/check_d10_psl_interlisp_lispm_residual.py	foreign	міграція-інструмента-до-SENS-оракула-зі-збереженням-свідків:#5398
scripts/check_d10_r6rs_copy_mutable_oracle.py	foreign	міграція-інструмента-до-SENS-оракула-зі-збереженням-свідків:#5398
scripts/check_d10_r6rs_history_audit.py	foreign	міграція-інструмента-до-SENS-оракула-зі-збереженням-свідків:#5398
scripts/check_d10_r7rs_primary_slice.py	foreign	міграція-інструмента-до-SENS-оракула-зі-збереженням-свідків:#5398
scripts/check_d10_reason_alternate_define_donor_v1.py	foreign	міграція-інструмента-до-SENS-оракула-зі-збереженням-свідків:#5398
scripts/check_d10_reiter_minimal_diagnoses.py	foreign	міграція-інструмента-до-SENS-оракула-зі-збереженням-свідків:#5398
scripts/check_d10_science_interests_v1.py	foreign	міграція-інструмента-до-SENS-оракула-зі-збереженням-свідків:#5398
scripts/check_d10_selection_transition_history.py	foreign	міграція-інструмента-до-SENS-оракула-зі-збереженням-свідків:#5398
scripts/check_d10_shiva_c1p_research.py	foreign	міграція-інструмента-до-SENS-оракула-зі-збереженням-свідків:#5398
scripts/check_d10_state_distinguishing_suffix.py	foreign	міграція-інструмента-до-SENS-оракула-зі-збереженням-свідків:#5398
scripts/check_d10_stern_brocot_runs.py	foreign	міграція-інструмента-до-SENS-оракула-зі-збереженням-свідків:#5398
scripts/check_d10_strips_goal_regression.py	foreign	міграція-інструмента-до-SENS-оракула-зі-збереженням-свідків:#5398
scripts/check_d10_strips_historical_source.py	foreign	міграція-інструмента-до-SENS-оракула-зі-збереженням-свідків:#5398
scripts/check_d10_time_law_review_v2.py	foreign	міграція-інструмента-до-SENS-оракула-зі-збереженням-свідків:#5398
scripts/check_d10_unique_bounded_modular_lift.py	foreign	міграція-інструмента-до-SENS-оракула-зі-збереженням-свідків:#5398
scripts/check_d10_unique_decipherability_historical.py	foreign	міграція-інструмента-до-SENS-оракула-зі-збереженням-свідків:#5398
scripts/check_semantic_registry.py	foreign	міграція-інструмента-до-SENS-оракула-зі-збереженням-свідків:#5398
scripts/check_surface_coverage.py	foreign	міграція-інструмента-до-SENS-оракула-зі-збереженням-свідків:#5398
scripts/check_trilingual_surface.py	foreign	міграція-інструмента-до-SENS-оракула-зі-збереженням-свідків:#5398
scripts/check-archipelago-map-v1.py	foreign	міграція-інструмента-до-SENS-оракула-зі-збереженням-свідків:#5398
scripts/check-bija3-current-authority.py	foreign	міграція-інструмента-до-SENS-оракула-зі-збереженням-свідків:#5398
scripts/check-binary-domain-format.py	foreign	міграція-інструмента-до-SENS-оракула-зі-збереженням-свідків:#5398
scripts/check-core-universal-contract.py	foreign	міграція-інструмента-до-SENS-оракула-зі-збереженням-свідків:#5398
scripts/check-cross-width-law-atlas.py	foreign	міграція-інструмента-до-SENS-оракула-зі-збереженням-свідків:#5398
scripts/check-d1-d5-foundation.py	foreign	міграція-інструмента-до-SENS-оракула-зі-збереженням-свідків:#5398
scripts/check-d10-archipelago-doc-projection.py	foreign	міграція-інструмента-до-SENS-оракула-зі-збереженням-свідків:#5398
scripts/check-d10-archived-donors.py	foreign	міграція-інструмента-до-SENS-оракула-зі-збереженням-свідків:#5398
scripts/check-d10-clips-library-harvest-v1.py	foreign	міграція-інструмента-до-SENS-оракула-зі-збереженням-свідків:#5398
scripts/check-d10-crossrepo-clojure-reference-v1.py	foreign	міграція-інструмента-до-SENS-оракула-зі-збереженням-свідків:#5398
scripts/check-d10-crossrepo-early-lisp-v1.py	foreign	міграція-інструмента-до-SENS-оракула-зі-збереженням-свідків:#5398
scripts/check-d10-crossrepo-golisp-pascal-v1.py	foreign	міграція-інструмента-до-SENS-оракула-зі-збереженням-свідків:#5398
scripts/check-d10-crossrepo-lisp-koans-v1.py	foreign	міграція-інструмента-до-SENS-оракула-зі-збереженням-свідків:#5398
scripts/check-d10-crossrepo-mal-v1.py	foreign	міграція-інструмента-до-SENS-оракула-зі-збереженням-свідків:#5398
scripts/check-d10-crossrepo-paip-v1.py	foreign	міграція-інструмента-до-SENS-оракула-зі-збереженням-свідків:#5398
scripts/check-d10-crossrepo-panini-v1.py	foreign	міграція-інструмента-до-SENS-оракула-зі-збереженням-свідків:#5398
scripts/check-d10-fill-v1-seed.py	foreign	міграція-інструмента-до-SENS-оракула-зі-збереженням-свідків:#5398
scripts/check-d10-forward-harvest-v1.py	foreign	міграція-інструмента-до-SENS-оракула-зі-збереженням-свідків:#5398
scripts/check-d10-historical-maclisp-v1.py	foreign	міграція-інструмента-до-SENS-оракула-зі-збереженням-свідків:#5398
scripts/check-d10-historical-maclisp-v2.py	foreign	міграція-інструмента-до-SENS-оракула-зі-збереженням-свідків:#5398
scripts/check-d10-interlisp-psl-history-v1.py	foreign	міграція-інструмента-до-SENS-оракула-зі-збереженням-свідків:#5398
scripts/check-d10-island-bridge-v1.py	foreign	міграція-інструмента-до-SENS-оракула-зі-збереженням-свідків:#5398
scripts/check-d10-knowledge-harvest-v1.py	foreign	міграція-інструмента-до-SENS-оракула-зі-збереженням-свідків:#5398
scripts/check-d10-library-harvest-v1.py	foreign	міграція-інструмента-до-SENS-оракула-зі-збереженням-свідків:#5398
scripts/check-d10-library-source-symbols-v1.py	foreign	міграція-інструмента-до-SENS-оракула-зі-збереженням-свідків:#5398
scripts/check-d10-lisp-machine-evaluator-harvest-v1.py	foreign	міграція-інструмента-до-SENS-оракула-зі-збереженням-свідків:#5398
scripts/check-d10-owner-repo-donor-matrix-v2.py	foreign	міграція-інструмента-до-SENS-оракула-зі-збереженням-свідків:#5398
scripts/check-d10-ownership-cleanup-v1.py	foreign	міграція-інструмента-до-SENS-оракула-зі-збереженням-свідків:#5398
scripts/check-d10-ownership-cleanup-v2.py	foreign	міграція-інструмента-до-SENS-оракула-зі-збереженням-свідків:#5398
scripts/check-d10-proposal-ledger.py	foreign	міграція-інструмента-до-SENS-оракула-зі-збереженням-свідків:#5398
scripts/check-d10-recovery-v1.py	foreign	міграція-інструмента-до-SENS-оракула-зі-збереженням-свідків:#5398
scripts/check-d10-recovery-v2.py	foreign	міграція-інструмента-до-SENS-оракула-зі-збереженням-свідків:#5398
scripts/check-d10-selfhost-reason-harvest-v1.py	foreign	міграція-інструмента-до-SENS-оракула-зі-збереженням-свідків:#5398
scripts/check-d10-single-stream-restoration-v1.py	foreign	міграція-інструмента-до-SENS-оракула-зі-збереженням-свідків:#5398
scripts/check-d10-unify-lexical-harvest-v1.py	foreign	міграція-інструмента-до-SENS-оракула-зі-збереженням-свідків:#5398
scripts/check-d10-v1-semantic-inventory.py	foreign	міграція-інструмента-до-SENS-оракула-зі-збереженням-свідків:#5398
scripts/check-d10-wsm-os-lisp-ownership.py	foreign	міграція-інструмента-до-SENS-оракула-зі-збереженням-свідків:#5398
scripts/check-d10-yantra-library-harvest-v1.py	foreign	міграція-інструмента-до-SENS-оракула-зі-збереженням-свідків:#5398
scripts/check-d2-structure-audit.py	foreign	міграція-інструмента-до-SENS-оракула-зі-збереженням-свідків:#5398
scripts/check-d4-cleanroom-full-candidate.py	foreign	міграція-інструмента-до-SENS-оракула-зі-збереженням-свідків:#5398
scripts/check-d4-cleanroom.py	foreign	міграція-інструмента-до-SENS-оракула-зі-збереженням-свідків:#5398
scripts/check-d5-current-authority.py	foreign	міграція-інструмента-до-SENS-оракула-зі-збереженням-свідків:#5398
scripts/check-d5-definition-bindings.py	foreign	міграція-інструмента-до-SENS-оракула-зі-збереженням-свідків:#5398
scripts/check-d5-internal-law-atlas.py	foreign	міграція-інструмента-до-SENS-оракула-зі-збереженням-свідків:#5398
scripts/check-d5-v2-generator-shadow.py	foreign	міграція-інструмента-до-SENS-оракула-зі-збереженням-свідків:#5398
scripts/check-d6-current-authority.py	foreign	міграція-інструмента-до-SENS-оракула-зі-збереженням-свідків:#5398
scripts/check-d6-mechanism-census.py	foreign	міграція-інструмента-до-SENS-оракула-зі-збереженням-свідків:#5398
scripts/check-d6-mechanism-ledger.py	foreign	міграція-інструмента-до-SENS-оракула-зі-збереженням-свідків:#5398
scripts/check-d6-v2-cleanroom-shadow.py	foreign	міграція-інструмента-до-SENS-оракула-зі-збереженням-свідків:#5398
scripts/check-d6-v2-law-first-ledger.py	foreign	міграція-інструмента-до-SENS-оракула-зі-збереженням-свідків:#5398
scripts/check-d7-current-authority.py	foreign	міграція-інструмента-до-SENS-оракула-зі-збереженням-свідків:#5398
scripts/check-d7-runtime-projection.py	foreign	міграція-інструмента-до-SENS-оракула-зі-збереженням-свідків:#5398
scripts/check-d7-v2-consolidation.py	foreign	міграція-інструмента-до-SENS-оракула-зі-збереженням-свідків:#5398
scripts/check-d8-current-authority.py	foreign	міграція-інструмента-до-SENS-оракула-зі-збереженням-свідків:#5398
scripts/check-d8-fill-v2-seed.py	foreign	міграція-інструмента-до-SENS-оракула-зі-збереженням-свідків:#5398
scripts/check-d8-full-map.py	foreign	міграція-інструмента-до-SENS-оракула-зі-збереженням-свідків:#5398
scripts/check-d8-v2-gauge-s4.py	foreign	міграція-інструмента-до-SENS-оракула-зі-збереженням-свідків:#5398
scripts/check-d8-v2-geometry-s2.py	foreign	міграція-інструмента-до-SENS-оракула-зі-збереженням-свідків:#5398
scripts/check-d8-v2-semantic-inventory.py	foreign	міграція-інструмента-до-SENS-оракула-зі-збереженням-свідків:#5398
scripts/check-d9-current-authority.py	foreign	міграція-інструмента-до-SENS-оракула-зі-збереженням-свідків:#5398
scripts/check-d9-fill-v1-seed.py	foreign	міграція-інструмента-до-SENS-оракула-зі-збереженням-свідків:#5398
scripts/check-d9-final-semantic-fill-v1.py	foreign	міграція-інструмента-до-SENS-оракула-зі-збереженням-свідків:#5398
scripts/check-d9-gauge-s4.py	foreign	міграція-інструмента-до-SENS-оракула-зі-збереженням-свідків:#5398
scripts/check-d9-geometry-laws-s3.py	foreign	міграція-інструмента-до-SENS-оракула-зі-збереженням-свідків:#5398
scripts/check-d9-geometry-s2.py	foreign	міграція-інструмента-до-SENS-оракула-зі-збереженням-свідків:#5398
scripts/check-d9-laws-1.py	foreign	міграція-інструмента-до-SENS-оракула-зі-збереженням-свідків:#5398
scripts/check-d9-library-harvest-v1.py	foreign	міграція-інструмента-до-SENS-оракула-зі-збереженням-свідків:#5398
scripts/check-d9-overflow-review-v1.py	foreign	міграція-інструмента-до-SENS-оракула-зі-збереженням-свідків:#5398
scripts/check-d9-registry-tail-v1.py	foreign	міграція-інструмента-до-SENS-оракула-зі-збереженням-свідків:#5398
scripts/check-d9-semantic-layer-harvest-v1.py	foreign	міграція-інструмента-до-SENS-оракула-зі-збереженням-свідків:#5398
scripts/check-d9-surface-harvest-v1.py	foreign	міграція-інструмента-до-SENS-оракула-зі-збереженням-свідків:#5398
scripts/check-d9-v1-semantic-inventory.py	foreign	міграція-інструмента-до-SENS-оракула-зі-збереженням-свідків:#5398
scripts/check-d9-world-quantity-harvest-v1.py	foreign	міграція-інструмента-до-SENS-оракула-зі-збереженням-свідків:#5398
scripts/check-domain-altitude-economy.py	foreign	міграція-інструмента-до-SENS-оракула-зі-збереженням-свідків:#5398
scripts/check-domain-surfaces-d1-d4.py	foreign	міграція-інструмента-до-SENS-оракула-зі-збереженням-свідків:#5398
scripts/check-domain-surfaces-d5.py	foreign	міграція-інструмента-до-SENS-оракула-зі-збереженням-свідків:#5398
scripts/check-domain-tables.py	foreign	міграція-інструмента-до-SENS-оракула-зі-збереженням-свідків:#5398
scripts/check-early-lisp-graph-archive.py	foreign	міграція-інструмента-до-SENS-оракула-зі-збереженням-свідків:#5398
scripts/check-early-lisp-post-d4-provenance.py	foreign	міграція-інструмента-до-SENS-оракула-зі-збереженням-свідків:#5398
scripts/check-foundation-debt.py	foreign	міграція-інструмента-до-SENS-оракула-зі-збереженням-свідків:#5398
scripts/check-historical-d8-d9-provenance.py	foreign	міграція-інструмента-до-SENS-оракула-зі-збереженням-свідків:#5398
scripts/check-identity-witness-gate.py	foreign	міграція-інструмента-до-SENS-оракула-зі-збереженням-свідків:#5398
scripts/check-island-ownership-gate.py	foreign	міграція-інструмента-до-SENS-оракула-зі-збереженням-свідків:#5398
scripts/check-lisp-paren-balance.py	foreign	міграція-інструмента-до-SENS-оракула-зі-збереженням-свідків:#5398
scripts/check-lisp15-appendix-provenance.py	foreign	міграція-інструмента-до-SENS-оракула-зі-збереженням-свідків:#5398
scripts/check-lisp15-arithmetic-provenance.py	foreign	міграція-інструмента-до-SENS-оракула-зі-збереженням-свідків:#5398
scripts/check-meta-eval-evidence.py	foreign	міграція-інструмента-до-SENS-оракула-зі-збереженням-свідків:#5398
scripts/check-multilingual-parity.py	foreign	міграція-інструмента-до-SENS-оракула-зі-збереженням-свідків:#5398
scripts/check-od005-d5-baseline.py	foreign	міграція-інструмента-до-SENS-оракула-зі-збереженням-свідків:#5398
scripts/check-od005-od006-full-maps.py	foreign	міграція-інструмента-до-SENS-оракула-зі-збереженням-свідків:#5398
scripts/check-sens-domain-spaces.py	foreign	міграція-інструмента-до-SENS-оракула-зі-збереженням-свідків:#5398
scripts/check-sens8-current-coverage-v1.py	foreign	міграція-інструмента-до-SENS-оракула-зі-збереженням-свідків:#5398
scripts/check-silent-fallback-classes.py	foreign	міграція-інструмента-до-SENS-оракула-зі-збереженням-свідків:#5398
scripts/check-task-phase.py	foreign	міграція-інструмента-до-SENS-оракула-зі-збереженням-свідків:#5398
scripts/check-task-record-structure.py	foreign	міграція-інструмента-до-SENS-оракула-зі-збереженням-свідків:#5398
scripts/check-tier1-cond-authority.py	foreign	міграція-інструмента-до-SENS-оракула-зі-збереженням-свідків:#5398
scripts/check-width-authority-boundary.py	foreign	міграція-інструмента-до-SENS-оракула-зі-збереженням-свідків:#5398
scripts/check-world-knowledge-authority.py	foreign	міграція-інструмента-до-SENS-оракула-зі-збереженням-свідків:#5398
scripts/classify-lisp-source-forms.py	foreign	міграція-інструмента-до-SENS-оракула-зі-збереженням-свідків:#5398
scripts/compare-oracle-time.py	foreign	міграція-інструмента-до-SENS-оракула-зі-збереженням-свідків:#5398
scripts/compute-independence-index.py	foreign	міграція-інструмента-до-SENS-оракула-зі-збереженням-свідків:#5398
scripts/cond-migrate-pairs.py	foreign	міграція-інструмента-до-SENS-оракула-зі-збереженням-свідків:#5398
scripts/cond-modernize.py	foreign	міграція-інструмента-до-SENS-оракула-зі-збереженням-свідків:#5398
scripts/d10_antiunify_oracle.py	foreign	міграція-інструмента-до-SENS-оракула-зі-збереженням-свідків:#5398
scripts/d10_explanation_generalization.py	foreign	міграція-інструмента-до-SENS-оракула-зі-збереженням-свідків:#5398
scripts/d7_source_projection.py	foreign	міграція-інструмента-до-SENS-оракула-зі-збереженням-свідків:#5398
scripts/d8_factoring_discipline.py	foreign	міграція-інструмента-до-SENS-оракула-зі-збереженням-свідків:#5398
scripts/diff_original_migration_snapshots.py	foreign	міграція-інструмента-до-SENS-оракула-зі-збереженням-свідків:#5398
scripts/domain_tables.py	foreign	міграція-інструмента-до-SENS-оракула-зі-збереженням-свідків:#5398
scripts/generate-bija3-l1-l5-structure.py	foreign	міграція-інструмента-до-SENS-оракула-зі-збереженням-свідків:#5398
scripts/generate-d4-bootstrap-compiler-structure.py	foreign	міграція-інструмента-до-SENS-оракула-зі-збереженням-свідків:#5398
scripts/generate-domain-owner-registry.py	foreign	міграція-інструмента-до-SENS-оракула-зі-збереженням-свідків:#5398
scripts/generate-domain-width-certificate.py	foreign	міграція-інструмента-до-SENS-оракула-зі-збереженням-свідків:#5398
scripts/generate-encoder-coverage-input.py	foreign	міграція-інструмента-до-SENS-оракула-зі-збереженням-свідків:#5398
scripts/generate-meta-eval-evidence.py	foreign	міграція-інструмента-до-SENS-оракула-зі-збереженням-свідків:#5398
scripts/generate-text7-projection.py	foreign	міграція-інструмента-до-SENS-оракула-зі-збереженням-свідків:#5398
scripts/generate-ukrainian-api.py	foreign	міграція-інструмента-до-SENS-оракула-зі-збереженням-свідків:#5398
scripts/gpu-worker-parity.py	foreign	міграція-інструмента-до-SENS-оракула-зі-збереженням-свідків:#5398
scripts/guard_original_sens_admission.py	foreign	міграція-інструмента-до-SENS-оракула-зі-збереженням-свідків:#5398
scripts/guard_t5_triplet_delta.py	foreign	міграція-інструмента-до-SENS-оракула-зі-збереженням-свідків:#5398
scripts/guarded_sens_mirror.py	foreign	міграція-інструмента-до-SENS-оракула-зі-збереженням-свідків:#5398
scripts/inventory-text7-string-sites.py	foreign	міграція-інструмента-до-SENS-оракула-зі-збереженням-свідків:#5398
scripts/migrate-approved-t5.py	foreign	міграція-інструмента-до-SENS-оракула-зі-збереженням-свідків:#5398
scripts/migrate-english-predicates-question-mark.py	foreign	міграція-інструмента-до-SENS-оракула-зі-збереженням-свідків:#5398
scripts/migrate-exact-domain.py	foreign	міграція-інструмента-до-SENS-оракула-зі-збереженням-свідків:#5398
scripts/migrate-one-to-sens.py	foreign	міграція-інструмента-до-SENS-оракула-зі-збереженням-свідків:#5398
scripts/migrate-selected-lisp.py	foreign	міграція-інструмента-до-SENS-оракула-зі-збереженням-свідків:#5398
scripts/migrate-sens-ecosystem.py	foreign	міграція-інструмента-до-SENS-оракула-зі-збереженням-свідків:#5398
scripts/migrate-sens.py	foreign	міграція-інструмента-до-SENS-оракула-зі-збереженням-свідків:#5398
scripts/migrate-t5-batch.py	foreign	міграція-інструмента-до-SENS-оракула-зі-збереженням-свідків:#5398
scripts/migrate-three-pass.py	foreign	міграція-інструмента-до-SENS-оракула-зі-збереженням-свідків:#5398
scripts/migrate-to-sens-codes.py	foreign	міграція-інструмента-до-SENS-оракула-зі-збереженням-свідків:#5398
scripts/migrate.py	foreign	міграція-інструмента-до-SENS-оракула-зі-збереженням-свідків:#5398
scripts/migration_source_scope.py	foreign	міграція-інструмента-до-SENS-оракула-зі-збереженням-свідків:#5398
scripts/migration-readiness-census.py	foreign	міграція-інструмента-до-SENS-оракула-зі-збереженням-свідків:#5398
scripts/numeric_source_inventory.py	foreign	міграція-інструмента-до-SENS-оракула-зі-збереженням-свідків:#5398
scripts/plan_t5_agent_work.py	foreign	міграція-інструмента-до-SENS-оракула-зі-збереженням-свідків:#5398
scripts/prove_lexical_locals.py	foreign	міграція-інструмента-до-SENS-оракула-зі-збереженням-свідків:#5398
scripts/public_api_inventory.py	foreign	міграція-інструмента-до-SENS-оракула-зі-збереженням-свідків:#5398
scripts/publish_verified_uk_triplets.py	foreign	міграція-інструмента-до-SENS-оракула-зі-збереженням-свідків:#5398
scripts/report_machine_block_quote_data_frontier.py	foreign	міграція-інструмента-до-SENS-оракула-зі-збереженням-свідків:#5398
scripts/report_migration_git_delta.py	foreign	міграція-інструмента-до-SENS-оракула-зі-збереженням-свідків:#5398
scripts/report_original_migration_candidates.py	foreign	міграція-інструмента-до-SENS-оракула-зі-збереженням-свідків:#5398
scripts/report_t5_migration_progress.py	foreign	міграція-інструмента-до-SENS-оракула-зі-збереженням-свідків:#5398
scripts/report_t5_triplet_inventory.py	foreign	міграція-інструмента-до-SENS-оракула-зі-збереженням-свідків:#5398
scripts/research_d10_finite_arc_consistency.py	foreign	міграція-інструмента-до-SENS-оракула-зі-збереженням-свідків:#5398
scripts/research_d10_finite_temporal_closure.py	foreign	міграція-інструмента-до-SENS-оракула-зі-збереженням-свідків:#5398
scripts/research_d10_first_order_lgg.py	foreign	міграція-інструмента-до-SENS-оракула-зі-збереженням-свідків:#5398
scripts/research-1962-domain-capacity.py	foreign	міграція-інструмента-до-SENS-оракула-зі-збереженням-свідків:#5398
scripts/research-1962-equivalence-levels.py	foreign	міграція-інструмента-до-SENS-оракула-зі-збереженням-свідків:#5398
scripts/research-1962-evolution-invariance.py	foreign	міграція-інструмента-до-SENS-оракула-зі-збереженням-свідків:#5398
scripts/research-1962-framing-cost.py	foreign	міграція-інструмента-до-SENS-оракула-зі-збереженням-свідків:#5398
scripts/research-1962-prefix-order.py	foreign	міграція-інструмента-до-SENS-оракула-зі-збереженням-свідків:#5398
scripts/research-1962-prefix-tree.py	foreign	міграція-інструмента-до-SENS-оракула-зі-збереженням-свідків:#5398
scripts/research-1962-quotient-invariance.py	foreign	міграція-інструмента-до-SENS-оракула-зі-збереженням-свідків:#5398
scripts/research-1962-seed-cube-limit.py	foreign	міграція-інструмента-до-SENS-оракула-зі-збереженням-свідків:#5398
scripts/research-1962-seed-cube.py	foreign	міграція-інструмента-до-SENS-оракула-зі-збереженням-свідків:#5398
scripts/research-1962-selector-compression.py	foreign	міграція-інструмента-до-SENS-оракула-зі-збереженням-свідків:#5398
scripts/research-1962-selector-quotient.py	foreign	міграція-інструмента-до-SENS-оракула-зі-збереженням-свідків:#5398
scripts/research-1962-vistara4-budget.py	foreign	міграція-інструмента-до-SENS-оракула-зі-збереженням-свідків:#5398
scripts/research-1965-cons-family.py	foreign	міграція-інструмента-до-SENS-оракула-зі-збереженням-свідків:#5398
scripts/research-1968-atom-null-action.py	foreign	міграція-інструмента-до-SENS-оракула-зі-збереженням-свідків:#5398
scripts/research-1969-model-c-invariance.py	foreign	міграція-інструмента-до-SENS-оракула-зі-збереженням-свідків:#5398
scripts/research-1972-generator-residue.py	foreign	міграція-інструмента-до-SENS-оракула-зі-збереженням-свідків:#5398
scripts/research-1973-whole-model-accounting.py	foreign	міграція-інструмента-до-SENS-оракула-зі-збереженням-свідків:#5398
scripts/research-1980-independent-eos-review.py	foreign	міграція-інструмента-до-SENS-оракула-зі-збереженням-свідків:#5398
scripts/research-2018-layer0-check.py	foreign	міграція-інструмента-до-SENS-оракула-зі-збереженням-свідків:#5398
scripts/research-2018-status-check.py	foreign	міграція-інструмента-до-SENS-оракула-зі-збереженням-свідків:#5398
scripts/research-2019-h-nil-corpus-scan.py	foreign	міграція-інструмента-до-SENS-оракула-зі-збереженням-свідків:#5398
scripts/research-2019-seed-necessity.py	foreign	міграція-інструмента-до-SENS-оракула-зі-збереженням-свідків:#5398
scripts/research-2023-selector-relation-kernel.py	foreign	міграція-інструмента-до-SENS-оракула-зі-збереженням-свідків:#5398
scripts/research-2034-selector-transducer.py	foreign	міграція-інструмента-до-SENS-оракула-зі-збереженням-свідків:#5398
scripts/research-2069-bija3-pilot.py	foreign	міграція-інструмента-до-SENS-оракула-зі-збереженням-свідків:#5398
scripts/research-2071-bija3-kernel.py	foreign	міграція-інструмента-до-SENS-оракула-зі-збереженням-свідків:#5398
scripts/research-2072-foundation-split.py	foreign	міграція-інструмента-до-SENS-оракула-зі-збереженням-свідків:#5398
scripts/research-2076-ground-role.py	foreign	міграція-інструмента-до-SENS-оракула-зі-збереженням-свідків:#5398
scripts/research-2077-binary-word-law.py	foreign	міграція-інструмента-до-SENS-оракула-зі-збереженням-свідків:#5398
scripts/research-2088-alphabet-cardinality.py	foreign	міграція-інструмента-до-SENS-оракула-зі-збереженням-свідків:#5398
scripts/research-2092-word-algebra.py	foreign	міграція-інструмента-до-SENS-оракула-зі-збереженням-свідків:#5398
scripts/research-2106-binary-substrate.py	foreign	міграція-інструмента-до-SENS-оракула-зі-збереженням-свідків:#5398
scripts/research-2107-incidence-foundation.py	foreign	міграція-інструмента-до-SENS-оракула-зі-збереженням-свідків:#5398
scripts/research-2112-constraint-foundation.py	foreign	міграція-інструмента-до-SENS-оракула-зі-збереженням-свідків:#5398
scripts/research-2117-proposition-coreference.py	foreign	міграція-інструмента-до-SENS-оракула-зі-збереженням-свідків:#5398
scripts/research-2118-foundation-lattice.py	foreign	міграція-інструмента-до-SENS-оракула-зі-збереженням-свідків:#5398
scripts/research-2159-d4-pair-grammar.py	foreign	міграція-інструмента-до-SENS-оракула-зі-збереженням-свідків:#5398
scripts/research-2162-d4-polarity.py	foreign	міграція-інструмента-до-SENS-оракула-зі-збереженням-свідків:#5398
scripts/research-2175-d5-selector-residue.py	foreign	міграція-інструмента-до-SENS-оракула-зі-збереженням-свідків:#5398
scripts/research-2181-d5-transformer-boundary.py	foreign	міграція-інструмента-до-SENS-оракула-зі-збереженням-свідків:#5398
scripts/research-2193-d5-lower-bound.py	foreign	міграція-інструмента-до-SENS-оракула-зі-збереженням-свідків:#5398
scripts/research-2236-post-d4-placement-law.py	foreign	міграція-інструмента-до-SENS-оракула-зі-збереженням-свідків:#5398
scripts/research-2241-anti-numerology.py	foreign	міграція-інструмента-до-SENS-оракула-зі-збереженням-свідків:#5398
scripts/research-2304-semantic-fact-ledger.py	foreign	міграція-інструмента-до-SENS-оракула-зі-збереженням-свідків:#5398
scripts/research-2322-generative-domain-forecast.py	foreign	міграція-інструмента-до-SENS-оракула-зі-збереженням-свідків:#5398
scripts/research-2324-coordinate-monoid-checker.py	foreign	міграція-інструмента-до-SENS-оракула-зі-збереженням-свідків:#5398
scripts/research-2344-historical-ledger.py	foreign	міграція-інструмента-до-SENS-оракула-зі-збереженням-свідків:#5398
scripts/research-2351-exact-width-function-census.py	foreign	міграція-інструмента-до-SENS-оракула-зі-збереженням-свідків:#5398
scripts/research-2352-exact-width-corpus.py	foreign	міграція-інструмента-до-SENS-оракула-зі-збереженням-свідків:#5398
scripts/research-2383-machine-law-census.py	foreign	міграція-інструмента-до-SENS-оракула-зі-збереженням-свідків:#5398
scripts/research-2409-selector-root-global-attack.py	foreign	міграція-інструмента-до-SENS-оракула-зі-збереженням-свідків:#5398
scripts/research-2441-setq-history.py	foreign	міграція-інструмента-до-SENS-оракула-зі-збереженням-свідків:#5398
scripts/research-2472-transform-footprint.py	foreign	міграція-інструмента-до-SENS-оракула-зі-збереженням-свідків:#5398
scripts/research-2488-return-placement.py	foreign	міграція-інструмента-до-SENS-оракула-зі-збереженням-свідків:#5398
scripts/research-2489-setq-placement.py	foreign	міграція-інструмента-до-SENS-оракула-зі-збереженням-свідків:#5398
scripts/research-2494-q-group-bits.py	foreign	міграція-інструмента-до-SENS-оракула-зі-збереженням-свідків:#5398
scripts/research-2506-d6-binding-policy-generator.py	foreign	міграція-інструмента-до-SENS-оракула-зі-збереженням-свідків:#5398
scripts/research-2518-d6-binding-residency-lower-bound.py	foreign	міграція-інструмента-до-SENS-оракула-зі-збереженням-свідків:#5398
scripts/research-2522-fexpr-protocol-cube.py	foreign	міграція-інструмента-до-SENS-оракула-зі-збереженням-свідків:#5398
scripts/research-2530-fexpr-conformance.py	foreign	міграція-інструмента-до-SENS-оракула-зі-збереженням-свідків:#5398
scripts/research-2568-macro-timing.py	foreign	міграція-інструмента-до-SENS-оракула-зі-збереженням-свідків:#5398
scripts/research-2580-macro-call-form.py	foreign	міграція-інструмента-до-SENS-оракула-зі-збереженням-свідків:#5398
scripts/research-2590-nonlocal-exit.py	foreign	міграція-інструмента-до-SENS-оракула-зі-збереженням-свідків:#5398
scripts/research-2609-cross-family-parent.py	foreign	міграція-інструмента-до-SENS-оракула-зі-збереженням-свідків:#5398
scripts/research-2616-d5-sens-derivation-closeout.py	foreign	міграція-інструмента-до-SENS-оракула-зі-збереженням-свідків:#5398
scripts/research-2619-d6-residency-readiness.py	foreign	міграція-інструмента-до-SENS-оракула-зі-збереженням-свідків:#5398
scripts/research-2624-d6-middle-corners.py	foreign	міграція-інструмента-до-SENS-оракула-зі-збереженням-свідків:#5398
scripts/research-2631-returned-form-root.py	foreign	міграція-інструмента-до-SENS-оракула-зі-збереженням-свідків:#5398
scripts/research-2633-invocation-packaging-root.py	foreign	міграція-інструмента-до-SENS-оракула-зі-збереженням-свідків:#5398
scripts/research-2689-d5-ratified-baseline.py	foreign	міграція-інструмента-до-SENS-оракула-зі-збереженням-свідків:#5398
scripts/research-2724-d5-fill-watch.py	foreign	міграція-інструмента-до-SENS-оракула-зі-збереженням-свідків:#5398
scripts/research-2758-d5-row-typing.py	foreign	міграція-інструмента-до-SENS-оракула-зі-збереженням-свідків:#5398
scripts/research-2764-d6-owner-baseline.py	foreign	міграція-інструмента-до-SENS-оракула-зі-збереженням-свідків:#5398
scripts/research-2764-d6-pre-od006-archival-guard.py	foreign	міграція-інструмента-до-SENS-оракула-зі-збереженням-свідків:#5398
scripts/research-2765-od005-006-semantic-ledger.py	foreign	міграція-інструмента-до-SENS-оракула-зі-збереженням-свідків:#5398
scripts/research-2766-d5-runtime-admission.py	foreign	міграція-інструмента-до-SENS-оракула-зі-збереженням-свідків:#5398
scripts/research-2766-d6-runtime-admission-audit.py	foreign	міграція-інструмента-до-SENS-оракула-зі-збереженням-свідків:#5398
scripts/research-2934-d8-integerp-factoring.py	foreign	міграція-інструмента-до-SENS-оракула-зі-збереженням-свідків:#5398
scripts/research-2934-d8-leq-factoring.py	foreign	міграція-інструмента-до-SENS-оракула-зі-збереженням-свідків:#5398
scripts/research-2934-d8-lexpr-factoring.py	foreign	міграція-інструмента-до-SENS-оракула-зі-збереженням-свідків:#5398
scripts/research-2934-d8-parent-triage.py	foreign	міграція-інструмента-до-SENS-оракула-зі-збереженням-свідків:#5398
scripts/research-2934-d8-remainder-factoring.py	foreign	міграція-інструмента-до-SENS-оракула-зі-збереженням-свідків:#5398
scripts/research-2934-d8-repl-factoring.py	foreign	міграція-інструмента-до-SENS-оракула-зі-збереженням-свідків:#5398
scripts/research-2934-d8-while-factoring.py	foreign	міграція-інструмента-до-SENS-оракула-зі-збереженням-свідків:#5398
scripts/research-3005-d5-set-setq-sibling-law.py	foreign	міграція-інструмента-до-SENS-оракула-зі-збереженням-свідків:#5398
scripts/research-3025-d5-fexpr-macro-pair.py	foreign	міграція-інструмента-до-SENS-оракула-зі-збереженням-свідків:#5398
scripts/research-3040-d5-go-return-pair.py	foreign	міграція-інструмента-до-SENS-оракула-зі-збереженням-свідків:#5398
scripts/research-3151-outer-record-prefix.py	foreign	міграція-інструмента-до-SENS-оракула-зі-збереженням-свідків:#5398
scripts/research-4261-current-binary-authority.py	foreign	міграція-інструмента-до-SENS-оракула-зі-збереженням-свідків:#5398
scripts/research-d10-island-bridge-v1.py	foreign	міграція-інструмента-до-SENS-оракула-зі-збереженням-свідків:#5398
scripts/research-d9-geometry-laws-s3.py	foreign	міграція-інструмента-до-SENS-оракула-зі-збереженням-свідків:#5398
scripts/research-d9-laws-1.py	foreign	міграція-інструмента-до-SENS-оракула-зі-збереженням-свідків:#5398
scripts/research-domain-graph-1962.py	foreign	міграція-інструмента-до-SENS-оракула-зі-збереженням-свідків:#5398
scripts/semantic-ownership.py	foreign	міграція-інструмента-до-SENS-оракула-зі-збереженням-свідків:#5398
scripts/sens_binary_language_model.py	foreign	міграція-інструмента-до-SENS-оракула-зі-збереженням-свідків:#5398
scripts/sens_inventory.py	foreign	міграція-інструмента-до-SENS-оракула-зі-збереженням-свідків:#5398
scripts/sens_local_resolver.py	foreign	міграція-інструмента-до-SENS-оракула-зі-збереженням-свідків:#5398
scripts/sens_source_resolver.py	foreign	міграція-інструмента-до-SENS-оракула-зі-збереженням-свідків:#5398
scripts/sens_spaced_view.py	foreign	міграція-інструмента-до-SENS-оракула-зі-збереженням-свідків:#5398
scripts/sens_t5_codec.py	foreign	міграція-інструмента-до-SENS-оракула-зі-збереженням-свідків:#5398
scripts/sens_t5_spaced_view.py	foreign	міграція-інструмента-до-SENS-оракула-зі-збереженням-свідків:#5398
scripts/sens_uk.py	foreign	міграція-інструмента-до-SENS-оракула-зі-збереженням-свідків:#5398
scripts/sens_view.py	foreign	міграція-інструмента-до-SENS-оракула-зі-збереженням-свідків:#5398
scripts/sens8-semantic-ratchet.py	foreign	міграція-інструмента-до-SENS-оракула-зі-збереженням-свідків:#5398
scripts/sens8-to-ladder.py	foreign	міграція-інструмента-до-SENS-оракула-зі-збереженням-свідків:#5398
scripts/silicon-census.py	foreign	міграція-інструмента-до-SENS-оракула-зі-збереженням-свідків:#5398
scripts/silicon-coverage.py	foreign	міграція-інструмента-до-SENS-оракула-зі-збереженням-свідків:#5398
scripts/task_schema_record.py	foreign	міграція-інструмента-до-SENS-оракула-зі-збереженням-свідків:#5398
scripts/test_cond_modernize.py	foreign	міграція-інструмента-до-SENS-оракула-зі-збереженням-свідків:#5398
scripts/test_d1_cond_carriers.py	foreign	міграція-інструмента-до-SENS-оракула-зі-збереженням-свідків:#5398
scripts/tests/test_check_semantic_registry.py	foreign	міграція-інструмента-до-SENS-оракула-зі-збереженням-свідків:#5398
scripts/tests/test_translate_program.py	foreign	міграція-інструмента-до-SENS-оракула-зі-збереженням-свідків:#5398
scripts/tooling-inventory-diff-scope.py	foreign	міграція-інструмента-до-SENS-оракула-зі-збереженням-свідків:#5398
scripts/translate-domain-program.py	foreign	міграція-інструмента-до-SENS-оракула-зі-збереженням-свідків:#5398
scripts/translate-program.py	foreign	міграція-інструмента-до-SENS-оракула-зі-збереженням-свідків:#5398
scripts/triage_w8_legacy_successors.py	foreign	міграція-інструмента-до-SENS-оракула-зі-збереженням-свідків:#5398
scripts/uk-latynka.py	foreign	міграція-інструмента-до-SENS-оракула-зі-збереженням-свідків:#5398
scripts/validate-compiler-selfhost-lineage.py	foreign	міграція-інструмента-до-SENS-оракула-зі-збереженням-свідків:#5398
scripts/verify_uk_t5_triplet.py	foreign	міграція-інструмента-до-SENS-оракула-зі-збереженням-свідків:#5398
scripts/verify_vertical_day_smoke.py	foreign	міграція-інструмента-до-SENS-оракула-зі-збереженням-свідків:#5398
tests/fixtures/core1-domain-canary/regenerate.py	foreign	міграція-інструмента-до-SENS-оракула-зі-збереженням-свідків:#5398
tests/oracles/d10_real_pysat_unit.py	foreign	міграція-інструмента-до-SENS-оракула-зі-збереженням-свідків:#5398
tests/test_admit_t5_migration.py	foreign	міграція-інструмента-до-SENS-оракула-зі-збереженням-свідків:#5398
tests/test_approved_t5_transaction.py	foreign	міграція-інструмента-до-SENS-оракула-зі-збереженням-свідків:#5398
tests/test_audit_branch_merges.py	foreign	міграція-інструмента-до-SENS-оракула-зі-збереженням-свідків:#5398
tests/test_audit_comment_only_originals.py	foreign	міграція-інструмента-до-SENS-оракула-зі-збереженням-свідків:#5398
tests/test_audit_core1_original_candidate.py	foreign	міграція-інструмента-до-SENS-оракула-зі-збереженням-свідків:#5398
tests/test_audit_lisp_migration_edits.py	foreign	міграція-інструмента-до-SENS-оракула-зі-збереженням-свідків:#5398
tests/test_audit_t5_file_pairs.py	foreign	міграція-інструмента-до-SENS-оракула-зі-збереженням-свідків:#5398
tests/test_audit_t5_program_syntax.py	foreign	міграція-інструмента-до-SENS-оракула-зі-збереженням-свідків:#5398
tests/test_audit_t5_triplets.py	foreign	міграція-інструмента-до-SENS-оракула-зі-збереженням-свідків:#5398
tests/test_audit_w8_source_era.py	foreign	міграція-інструмента-до-SENS-оракула-зі-збереженням-свідків:#5398
tests/test_classify_lisp_source_forms.py	foreign	міграція-інструмента-до-SENS-оракула-зі-збереженням-свідків:#5398
tests/test_cond_modernize_guard.py	foreign	міграція-інструмента-до-SENS-оракула-зі-збереженням-свідків:#5398
tests/test_core1_domain_canary.py	foreign	міграція-інструмента-до-SENS-оракула-зі-збереженням-свідків:#5398
tests/test_core1_fourth_domain_canary.py	foreign	міграція-інструмента-до-SENS-оракула-зі-збереженням-свідків:#5398
tests/test_core1_third_domain_canary.py	foreign	міграція-інструмента-до-SENS-оракула-зі-збереженням-свідків:#5398
tests/test_d10_abductive_atms_reduction.py	foreign	міграція-інструмента-до-SENS-оракула-зі-збереженням-свідків:#5398
tests/test_d10_affine_uncertainty.py	foreign	міграція-інструмента-до-SENS-оракула-зі-збереженням-свідків:#5398
tests/test_d10_ai_arc_support.py	foreign	міграція-інструмента-до-SENS-оракула-зі-збереженням-свідків:#5398
tests/test_d10_allen_atms_research.py	foreign	міграція-інструмента-до-SENS-оракула-зі-збереженням-свідків:#5398
tests/test_d10_archipelago_doc_projection.py	foreign	міграція-інструмента-до-SENS-оракула-зі-збереженням-свідків:#5398
tests/test_d10_astrophoto_pinhole_exact.py	foreign	міграція-інструмента-до-SENS-оракула-зі-збереженням-свідків:#5398
tests/test_d10_binary_lyndon_factorization.py	foreign	міграція-інструмента-до-SENS-оракула-зі-збереженням-свідків:#5398
tests/test_d10_brzozowski_language_derivative.py	foreign	міграція-інструмента-до-SENS-оракула-зі-збереженням-свідків:#5398
tests/test_d10_canonical_cycle_witness_hobbies.py	foreign	міграція-інструмента-до-SENS-оракула-зі-збереженням-свідків:#5398
tests/test_d10_clos_research_selection_transition.py	foreign	міграція-інструмента-до-SENS-оракула-зі-збереженням-свідків:#5398
tests/test_d10_critical_pairs_confluence.py	foreign	міграція-інструмента-до-SENS-оракула-зі-збереженням-свідків:#5398
tests/test_d10_crossdomain_math_laws.py	foreign	міграція-інструмента-до-SENS-оракула-зі-збереженням-свідків:#5398
tests/test_d10_crossrepo_chess_semantic_donors.py	foreign	міграція-інструмента-до-SENS-оракула-зі-збереженням-свідків:#5398
tests/test_d10_d9_donor_dedup.py	foreign	міграція-інструмента-до-SENS-оракула-зі-збереженням-свідків:#5398
tests/test_d10_debruijn_binary_cycle.py	foreign	міграція-інструмента-до-SENS-оракула-зі-збереженням-свідків:#5398
tests/test_d10_dll1962_unit_closure.py	foreign	міграція-інструмента-до-SENS-оракула-зі-збереженням-свідків:#5398
tests/test_d10_exact_barycentric_interpolation.py	foreign	міграція-інструмента-до-SENS-оракула-зі-збереженням-свідків:#5398
tests/test_d10_exact_radix_normalization_v1.py	foreign	міграція-інструмента-до-SENS-оракула-зі-збереженням-свідків:#5398
tests/test_d10_explanation_generalization.py	foreign	міграція-інструмента-до-SENS-оракула-зі-збереженням-свідків:#5398
tests/test_d10_finite_arc_consistency.py	foreign	міграція-інструмента-до-SENS-оракула-зі-збереженням-свідків:#5398
tests/test_d10_finite_bayes_selection.py	foreign	міграція-інструмента-до-SENS-оракула-зі-збереженням-свідків:#5398
tests/test_d10_finite_bayes_update.py	foreign	міграція-інструмента-до-SENS-оракула-зі-збереженням-свідків:#5398
tests/test_d10_finite_subsumes.py	foreign	міграція-інструмента-до-SENS-оракула-зі-збереженням-свідків:#5398
tests/test_d10_finite_transducer_composition.py	foreign	міграція-інструмента-до-SENS-оракула-зі-збереженням-свідків:#5398
tests/test_d10_finite_transducer_cross_hobby.py	foreign	міграція-інструмента-до-SENS-оракула-зі-збереженням-свідків:#5398
tests/test_d10_flavors_restarts_research_v1.py	foreign	міграція-інструмента-до-SENS-оракула-зі-збереженням-свідків:#5398
tests/test_d10_floyd_hoare_inductiveness.py	foreign	міграція-інструмента-до-SENS-оракула-зі-збереженням-свідків:#5398
tests/test_d10_forth_circular_arc.py	foreign	міграція-інструмента-до-SENS-оракула-зі-збереженням-свідків:#5398
tests/test_d10_general_congruence_merge_hobbies.py	foreign	міграція-інструмента-до-SENS-оракула-зі-збереженням-свідків:#5398
tests/test_d10_generalized_crt.py	foreign	міграція-інструмента-до-SENS-оракула-зі-збереженням-свідків:#5398
tests/test_d10_gf2_linear_complexity.py	foreign	міграція-інструмента-до-SENS-оракула-зі-збереженням-свідків:#5398
tests/test_d10_gray_ledger_append.py	foreign	міграція-інструмента-до-SENS-оракула-зі-збереженням-свідків:#5398
tests/test_d10_ground_congruence_research.py	foreign	міграція-інструмента-до-SENS-оракула-зі-збереженням-свідків:#5398
tests/test_d10_hardware_reference_20261009.py	foreign	міграція-інструмента-до-SENS-оракула-зі-збереженням-свідків:#5398
tests/test_d10_historical_clos_interlisp_review.py	foreign	міграція-інструмента-до-SENS-оракула-зі-збереженням-свідків:#5398
tests/test_d10_historical_gap_transition.py	foreign	міграція-інструмента-до-SENS-оракула-зі-збереженням-свідків:#5398
tests/test_d10_historical_lisp15_reconciliation.py	foreign	міграція-інструмента-до-SENS-оракула-зі-збереженням-свідків:#5398
tests/test_d10_hobbies_source_laws_v1.py	foreign	міграція-інструмента-до-SENS-оракула-зі-збереженням-свідків:#5398
tests/test_d10_interlisp_dwim_safe_suggestion.py	foreign	міграція-інструмента-до-SENS-оракула-зі-збереженням-свідків:#5398
tests/test_d10_library_source_symbols_v1.py	foreign	міграція-інструмента-до-SENS-оракула-зі-збереженням-свідків:#5398
tests/test_d10_linguistic_laws.py	foreign	міграція-інструмента-до-SENS-оракула-зі-збереженням-свідків:#5398
tests/test_d10_lower_mechanical_word.py	foreign	міграція-інструмента-до-SENS-оракула-зі-збереженням-свідків:#5398
tests/test_d10_maling_symbolic_differentiation.py	foreign	міграція-інструмента-до-SENS-оракула-зі-збереженням-свідків:#5398
tests/test_d10_mitchell_version_space.py	foreign	міграція-інструмента-до-SENS-оракула-зі-збереженням-свідків:#5398
tests/test_d10_music_enharmonic_primary.py	foreign	міграція-інструмента-до-SENS-оракула-зі-збереженням-свідків:#5398
tests/test_d10_primitive_binary_word_root.py	foreign	міграція-інструмента-до-SENS-оракула-зі-збереженням-свідків:#5398
tests/test_d10_proposal_ledger_growth.py	foreign	міграція-інструмента-до-SENS-оракула-зі-збереженням-свідків:#5398
tests/test_d10_quantity_derived_review.py	foreign	міграція-інструмента-до-SENS-оракула-зі-збереженням-свідків:#5398
tests/test_d10_quine_prime_implicants.py	foreign	міграція-інструмента-до-SENS-оракула-зі-збереженням-свідків:#5398
tests/test_d10_reason_alternate_define_donor_v1.py	foreign	міграція-інструмента-до-SENS-оракула-зі-збереженням-свідків:#5398
tests/test_d10_rosenblatt_perceptron_exact.py	foreign	міграція-інструмента-до-SENS-оракула-зі-збереженням-свідків:#5398
tests/test_d10_state_distinguishing_suffix.py	foreign	міграція-інструмента-до-SENS-оракула-зі-збереженням-свідків:#5398
tests/test_d10_strips_goal_regression.py	foreign	міграція-інструмента-до-SENS-оракула-зі-збереженням-свідків:#5398
tests/test_d10_symbolic_ai_antiunification.py	foreign	міграція-інструмента-до-SENS-оракула-зі-збереженням-свідків:#5398
tests/test_d10_symbolic_ai_crossruntime.py	foreign	міграція-інструмента-до-SENS-оракула-зі-збереженням-свідків:#5398
tests/test_d10_time_law_review_v2.py	foreign	міграція-інструмента-до-SENS-оракула-зі-збереженням-свідків:#5398
tests/test_d10_unique_bounded_modular_lift.py	foreign	міграція-інструмента-до-SENS-оракула-зі-збереженням-свідків:#5398
tests/test_d10_unique_decipherability_historical.py	foreign	міграція-інструмента-до-SENS-оракула-зі-збереженням-свідків:#5398
tests/test_d10_wsm24_exact_chamfer.py	foreign	міграція-інструмента-до-SENS-оракула-зі-збереженням-свідків:#5398
tests/test_d10_yantra_donor_provenance.py	foreign	міграція-інструмента-до-SENS-оракула-зі-збереженням-свідків:#5398
tests/test_d10_younger_cnf_ambiguity.py	foreign	міграція-інструмента-до-SENS-оракула-зі-збереженням-свідків:#5398
tests/test_d7_source_projection.py	foreign	міграція-інструмента-до-SENS-оракула-зі-збереженням-свідків:#5398
tests/test_diff_original_migration_snapshots.py	foreign	міграція-інструмента-до-SENS-оракула-зі-збереженням-свідків:#5398
tests/test_guard_original_sens_admission.py	foreign	міграція-інструмента-до-SENS-оракула-зі-збереженням-свідків:#5398
tests/test_guard_t5_triplet_delta.py	foreign	міграція-інструмента-до-SENS-оракула-зі-збереженням-свідків:#5398
tests/test_guarded_sens_mirror.py	foreign	міграція-інструмента-до-SENS-оракула-зі-збереженням-свідків:#5398
tests/test_machine_block_historical_oracle.py	foreign	міграція-інструмента-до-SENS-оракула-зі-збереженням-свідків:#5398
tests/test_machine_block_quote_data_frontier.py	foreign	міграція-інструмента-до-SENS-оракула-зі-збереженням-свідків:#5398
tests/test_microcpu_slots.py	foreign	міграція-інструмента-до-SENS-оракула-зі-збереженням-свідків:#5398
tests/test_microcpu_stats.py	foreign	міграція-інструмента-до-SENS-оракула-зі-збереженням-свідків:#5398
tests/test_migrate_approved_t5.py	foreign	міграція-інструмента-до-SENS-оракула-зі-збереженням-свідків:#5398
tests/test_migrate_entrypoint.py	foreign	міграція-інструмента-до-SENS-оракула-зі-збереженням-свідків:#5398
tests/test_migrate_exact_domain.py	foreign	міграція-інструмента-до-SENS-оракула-зі-збереженням-свідків:#5398
tests/test_migrate_one_to_sens.py	foreign	міграція-інструмента-до-SENS-оракула-зі-збереженням-свідків:#5398
tests/test_migrate_selected_lisp.py	foreign	міграція-інструмента-до-SENS-оракула-зі-збереженням-свідків:#5398
tests/test_migrate_sens.py	foreign	міграція-інструмента-до-SENS-оракула-зі-збереженням-свідків:#5398
tests/test_migrate_t5_batch.py	foreign	міграція-інструмента-до-SENS-оракула-зі-збереженням-свідків:#5398
tests/test_migration_atom_cohort.py	foreign	міграція-інструмента-до-SENS-оракула-зі-збереженням-свідків:#5398
tests/test_migration_benchmark_snapshot.py	foreign	міграція-інструмента-до-SENS-оракула-зі-збереженням-свідків:#5398
tests/test_migration_d1_cond_cohort.py	foreign	міграція-інструмента-до-SENS-оракула-зі-збереженням-свідків:#5398
tests/test_migration_d1_cond_integrated_audit.py	foreign	міграція-інструмента-до-SENS-оракула-зі-збереженням-свідків:#5398
tests/test_migration_d2_as_data_census.py	foreign	міграція-інструмента-до-SENS-оракула-зі-збереженням-свідків:#5398
tests/test_migration_d4_selector_cohort.py	foreign	міграція-інструмента-до-SENS-оракула-зі-збереженням-свідків:#5398
tests/test_migration_dynamic_binding_census.py	foreign	міграція-інструмента-до-SENS-оракула-зі-збереженням-свідків:#5398
tests/test_migration_dynamic_binding_triage.py	foreign	міграція-інструмента-до-SENS-оракула-зі-збереженням-свідків:#5398
tests/test_migration_eq_cohort.py	foreign	міграція-інструмента-до-SENS-оракула-зі-збереженням-свідків:#5398
tests/test_migration_eq_cond_cohort.py	foreign	міграція-інструмента-до-SENS-оракула-зі-збереженням-свідків:#5398
tests/test_migration_legacy_top4_successors.py	foreign	міграція-інструмента-до-SENS-оракула-зі-збереженням-свідків:#5398
tests/test_migration_multiform_cohort.py	foreign	міграція-інструмента-до-SENS-оракула-зі-збереженням-свідків:#5398
tests/test_migration_nonprogram_domain_tables.py	foreign	міграція-інструмента-до-SENS-оракула-зі-збереженням-свідків:#5398
tests/test_migration_nonprogram_evidence_manifest.py	foreign	міграція-інструмента-до-SENS-оракула-зі-збереженням-свідків:#5398
tests/test_migration_nonprogram_expr_records.py	foreign	міграція-інструмента-до-SENS-оракула-зі-збереженням-свідків:#5398
tests/test_migration_nonprogram_isa_manifest.py	foreign	міграція-інструмента-до-SENS-оракула-зі-збереженням-свідків:#5398
tests/test_migration_nonprogram_knowledge_records.py	foreign	міграція-інструмента-до-SENS-оракула-зі-збереженням-свідків:#5398
tests/test_migration_nonprogram_print_manifest.py	foreign	міграція-інструмента-до-SENS-оракула-зі-збереженням-свідків:#5398
tests/test_migration_nonprogram_schema_manifest.py	foreign	міграція-інструмента-до-SENS-оракула-зі-збереженням-свідків:#5398
tests/test_migration_pair_cohort.py	foreign	міграція-інструмента-до-SENS-оракула-зі-збереженням-свідків:#5398
tests/test_migration_pair_cons_uk_triplet.py	foreign	міграція-інструмента-до-SENS-оракула-зі-збереженням-свідків:#5398
tests/test_migration_print_host_effect_triage.py	foreign	міграція-інструмента-до-SENS-оракула-зі-збереженням-свідків:#5398
tests/test_migration_quote_cohort.py	foreign	міграція-інструмента-до-SENS-оракула-зі-збереженням-свідків:#5398
tests/test_migration_readiness_contract.py	foreign	міграція-інструмента-до-SENS-оракула-зі-збереженням-свідків:#5398
tests/test_migration_real_block.py	foreign	міграція-інструмента-до-SENS-оракула-зі-збереженням-свідків:#5398
tests/test_physical_t5_evidence_integrity.py	foreign	міграція-інструмента-до-SENS-оракула-зі-збереженням-свідків:#5398
tests/test_physical_t5_inprocess_protocol.py	foreign	міграція-інструмента-до-SENS-оракула-зі-збереженням-свідків:#5398
tests/test_plan_t5_agent_work.py	foreign	міграція-інструмента-до-SENS-оракула-зі-збереженням-свідків:#5398
tests/test_prove_lexical_locals.py	foreign	міграція-інструмента-до-SENS-оракула-зі-збереженням-свідків:#5398
tests/test_publish_verified_uk_triplets.py	foreign	міграція-інструмента-до-SENS-оракула-зі-збереженням-свідків:#5398
tests/test_readme_owner_contract.py	foreign	міграція-інструмента-до-SENS-оракула-зі-збереженням-свідків:#5398
tests/test_report_migration_git_delta.py	foreign	міграція-інструмента-до-SENS-оракула-зі-збереженням-свідків:#5398
tests/test_report_original_migration_candidates.py	foreign	міграція-інструмента-до-SENS-оракула-зі-збереженням-свідків:#5398
tests/test_report_t5_migration_progress.py	foreign	міграція-інструмента-до-SENS-оракула-зі-збереженням-свідків:#5398
tests/test_report_t5_triplet_inventory.py	foreign	міграція-інструмента-до-SENS-оракула-зі-збереженням-свідків:#5398
tests/test_research_d10_finite_temporal_closure.py	foreign	міграція-інструмента-до-SENS-оракула-зі-збереженням-свідків:#5398
tests/test_research_d10_first_order_lgg.py	foreign	міграція-інструмента-до-SENS-оракула-зі-збереженням-свідків:#5398
tests/test_sens_code_migration.py	foreign	міграція-інструмента-до-SENS-оракула-зі-збереженням-свідків:#5398
tests/test_sens_domain_spaces.py	foreign	міграція-інструмента-до-SENS-оракула-зі-збереженням-свідків:#5398
tests/test_sens_inventory_failclosed.py	foreign	міграція-інструмента-до-SENS-оракула-зі-збереженням-свідків:#5398
tests/test_sens_spaced_view.py	foreign	міграція-інструмента-до-SENS-оракула-зі-збереженням-свідків:#5398
tests/test_sens_t5_codec.py	foreign	міграція-інструмента-до-SENS-оракула-зі-збереженням-свідків:#5398
tests/test_sens_t5_spaced_view.py	foreign	міграція-інструмента-до-SENS-оракула-зі-збереженням-свідків:#5398
tests/test_t5_migrator_contract_guard.py	foreign	міграція-інструмента-до-SENS-оракула-зі-збереженням-свідків:#5398
tests/test_t5_triplet_crosscheck.py	foreign	міграція-інструмента-до-SENS-оракула-зі-збереженням-свідків:#5398
tests/test_three_pass_migration.py	foreign	міграція-інструмента-до-SENS-оракула-зі-збереженням-свідків:#5398
tests/test_triage_w8_legacy_successors.py	foreign	міграція-інструмента-до-SENS-оракула-зі-збереженням-свідків:#5398
tests/test_triple_projection_script_safety.py	foreign	міграція-інструмента-до-SENS-оракула-зі-збереженням-свідків:#5398
tests/test_ukr_acceptance_spaced_view.py	foreign	міграція-інструмента-до-SENS-оракула-зі-збереженням-свідків:#5398
tests/test_ukrainian_api_compat_coverage.py	foreign	міграція-інструмента-до-SENS-оракула-зі-збереженням-свідків:#5398
tests/test_verify_uk_t5_triplet.py	foreign	міграція-інструмента-до-SENS-оракула-зі-збереженням-свідків:#5398
tools/check_source_policy.py	foreign	міграція-до-фізичного-SENS-оракула-після-файлового-паритету:#5398
vendor/libc/etc/libc-util.py	foreign	міграція-інструмента-до-SENS-оракула-зі-збереженням-свідків:#5398
vendor/unicode-width-0.1.14/scripts/unicode.py	foreign	міграція-інструмента-до-SENS-оракула-зі-збереженням-свідків:#5398
vendor/unicode-width/scripts/unicode.py	foreign	міграція-інструмента-до-SENS-оракула-зі-збереженням-свідків:#5398
vendor/walkdir/compare/walk.py	foreign	міграція-інструмента-до-SENS-оракула-зі-збереженням-свідків:#5398
дослідження/рамка3/вичерпність12.py	foreign	міграція-інструмента-до-SENS-оракула-зі-збереженням-свідків:#5398
дослідження/рамка3/носій.py	foreign	міграція-інструмента-до-SENS-оракула-зі-збереженням-свідків:#5398
дослідження/рамка3/перевірка_носія.py	foreign	міграція-інструмента-до-SENS-оракула-зі-збереженням-свідків:#5398
